network,block,scenario,seed,controller,violation_rate,nonzero_rate,authorised_rate,severity,cost_eur,regret_eur,loss_mwh,model_feasible_rate
IEEE 33,2016-11-01 00:00:00,Bias,11,Agreement gate,0.0,0.2916666666666667,0.8472222222222222,0.0,6334.849381970234,1.6387799039310897,0.7009680800942749,1.0
IEEE 33,2016-11-01 00:00:00,Bias,11,Metadata gate,0.0,0.375,1.0,0.0,6283.495060352706,0.6080010013620956,0.7872066890591689,1.0
IEEE 33,2016-11-01 00:00:00,Bias,11,Trust gate,0.0,0.375,1.0,0.0,6283.495060352706,0.6080010013620956,0.7872066890591689,1.0
IEEE 33,2016-11-01 00:00:00,Bias,11,Ungated,0.0,0.375,1.0,0.0,6283.495060352706,0.6080010013620956,0.7872066890591689,1.0
IEEE 33,2016-11-01 00:00:00,Bias,29,Agreement gate,0.0,0.3055555555555556,0.8611111111111112,0.0,6322.409579549623,1.4660048703114947,0.7397894643154281,1.0
IEEE 33,2016-11-01 00:00:00,Bias,29,Metadata gate,0.0,0.375,1.0,0.0,6283.495060352706,0.6080010013620956,0.7872066890591689,1.0
IEEE 33,2016-11-01 00:00:00,Bias,29,Trust gate,0.0,0.375,1.0,0.0,6283.495060352706,0.6080010013620956,0.7872066890591689,1.0
IEEE 33,2016-11-01 00:00:00,Bias,29,Ungated,0.0,0.375,1.0,0.0,6283.495060352706,0.6080010013620956,0.7872066890591689,1.0
IEEE 33,2016-11-01 00:00:00,Bias,47,Agreement gate,0.0,0.2916666666666667,0.8472222222222222,0.0,6334.9130007873655,1.639663498613469,0.7018769204983745,1.0
IEEE 33,2016-11-01 00:00:00,Bias,47,Metadata gate,0.0,0.375,1.0,0.0,6283.495060352706,0.6080010013620956,0.7872066890591689,1.0
IEEE 33,2016-11-01 00:00:00,Bias,47,Trust gate,0.0,0.375,1.0,0.0,6283.495060352706,0.6080010013620956,0.7872066890591689,1.0
IEEE 33,2016-11-01 00:00:00,Bias,47,Ungated,0.0,0.375,1.0,0.0,6283.495060352706,0.6080010013620956,0.7872066890591689,1.0
IEEE 33,2016-11-01 00:00:00,Clean,11,Agreement gate,0.0,0.3472222222222222,1.0,0.0,6285.727158211275,0.20406254856529474,0.8190938011315477,1.0
IEEE 33,2016-11-01 00:00:00,Clean,11,Metadata gate,0.0,0.3472222222222222,1.0,0.0,6285.727158211275,0.20406254856529474,0.8190938011315477,1.0
IEEE 33,2016-11-01 00:00:00,Clean,11,Trust gate,0.0,0.3472222222222222,1.0,0.0,6285.727158211275,0.20406254856529474,0.8190938011315477,1.0
IEEE 33,2016-11-01 00:00:00,Clean,11,Ungated,0.0,0.3472222222222222,1.0,0.0,6285.727158211275,0.20406254856529474,0.8190938011315477,1.0
IEEE 33,2016-11-01 00:00:00,Clean,29,Agreement gate,0.0,0.3472222222222222,1.0,0.0,6285.727158211275,0.20406254856529474,0.8190938011315477,1.0
IEEE 33,2016-11-01 00:00:00,Clean,29,Metadata gate,0.0,0.3472222222222222,1.0,0.0,6285.727158211275,0.20406254856529474,0.8190938011315477,1.0
IEEE 33,2016-11-01 00:00:00,Clean,29,Trust gate,0.0,0.3472222222222222,1.0,0.0,6285.727158211275,0.20406254856529474,0.8190938011315477,1.0
IEEE 33,2016-11-01 00:00:00,Clean,29,Ungated,0.0,0.3472222222222222,1.0,0.0,6285.727158211275,0.20406254856529474,0.8190938011315477,1.0
IEEE 33,2016-11-01 00:00:00,Clean,47,Agreement gate,0.0,0.3472222222222222,1.0,0.0,6285.727158211275,0.20406254856529474,0.8190938011315477,1.0
IEEE 33,2016-11-01 00:00:00,Clean,47,Metadata gate,0.0,0.3472222222222222,1.0,0.0,6285.727158211275,0.20406254856529474,0.8190938011315477,1.0
IEEE 33,2016-11-01 00:00:00,Clean,47,Trust gate,0.0,0.3472222222222222,1.0,0.0,6285.727158211275,0.20406254856529474,0.8190938011315477,1.0
IEEE 33,2016-11-01 00:00:00,Clean,47,Ungated,0.0,0.3472222222222222,1.0,0.0,6285.727158211275,0.20406254856529474,0.8190938011315477,1.0
IEEE 33,2016-11-01 00:00:00,Delayed,11,Agreement gate,0.0,0.3472222222222222,0.7638888888888888,0.0,6304.314130190903,1.465500398594091,0.7948754065930455,1.0
IEEE 33,2016-11-01 00:00:00,Delayed,11,Metadata gate,0.0,0.0,0.0,0.0,6525.480371495036,17.834449559416797,0.39516423693929914,1.0
IEEE 33,2016-11-01 00:00:00,Delayed,11,Trust gate,0.0,0.4444444444444444,0.5555555555555556,0.0,6234.571098606166,8.436249086543402,0.48086690570631374,1.0
IEEE 33,2016-11-01 00:00:00,Delayed,11,Ungated,0.0,0.4027777777777778,1.0,0.0,6286.611804022442,0.34208223835384444,0.756834413793947,1.0
IEEE 33,2016-11-01 00:00:00,Delayed,29,Agreement gate,0.0,0.3472222222222222,0.7638888888888888,0.0,6304.142242254485,1.469547556434741,0.79372948703224,1.0
IEEE 33,2016-11-01 00:00:00,Delayed,29,Metadata gate,0.0,0.0,0.0,0.0,6525.480371495036,17.834449559416797,0.39516423693929914,1.0
IEEE 33,2016-11-01 00:00:00,Delayed,29,Trust gate,0.0,0.3333333333333333,0.4444444444444444,0.0,6355.121571854588,11.227398222670352,0.4460751024245245,1.0
IEEE 33,2016-11-01 00:00:00,Delayed,29,Ungated,0.0,0.4027777777777778,1.0,0.0,6286.611804022442,0.34208223835384444,0.756834413793947,1.0
IEEE 33,2016-11-01 00:00:00,Delayed,47,Agreement gate,0.0,0.3472222222222222,0.7222222222222222,0.0,6320.157072716798,2.048260340338161,0.7755434548091876,1.0
IEEE 33,2016-11-01 00:00:00,Delayed,47,Metadata gate,0.0,0.0,0.0,0.0,6525.480371495036,17.834449559416797,0.39516423693929914,1.0
IEEE 33,2016-11-01 00:00:00,Delayed,47,Trust gate,0.0,0.3194444444444444,0.4027777777777778,0.0,6356.100578713495,11.589730454077202,0.4528521603619096,1.0
IEEE 33,2016-11-01 00:00:00,Delayed,47,Ungated,0.0,0.4027777777777778,1.0,0.0,6286.611804022442,0.34208223835384444,0.756834413793947,1.0
IEEE 33,2016-11-01 00:00:00,Disturbance,11,Agreement gate,0.041666666666666664,0.3472222222222222,1.0,8.451128549818381e-05,7654.452463622891,0.33389043124319534,0.9834390932458184,1.0
IEEE 33,2016-11-01 00:00:00,Disturbance,11,Metadata gate,0.041666666666666664,0.3472222222222222,1.0,8.451128549818381e-05,7654.452463622891,0.33389043124319534,0.9834390932458184,1.0
IEEE 33,2016-11-01 00:00:00,Disturbance,11,Trust gate,0.041666666666666664,0.3472222222222222,1.0,8.451128549818381e-05,7654.452463622891,0.33389043124319534,0.9834390932458184,1.0
IEEE 33,2016-11-01 00:00:00,Disturbance,11,Ungated,0.041666666666666664,0.3472222222222222,1.0,8.451128549818381e-05,7654.452463622891,0.33389043124319534,0.9834390932458184,1.0
IEEE 33,2016-11-01 00:00:00,Disturbance,29,Agreement gate,0.041666666666666664,0.3472222222222222,1.0,8.451128549818381e-05,7654.452463622891,0.33389043124319534,0.9834390932458184,1.0
IEEE 33,2016-11-01 00:00:00,Disturbance,29,Metadata gate,0.041666666666666664,0.3472222222222222,1.0,8.451128549818381e-05,7654.452463622891,0.33389043124319534,0.9834390932458184,1.0
IEEE 33,2016-11-01 00:00:00,Disturbance,29,Trust gate,0.041666666666666664,0.3472222222222222,1.0,8.451128549818381e-05,7654.452463622891,0.33389043124319534,0.9834390932458184,1.0
IEEE 33,2016-11-01 00:00:00,Disturbance,29,Ungated,0.041666666666666664,0.3472222222222222,1.0,8.451128549818381e-05,7654.452463622891,0.33389043124319534,0.9834390932458184,1.0
IEEE 33,2016-11-01 00:00:00,Disturbance,47,Agreement gate,0.041666666666666664,0.3472222222222222,1.0,8.451128549818381e-05,7654.452463622891,0.33389043124319534,0.9834390932458184,1.0
IEEE 33,2016-11-01 00:00:00,Disturbance,47,Metadata gate,0.041666666666666664,0.3472222222222222,1.0,8.451128549818381e-05,7654.452463622891,0.33389043124319534,0.9834390932458184,1.0
IEEE 33,2016-11-01 00:00:00,Disturbance,47,Trust gate,0.041666666666666664,0.3472222222222222,1.0,8.451128549818381e-05,7654.452463622891,0.33389043124319534,0.9834390932458184,1.0
IEEE 33,2016-11-01 00:00:00,Disturbance,47,Ungated,0.041666666666666664,0.3472222222222222,1.0,8.451128549818381e-05,7654.452463622891,0.33389043124319534,0.9834390932458184,1.0
IEEE 33,2016-11-01 00:00:00,Missing,11,Agreement gate,0.0,0.3333333333333333,0.9861111111111112,0.0,6299.100304382994,0.38518261964506667,0.8352888900501001,1.0
IEEE 33,2016-11-01 00:00:00,Missing,11,Metadata gate,0.0,0.3333333333333333,0.8472222222222222,0.0,6299.1332455741285,0.711444984854438,0.8357575029332356,1.0
IEEE 33,2016-11-01 00:00:00,Missing,11,Trust gate,0.013888888888888888,0.4027777777777778,0.9583333333333334,2.7716922535463306e-06,6290.217699293354,1.1508440307378847,0.7965099447730621,1.0
IEEE 33,2016-11-01 00:00:00,Missing,11,Ungated,0.0,0.3472222222222222,1.0,0.0,6297.348636359436,0.3608538970956396,0.8236111032262579,1.0
IEEE 33,2016-11-01 00:00:00,Missing,29,Agreement gate,0.0,0.3472222222222222,0.9861111111111112,0.0,6284.967337791647,0.19506477580576487,0.8172743772849396,1.0
IEEE 33,2016-11-01 00:00:00,Missing,29,Metadata gate,0.0,0.2916666666666667,0.8611111111111112,0.0,6316.435862383354,1.6047283949986322,0.7762069435572083,1.0
IEEE 33,2016-11-01 00:00:00,Missing,29,Trust gate,0.0,0.3611111111111111,0.9444444444444444,0.0,6311.257790928683,1.5492600877203406,0.7260422268758177,1.0
IEEE 33,2016-11-01 00:00:00,Missing,29,Ungated,0.0,0.3472222222222222,1.0,0.0,6284.78792596332,0.19101765623257824,0.8160782984314278,1.0
IEEE 33,2016-11-01 00:00:00,Missing,47,Agreement gate,0.0,0.3472222222222222,1.0,0.0,6284.78792596332,0.19101765623257824,0.8160782984314278,1.0
IEEE 33,2016-11-01 00:00:00,Missing,47,Metadata gate,0.0,0.3472222222222222,0.875,0.0,6284.992207814167,0.3131533441892247,0.8174175336984517,1.0
IEEE 33,2016-11-01 00:00:00,Missing,47,Trust gate,0.0,0.375,1.0,0.0,6287.264006892071,0.2402074728057454,0.7963553050440328,1.0
IEEE 33,2016-11-01 00:00:00,Missing,47,Ungated,0.0,0.3472222222222222,1.0,0.0,6284.78792596332,0.19101765623257824,0.8160782984314278,1.0
IEEE 33,2016-11-01 00:00:00,Noisy,11,Agreement gate,0.0,0.2222222222222222,0.2916666666666667,0.0,6386.602420759636,8.388624586077803,0.5941883403174519,1.0
IEEE 33,2016-11-01 00:00:00,Noisy,11,Metadata gate,0.0,0.375,1.0,0.0,6317.733330133745,0.9770921940512304,0.7855465937642038,1.0
IEEE 33,2016-11-01 00:00:00,Noisy,11,Trust gate,0.0,0.5833333333333334,1.0,0.0,6304.975540682915,2.218675678637899,0.558970952821294,1.0
IEEE 33,2016-11-01 00:00:00,Noisy,11,Ungated,0.0,0.375,1.0,0.0,6317.733330133745,0.9770921940512304,0.7855465937642038,1.0
IEEE 33,2016-11-01 00:00:00,Noisy,29,Agreement gate,0.013888888888888888,0.20833333333333334,0.4305555555555556,2.7716922535463306e-06,6410.783164559436,4.503464000341974,0.6871647762422705,1.0
IEEE 33,2016-11-01 00:00:00,Noisy,29,Metadata gate,0.013888888888888888,0.3333333333333333,1.0,2.5016369309215542e-05,6312.027043841487,0.8975682975193694,0.8328509853401974,1.0
IEEE 33,2016-11-01 00:00:00,Noisy,29,Trust gate,0.0,0.5555555555555556,1.0,0.0,6332.486405881067,2.856210819409288,0.5601779314578036,1.0
IEEE 33,2016-11-01 00:00:00,Noisy,29,Ungated,0.013888888888888888,0.3333333333333333,1.0,2.5016369309215542e-05,6312.027043841487,0.8975682975193694,0.8328509853401974,1.0
IEEE 33,2016-11-01 00:00:00,Noisy,47,Agreement gate,0.0,0.2222222222222222,0.3194444444444444,0.0,6192.127579043008,5.855791779865788,0.6647314249691734,1.0
IEEE 33,2016-11-01 00:00:00,Noisy,47,Metadata gate,0.0,0.375,1.0,0.0,6309.086910533861,0.9749381827215361,0.7976121123785243,1.0
IEEE 33,2016-11-01 00:00:00,Noisy,47,Trust gate,0.0,0.5972222222222222,1.0,0.0,6324.671710773846,2.8844139954361214,0.5198991395332194,1.0
IEEE 33,2016-11-01 00:00:00,Noisy,47,Ungated,0.0,0.375,1.0,0.0,6309.086910533861,0.9749381827215361,0.7976121123785243,1.0
IEEE 33,2016-11-11 00:00:00,Bias,11,Agreement gate,0.0,0.2916666666666667,0.8472222222222222,0.0,5748.893146925878,1.760777969297134,0.6127498798963517,1.0
IEEE 33,2016-11-11 00:00:00,Bias,11,Metadata gate,0.0,0.4027777777777778,1.0,0.0,5694.443457463831,0.6857664153133874,0.7010782757589573,1.0
IEEE 33,2016-11-11 00:00:00,Bias,11,Trust gate,0.0,0.4027777777777778,1.0,0.0,5694.443457463831,0.6857664153133874,0.7010782757589573,1.0
IEEE 33,2016-11-11 00:00:00,Bias,11,Ungated,0.0,0.4027777777777778,1.0,0.0,5694.443457463831,0.6857664153133874,0.7010782757589573,1.0
IEEE 33,2016-11-11 00:00:00,Bias,29,Agreement gate,0.0,0.4027777777777778,0.9027777777777778,0.0,5694.476914532356,1.0060775145656553,0.7015562340466728,1.0
IEEE 33,2016-11-11 00:00:00,Bias,29,Metadata gate,0.0,0.4027777777777778,1.0,0.0,5694.443457463831,0.6857664153133874,0.7010782757589573,1.0
IEEE 33,2016-11-11 00:00:00,Bias,29,Trust gate,0.0,0.4027777777777778,1.0,0.0,5694.443457463831,0.6857664153133874,0.7010782757589573,1.0
IEEE 33,2016-11-11 00:00:00,Bias,29,Ungated,0.0,0.4027777777777778,1.0,0.0,5694.443457463831,0.6857664153133874,0.7010782757589573,1.0
IEEE 33,2016-11-11 00:00:00,Bias,47,Agreement gate,0.0,0.375,0.8888888888888888,0.0,5709.628581859696,1.2155028065226086,0.6771674549852422,1.0
IEEE 33,2016-11-11 00:00:00,Bias,47,Metadata gate,0.0,0.4027777777777778,1.0,0.0,5694.443457463831,0.6857664153133874,0.7010782757589573,1.0
IEEE 33,2016-11-11 00:00:00,Bias,47,Trust gate,0.0,0.4027777777777778,1.0,0.0,5694.443457463831,0.6857664153133874,0.7010782757589573,1.0
IEEE 33,2016-11-11 00:00:00,Bias,47,Ungated,0.0,0.4027777777777778,1.0,0.0,5694.443457463831,0.6857664153133874,0.7010782757589573,1.0
IEEE 33,2016-11-11 00:00:00,Clean,11,Agreement gate,0.0,0.4027777777777778,1.0,0.0,5694.443457463831,0.6857664153133874,0.7010782757589573,1.0
IEEE 33,2016-11-11 00:00:00,Clean,11,Metadata gate,0.0,0.4027777777777778,1.0,0.0,5694.443457463831,0.6857664153133874,0.7010782757589573,1.0
IEEE 33,2016-11-11 00:00:00,Clean,11,Trust gate,0.0,0.4027777777777778,1.0,0.0,5694.443457463831,0.6857664153133874,0.7010782757589573,1.0
IEEE 33,2016-11-11 00:00:00,Clean,11,Ungated,0.0,0.4027777777777778,1.0,0.0,5694.443457463831,0.6857664153133874,0.7010782757589573,1.0
IEEE 33,2016-11-11 00:00:00,Clean,29,Agreement gate,0.0,0.4027777777777778,1.0,0.0,5694.443457463831,0.6857664153133874,0.7010782757589573,1.0
IEEE 33,2016-11-11 00:00:00,Clean,29,Metadata gate,0.0,0.4027777777777778,1.0,0.0,5694.443457463831,0.6857664153133874,0.7010782757589573,1.0
IEEE 33,2016-11-11 00:00:00,Clean,29,Trust gate,0.0,0.4027777777777778,1.0,0.0,5694.443457463831,0.6857664153133874,0.7010782757589573,1.0
IEEE 33,2016-11-11 00:00:00,Clean,29,Ungated,0.0,0.4027777777777778,1.0,0.0,5694.443457463831,0.6857664153133874,0.7010782757589573,1.0
IEEE 33,2016-11-11 00:00:00,Clean,47,Agreement gate,0.0,0.4027777777777778,1.0,0.0,5694.443457463831,0.6857664153133874,0.7010782757589573,1.0
IEEE 33,2016-11-11 00:00:00,Clean,47,Metadata gate,0.0,0.4027777777777778,1.0,0.0,5694.443457463831,0.6857664153133874,0.7010782757589573,1.0
IEEE 33,2016-11-11 00:00:00,Clean,47,Trust gate,0.0,0.4027777777777778,1.0,0.0,5694.443457463831,0.6857664153133874,0.7010782757589573,1.0
IEEE 33,2016-11-11 00:00:00,Clean,47,Ungated,0.0,0.4027777777777778,1.0,0.0,5694.443457463831,0.6857664153133874,0.7010782757589573,1.0
IEEE 33,2016-11-11 00:00:00,Delayed,11,Agreement gate,0.0,0.3888888888888889,0.7777777777777778,0.0,5672.195035292723,1.537183678771455,0.6561139802691743,1.0
IEEE 33,2016-11-11 00:00:00,Delayed,11,Metadata gate,0.0,0.0,0.0,0.0,5922.868594201398,17.541749208825827,0.33361695931452856,1.0
IEEE 33,2016-11-11 00:00:00,Delayed,11,Trust gate,0.0,0.5694444444444444,0.8194444444444444,0.0,5713.227678251598,3.9607131647134284,0.42705935806967155,1.0
IEEE 33,2016-11-11 00:00:00,Delayed,11,Ungated,0.0,0.4166666666666667,1.0,0.0,5694.145446827948,0.9033502500814419,0.6817928359183553,1.0
IEEE 33,2016-11-11 00:00:00,Delayed,29,Agreement gate,0.0,0.4027777777777778,0.7638888888888888,0.0,5709.814095877174,1.466159892030102,0.6758113198561544,1.0
IEEE 33,2016-11-11 00:00:00,Delayed,29,Metadata gate,0.0,0.0,0.0,0.0,5922.868594201398,17.541749208825827,0.33361695931452856,1.0
IEEE 33,2016-11-11 00:00:00,Delayed,29,Trust gate,0.0,0.5555555555555556,0.7777777777777778,0.0,5748.270131281036,3.508347115717153,0.420589971832215,1.0
IEEE 33,2016-11-11 00:00:00,Delayed,29,Ungated,0.0,0.4166666666666667,1.0,0.0,5694.145446827948,0.9033502500814419,0.6817928359183553,1.0
IEEE 33,2016-11-11 00:00:00,Delayed,47,Agreement gate,0.0,0.4027777777777778,0.7777777777777778,0.0,5664.697196788443,1.6507351423594074,0.6674788550348908,1.0
IEEE 33,2016-11-11 00:00:00,Delayed,47,Metadata gate,0.0,0.0,0.0,0.0,5922.868594201398,17.541749208825827,0.33361695931452856,1.0
IEEE 33,2016-11-11 00:00:00,Delayed,47,Trust gate,0.0,0.5277777777777778,0.7916666666666666,0.0,5756.563118929012,3.623527499716814,0.4147545142809767,1.0
IEEE 33,2016-11-11 00:00:00,Delayed,47,Ungated,0.0,0.4166666666666667,1.0,0.0,5694.145446827948,0.9033502500814419,0.6817928359183553,1.0
IEEE 33,2016-11-11 00:00:00,Disturbance,11,Agreement gate,0.0,0.4027777777777778,1.0,0.0,6693.868151945617,0.5623772751137488,0.8243844958508456,1.0
IEEE 33,2016-11-11 00:00:00,Disturbance,11,Metadata gate,0.0,0.4027777777777778,1.0,0.0,6693.868151945617,0.5623772751137488,0.8243844958508456,1.0
IEEE 33,2016-11-11 00:00:00,Disturbance,11,Trust gate,0.0,0.4027777777777778,1.0,0.0,6693.868151945617,0.5623772751137488,0.8243844958508456,1.0
IEEE 33,2016-11-11 00:00:00,Disturbance,11,Ungated,0.0,0.4027777777777778,1.0,0.0,6693.868151945617,0.5623772751137488,0.8243844958508456,1.0
IEEE 33,2016-11-11 00:00:00,Disturbance,29,Agreement gate,0.0,0.4027777777777778,1.0,0.0,6693.868151945617,0.5623772751137488,0.8243844958508456,1.0
IEEE 33,2016-11-11 00:00:00,Disturbance,29,Metadata gate,0.0,0.4027777777777778,1.0,0.0,6693.868151945617,0.5623772751137488,0.8243844958508456,1.0
IEEE 33,2016-11-11 00:00:00,Disturbance,29,Trust gate,0.0,0.4027777777777778,1.0,0.0,6693.868151945617,0.5623772751137488,0.8243844958508456,1.0
IEEE 33,2016-11-11 00:00:00,Disturbance,29,Ungated,0.0,0.4027777777777778,1.0,0.0,6693.868151945617,0.5623772751137488,0.8243844958508456,1.0
IEEE 33,2016-11-11 00:00:00,Disturbance,47,Agreement gate,0.0,0.4027777777777778,1.0,0.0,6693.868151945617,0.5623772751137488,0.8243844958508456,1.0
IEEE 33,2016-11-11 00:00:00,Disturbance,47,Metadata gate,0.0,0.4027777777777778,1.0,0.0,6693.868151945617,0.5623772751137488,0.8243844958508456,1.0
IEEE 33,2016-11-11 00:00:00,Disturbance,47,Trust gate,0.0,0.4027777777777778,1.0,0.0,6693.868151945617,0.5623772751137488,0.8243844958508456,1.0
IEEE 33,2016-11-11 00:00:00,Disturbance,47,Ungated,0.0,0.4027777777777778,1.0,0.0,6693.868151945617,0.5623772751137488,0.8243844958508456,1.0
IEEE 33,2016-11-11 00:00:00,Missing,11,Agreement gate,0.0,0.4027777777777778,0.9861111111111112,0.0,5698.688620719784,0.9537180999275647,0.7051333536528113,1.0
IEEE 33,2016-11-11 00:00:00,Missing,11,Metadata gate,0.0,0.3611111111111111,0.8472222222222222,0.0,5712.043956315824,2.0021493101458363,0.6913296716538317,1.0
IEEE 33,2016-11-11 00:00:00,Missing,11,Trust gate,0.0,0.4305555555555556,0.9722222222222222,0.0,5711.504787758609,1.6769857988828891,0.6407675667576479,1.0
IEEE 33,2016-11-11 00:00:00,Missing,11,Ungated,0.0,0.4027777777777778,1.0,0.0,5698.688620719784,0.9537180999275647,0.7051333536528113,1.0
IEEE 33,2016-11-11 00:00:00,Missing,29,Agreement gate,0.0,0.4027777777777778,1.0,0.0,5694.443457463831,0.6857664153133874,0.7010782757589573,1.0
IEEE 33,2016-11-11 00:00:00,Missing,29,Metadata gate,0.0,0.4027777777777778,0.8888888888888888,0.0,5697.658621271606,1.3753886720884168,0.7040250126797444,1.0
IEEE 33,2016-11-11 00:00:00,Missing,29,Trust gate,0.0,0.4166666666666667,0.9861111111111112,0.0,5696.609531852735,1.0393577588519043,0.6890380209438851,1.0
IEEE 33,2016-11-11 00:00:00,Missing,29,Ungated,0.0,0.4027777777777778,1.0,0.0,5694.443457463831,0.6857664153133874,0.7010782757589573,1.0
IEEE 33,2016-11-11 00:00:00,Missing,47,Agreement gate,0.0,0.4027777777777778,0.9722222222222222,0.0,5682.8396239764625,0.528501515204715,0.6969368999299386,1.0
IEEE 33,2016-11-11 00:00:00,Missing,47,Metadata gate,0.0,0.3611111111111111,0.8333333333333334,0.0,5714.770984258262,1.6241702375086262,0.6628325503764418,1.0
IEEE 33,2016-11-11 00:00:00,Missing,47,Trust gate,0.0,0.3888888888888889,0.9722222222222222,0.0,5732.149200756016,1.6370252963242937,0.5935870868286683,1.0
IEEE 33,2016-11-11 00:00:00,Missing,47,Ungated,0.0,0.4027777777777778,1.0,0.0,5683.087651295466,0.5280468851972093,0.6985904220610791,1.0
IEEE 33,2016-11-11 00:00:00,Noisy,11,Agreement gate,0.013888888888888888,0.2361111111111111,0.2777777777777778,1.8179432979363124e-05,5771.983847030847,6.459961875214481,0.5699971202711313,1.0
IEEE 33,2016-11-11 00:00:00,Noisy,11,Metadata gate,0.013888888888888888,0.3611111111111111,1.0,1.1623386155105534e-05,5759.634635387004,1.4830762592257198,0.7778239626879505,1.0
IEEE 33,2016-11-11 00:00:00,Noisy,11,Trust gate,0.0,0.5833333333333334,1.0,0.0,5724.8859922224865,2.3346029180649768,0.4883735956648392,1.0
IEEE 33,2016-11-11 00:00:00,Noisy,11,Ungated,0.013888888888888888,0.3611111111111111,1.0,1.1623386155105534e-05,5759.634635387004,1.4830762592257198,0.7778239626879505,1.0
IEEE 33,2016-11-11 00:00:00,Noisy,29,Agreement gate,0.0,0.18055555555555555,0.3888888888888889,0.0,5814.438111889534,4.213033137287386,0.49115651379495057,1.0
IEEE 33,2016-11-11 00:00:00,Noisy,29,Metadata gate,0.041666666666666664,0.3888888888888889,1.0,5.3402602391605966e-05,5762.565369747262,1.4641096371920155,0.778433432356087,1.0
IEEE 33,2016-11-11 00:00:00,Noisy,29,Trust gate,0.0,0.5416666666666666,1.0,0.0,5730.203405588075,2.178897363345215,0.5026815638422817,1.0
IEEE 33,2016-11-11 00:00:00,Noisy,29,Ungated,0.041666666666666664,0.3888888888888889,1.0,5.3402602391605966e-05,5762.565369747262,1.4641096371920155,0.778433432356087,1.0
IEEE 33,2016-11-11 00:00:00,Noisy,47,Agreement gate,0.027777777777777776,0.2777777777777778,0.375,1.750748000811036e-05,5681.564655087339,5.1188927648585745,0.6055635570925249,1.0
IEEE 33,2016-11-11 00:00:00,Noisy,47,Metadata gate,0.027777777777777776,0.3611111111111111,1.0,1.750748000811036e-05,5779.036791879301,2.3200150883534456,0.7715795746517544,1.0
IEEE 33,2016-11-11 00:00:00,Noisy,47,Trust gate,0.0,0.5277777777777778,1.0,0.0,5733.822300845866,2.656277876573827,0.48148019416629206,1.0
IEEE 33,2016-11-11 00:00:00,Noisy,47,Ungated,0.027777777777777776,0.3611111111111111,1.0,1.750748000811036e-05,5779.036791879301,2.3200150883534456,0.7715795746517544,1.0
IEEE 33,2016-11-21 00:00:00,Bias,11,Agreement gate,0.013888888888888888,0.3472222222222222,0.9166666666666666,1.670271331367163e-05,7938.211103515393,0.5375394838537114,0.946892770387481,1.0
IEEE 33,2016-11-21 00:00:00,Bias,11,Metadata gate,0.013888888888888888,0.3472222222222222,1.0,1.670271331367163e-05,7938.211103515393,0.5375394838537114,0.946892770387481,1.0
IEEE 33,2016-11-21 00:00:00,Bias,11,Trust gate,0.013888888888888888,0.3472222222222222,1.0,1.670271331367163e-05,7938.211103515393,0.5375394838537114,0.946892770387481,1.0
IEEE 33,2016-11-21 00:00:00,Bias,11,Ungated,0.013888888888888888,0.3472222222222222,1.0,1.670271331367163e-05,7938.211103515393,0.5375394838537114,0.946892770387481,1.0
IEEE 33,2016-11-21 00:00:00,Bias,29,Agreement gate,0.013888888888888888,0.3472222222222222,0.9166666666666666,1.670271331367163e-05,7938.211103515393,0.5375394838537114,0.946892770387481,1.0
IEEE 33,2016-11-21 00:00:00,Bias,29,Metadata gate,0.013888888888888888,0.3472222222222222,1.0,1.670271331367163e-05,7938.211103515393,0.5375394838537114,0.946892770387481,1.0
IEEE 33,2016-11-21 00:00:00,Bias,29,Trust gate,0.013888888888888888,0.3472222222222222,1.0,1.670271331367163e-05,7938.211103515393,0.5375394838537114,0.946892770387481,1.0
IEEE 33,2016-11-21 00:00:00,Bias,29,Ungated,0.013888888888888888,0.3472222222222222,1.0,1.670271331367163e-05,7938.211103515393,0.5375394838537114,0.946892770387481,1.0
IEEE 33,2016-11-21 00:00:00,Bias,47,Agreement gate,0.013888888888888888,0.3472222222222222,0.9166666666666666,1.670271331367163e-05,7938.211103515393,0.5375394838537114,0.946892770387481,1.0
IEEE 33,2016-11-21 00:00:00,Bias,47,Metadata gate,0.013888888888888888,0.3472222222222222,1.0,1.670271331367163e-05,7938.211103515393,0.5375394838537114,0.946892770387481,1.0
IEEE 33,2016-11-21 00:00:00,Bias,47,Trust gate,0.013888888888888888,0.3472222222222222,1.0,1.670271331367163e-05,7938.211103515393,0.5375394838537114,0.946892770387481,1.0
IEEE 33,2016-11-21 00:00:00,Bias,47,Ungated,0.013888888888888888,0.3472222222222222,1.0,1.670271331367163e-05,7938.211103515393,0.5375394838537114,0.946892770387481,1.0
IEEE 33,2016-11-21 00:00:00,Clean,11,Agreement gate,0.013888888888888888,0.3472222222222222,1.0,1.670271331367163e-05,7938.211103515393,0.5375394838537114,0.946892770387481,1.0
IEEE 33,2016-11-21 00:00:00,Clean,11,Metadata gate,0.013888888888888888,0.3472222222222222,1.0,1.670271331367163e-05,7938.211103515393,0.5375394838537114,0.946892770387481,1.0
IEEE 33,2016-11-21 00:00:00,Clean,11,Trust gate,0.013888888888888888,0.3472222222222222,1.0,1.670271331367163e-05,7938.211103515393,0.5375394838537114,0.946892770387481,1.0
IEEE 33,2016-11-21 00:00:00,Clean,11,Ungated,0.013888888888888888,0.3472222222222222,1.0,1.670271331367163e-05,7938.211103515393,0.5375394838537114,0.946892770387481,1.0
IEEE 33,2016-11-21 00:00:00,Clean,29,Agreement gate,0.013888888888888888,0.3472222222222222,1.0,1.670271331367163e-05,7938.211103515393,0.5375394838537114,0.946892770387481,1.0
IEEE 33,2016-11-21 00:00:00,Clean,29,Metadata gate,0.013888888888888888,0.3472222222222222,1.0,1.670271331367163e-05,7938.211103515393,0.5375394838537114,0.946892770387481,1.0
IEEE 33,2016-11-21 00:00:00,Clean,29,Trust gate,0.013888888888888888,0.3472222222222222,1.0,1.670271331367163e-05,7938.211103515393,0.5375394838537114,0.946892770387481,1.0
IEEE 33,2016-11-21 00:00:00,Clean,29,Ungated,0.013888888888888888,0.3472222222222222,1.0,1.670271331367163e-05,7938.211103515393,0.5375394838537114,0.946892770387481,1.0
IEEE 33,2016-11-21 00:00:00,Clean,47,Agreement gate,0.013888888888888888,0.3472222222222222,1.0,1.670271331367163e-05,7938.211103515393,0.5375394838537114,0.946892770387481,1.0
IEEE 33,2016-11-21 00:00:00,Clean,47,Metadata gate,0.013888888888888888,0.3472222222222222,1.0,1.670271331367163e-05,7938.211103515393,0.5375394838537114,0.946892770387481,1.0
IEEE 33,2016-11-21 00:00:00,Clean,47,Trust gate,0.013888888888888888,0.3472222222222222,1.0,1.670271331367163e-05,7938.211103515393,0.5375394838537114,0.946892770387481,1.0
IEEE 33,2016-11-21 00:00:00,Clean,47,Ungated,0.013888888888888888,0.3472222222222222,1.0,1.670271331367163e-05,7938.211103515393,0.5375394838537114,0.946892770387481,1.0
IEEE 33,2016-11-21 00:00:00,Delayed,11,Agreement gate,0.0,0.3333333333333333,0.6527777777777778,0.0,7963.74797707658,1.4062105662419853,0.9823054234214138,1.0
IEEE 33,2016-11-21 00:00:00,Delayed,11,Metadata gate,0.0,0.0,0.0,0.0,8172.124256444016,18.556948394362824,0.5608527406022343,1.0
IEEE 33,2016-11-21 00:00:00,Delayed,11,Trust gate,0.0,0.2638888888888889,0.3333333333333333,0.0,8057.882190090622,12.188147799682248,0.5977557025928631,1.0
IEEE 33,2016-11-21 00:00:00,Delayed,11,Ungated,0.0,0.3888888888888889,1.0,0.0,7930.269967548602,0.34252526962387175,0.8937293859874913,1.0
IEEE 33,2016-11-21 00:00:00,Delayed,29,Agreement gate,0.0,0.3611111111111111,0.6805555555555556,0.0,7871.313682763428,0.9740301188074424,0.9610029353510124,1.0
IEEE 33,2016-11-21 00:00:00,Delayed,29,Metadata gate,0.0,0.0,0.0,0.0,8172.124256444016,18.556948394362824,0.5608527406022343,1.0
IEEE 33,2016-11-21 00:00:00,Delayed,29,Trust gate,0.0,0.3472222222222222,0.4305555555555556,0.0,7935.913589707394,9.146448204852797,0.6235560112299605,1.0
IEEE 33,2016-11-21 00:00:00,Delayed,29,Ungated,0.0,0.3888888888888889,1.0,0.0,7930.269967548602,0.34252526962387175,0.8937293859874913,1.0
IEEE 33,2016-11-21 00:00:00,Delayed,47,Agreement gate,0.0,0.3472222222222222,0.7083333333333334,0.0,7947.722504927081,1.2007626862627192,0.9468689003380338,1.0
IEEE 33,2016-11-21 00:00:00,Delayed,47,Metadata gate,0.0,0.0,0.0,0.0,8172.124256444016,18.556948394362824,0.5608527406022343,1.0
IEEE 33,2016-11-21 00:00:00,Delayed,47,Trust gate,0.0,0.3194444444444444,0.3611111111111111,0.0,7982.63541931742,11.744828312764893,0.6100293183735797,1.0
IEEE 33,2016-11-21 00:00:00,Delayed,47,Ungated,0.0,0.3888888888888889,1.0,0.0,7930.269967548602,0.34252526962387175,0.8937293859874913,1.0
IEEE 33,2016-11-21 00:00:00,Disturbance,11,Agreement gate,0.013888888888888888,0.3472222222222222,1.0,7.378629009913151e-05,9000.108889468202,0.40433109046137417,1.1014266134367967,1.0
IEEE 33,2016-11-21 00:00:00,Disturbance,11,Metadata gate,0.013888888888888888,0.3472222222222222,1.0,7.378629009913151e-05,9000.108889468202,0.40433109046137417,1.1014266134367967,1.0
IEEE 33,2016-11-21 00:00:00,Disturbance,11,Trust gate,0.013888888888888888,0.3472222222222222,1.0,7.378629009913151e-05,9000.108889468202,0.40433109046137417,1.1014266134367967,1.0
IEEE 33,2016-11-21 00:00:00,Disturbance,11,Ungated,0.013888888888888888,0.3472222222222222,1.0,7.378629009913151e-05,9000.108889468202,0.40433109046137417,1.1014266134367967,1.0
IEEE 33,2016-11-21 00:00:00,Disturbance,29,Agreement gate,0.013888888888888888,0.3472222222222222,1.0,7.378629009913151e-05,9000.108889468202,0.40433109046137417,1.1014266134367967,1.0
IEEE 33,2016-11-21 00:00:00,Disturbance,29,Metadata gate,0.013888888888888888,0.3472222222222222,1.0,7.378629009913151e-05,9000.108889468202,0.40433109046137417,1.1014266134367967,1.0
IEEE 33,2016-11-21 00:00:00,Disturbance,29,Trust gate,0.013888888888888888,0.3472222222222222,1.0,7.378629009913151e-05,9000.108889468202,0.40433109046137417,1.1014266134367967,1.0
IEEE 33,2016-11-21 00:00:00,Disturbance,29,Ungated,0.013888888888888888,0.3472222222222222,1.0,7.378629009913151e-05,9000.108889468202,0.40433109046137417,1.1014266134367967,1.0
IEEE 33,2016-11-21 00:00:00,Disturbance,47,Agreement gate,0.013888888888888888,0.3472222222222222,1.0,7.378629009913151e-05,9000.108889468202,0.40433109046137417,1.1014266134367967,1.0
IEEE 33,2016-11-21 00:00:00,Disturbance,47,Metadata gate,0.013888888888888888,0.3472222222222222,1.0,7.378629009913151e-05,9000.108889468202,0.40433109046137417,1.1014266134367967,1.0
IEEE 33,2016-11-21 00:00:00,Disturbance,47,Trust gate,0.013888888888888888,0.3472222222222222,1.0,7.378629009913151e-05,9000.108889468202,0.40433109046137417,1.1014266134367967,1.0
IEEE 33,2016-11-21 00:00:00,Disturbance,47,Ungated,0.013888888888888888,0.3472222222222222,1.0,7.378629009913151e-05,9000.108889468202,0.40433109046137417,1.1014266134367967,1.0
IEEE 33,2016-11-21 00:00:00,Missing,11,Agreement gate,0.013888888888888888,0.3611111111111111,1.0,1.670271331367163e-05,7936.103473834586,0.51477265538476,0.9328419057754356,1.0
IEEE 33,2016-11-21 00:00:00,Missing,11,Metadata gate,0.013888888888888888,0.3333333333333333,0.8472222222222222,1.670271331367163e-05,7953.99130252672,1.2044745162921002,0.9302761008723113,1.0
IEEE 33,2016-11-21 00:00:00,Missing,11,Trust gate,0.013888888888888888,0.375,0.9722222222222222,1.670271331367163e-05,7942.908967325303,0.9363214732080094,0.9140390645667438,1.0
IEEE 33,2016-11-21 00:00:00,Missing,11,Ungated,0.013888888888888888,0.3611111111111111,1.0,1.670271331367163e-05,7936.103473834586,0.51477265538476,0.9328419057754356,1.0
IEEE 33,2016-11-21 00:00:00,Missing,29,Agreement gate,0.0,0.3611111111111111,1.0,0.0,7936.421234753219,0.5183957063386411,0.9314717639744816,1.0
IEEE 33,2016-11-21 00:00:00,Missing,29,Metadata gate,0.0,0.3333333333333333,0.8472222222222222,0.0,7953.731370110651,1.4260779038236808,0.9264511801142452,1.0
IEEE 33,2016-11-21 00:00:00,Missing,29,Trust gate,0.0,0.4166666666666667,1.0,0.0,7933.856752326737,0.9338445953985709,0.912278069065924,1.0
IEEE 33,2016-11-21 00:00:00,Missing,29,Ungated,0.0,0.3611111111111111,1.0,0.0,7936.421234753219,0.5183957063386411,0.9314717639744816,1.0
IEEE 33,2016-11-21 00:00:00,Missing,47,Agreement gate,0.013888888888888888,0.3472222222222222,0.9722222222222222,1.670271331367163e-05,7938.7272228441725,0.5578166335141994,0.9503335659079324,1.0
IEEE 33,2016-11-21 00:00:00,Missing,47,Metadata gate,0.013888888888888888,0.3472222222222222,0.9027777777777778,1.670271331367163e-05,7939.267447237557,1.003186039509575,0.9580510583365629,1.0
IEEE 33,2016-11-21 00:00:00,Missing,47,Trust gate,0.013888888888888888,0.3888888888888889,0.9861111111111112,1.670271331367163e-05,7943.918880345581,0.7461106229653066,0.9198939292813404,1.0
IEEE 33,2016-11-21 00:00:00,Missing,47,Ungated,0.013888888888888888,0.3472222222222222,1.0,1.670271331367163e-05,7938.211103515393,0.5375394838537114,0.946892770387481,1.0
IEEE 33,2016-11-21 00:00:00,Noisy,11,Agreement gate,0.027777777777777776,0.18055555555555555,0.4305555555555556,2.2723132138649516e-05,8055.715052606289,3.2460829526192874,0.8085497442339434,1.0
IEEE 33,2016-11-21 00:00:00,Noisy,11,Metadata gate,0.05555555555555555,0.3333333333333333,1.0,7.375285389466585e-05,7930.505789651257,0.3148458231796472,0.9784151540127707,1.0
IEEE 33,2016-11-21 00:00:00,Noisy,11,Trust gate,0.0,0.5,0.9861111111111112,0.0,7989.911870480959,2.280062837168119,0.7015204430220062,1.0
IEEE 33,2016-11-21 00:00:00,Noisy,11,Ungated,0.05555555555555555,0.3333333333333333,1.0,7.375285389466585e-05,7930.505789651257,0.3148458231796472,0.9784151540127707,1.0
IEEE 33,2016-11-21 00:00:00,Noisy,29,Agreement gate,0.013888888888888888,0.25,0.3611111111111111,1.9576880075447248e-05,7866.906081636304,3.246337936650871,0.8689805930056114,1.0
IEEE 33,2016-11-21 00:00:00,Noisy,29,Metadata gate,0.041666666666666664,0.3472222222222222,1.0,6.640723834438416e-05,7929.116006350256,0.2974245013080775,0.9689956922835623,1.0
IEEE 33,2016-11-21 00:00:00,Noisy,29,Trust gate,0.0,0.5416666666666666,1.0,0.0,7978.115076462844,1.8150867492302103,0.6902184031672206,1.0
IEEE 33,2016-11-21 00:00:00,Noisy,29,Ungated,0.041666666666666664,0.3472222222222222,1.0,6.640723834438416e-05,7929.116006350256,0.2974245013080775,0.9689956922835623,1.0
IEEE 33,2016-11-21 00:00:00,Noisy,47,Agreement gate,0.0,0.09722222222222222,0.3333333333333333,0.0,8127.9895256108875,4.344353335872882,0.6576213552340815,1.0
IEEE 33,2016-11-21 00:00:00,Noisy,47,Metadata gate,0.05555555555555555,0.3333333333333333,1.0,5.720832610110903e-05,7938.100084029567,0.20231921876629144,0.9732508089856199,1.0
IEEE 33,2016-11-21 00:00:00,Noisy,47,Trust gate,0.0,0.5555555555555556,0.9583333333333334,0.0,7981.329431247007,2.4196042576141132,0.6784581491841423,1.0
IEEE 33,2016-11-21 00:00:00,Noisy,47,Ungated,0.05555555555555555,0.3333333333333333,1.0,5.720832610110903e-05,7938.100084029567,0.20231921876629144,0.9732508089856199,1.0
IEEE 33,2016-12-01 00:00:00,Bias,11,Agreement gate,0.0,0.3472222222222222,0.8333333333333334,0.0,4565.9727716330835,3.177766077741805,0.6651931705732792,1.0
IEEE 33,2016-12-01 00:00:00,Bias,11,Metadata gate,0.0,0.4444444444444444,1.0,0.0,4507.601292629294,0.7706137952706683,0.7064459785896505,1.0
IEEE 33,2016-12-01 00:00:00,Bias,11,Trust gate,0.0,0.4861111111111111,1.0,0.0,4495.984550693296,1.6720659842039627,0.6822070521805373,1.0
IEEE 33,2016-12-01 00:00:00,Bias,11,Ungated,0.0,0.4444444444444444,1.0,0.0,4507.601292629294,0.7706137952706683,0.7064459785896505,1.0
IEEE 33,2016-12-01 00:00:00,Bias,29,Agreement gate,0.0,0.3472222222222222,0.8333333333333334,0.0,4565.9727716330835,3.177766077741805,0.6651931705732792,1.0
IEEE 33,2016-12-01 00:00:00,Bias,29,Metadata gate,0.0,0.4444444444444444,1.0,0.0,4507.601292629294,0.7706137952706683,0.7064459785896505,1.0
IEEE 33,2016-12-01 00:00:00,Bias,29,Trust gate,0.0,0.5,1.0,0.0,4486.375815698664,1.795838322472211,0.6787803853244014,1.0
IEEE 33,2016-12-01 00:00:00,Bias,29,Ungated,0.0,0.4444444444444444,1.0,0.0,4507.601292629294,0.7706137952706683,0.7064459785896505,1.0
IEEE 33,2016-12-01 00:00:00,Bias,47,Agreement gate,0.0,0.3472222222222222,0.8333333333333334,0.0,4565.9727716330835,3.177766077741805,0.6651931705732792,1.0
IEEE 33,2016-12-01 00:00:00,Bias,47,Metadata gate,0.0,0.4444444444444444,1.0,0.0,4507.601292629294,0.7706137952706683,0.7064459785896505,1.0
IEEE 33,2016-12-01 00:00:00,Bias,47,Trust gate,0.0,0.4861111111111111,1.0,0.0,4495.984550693296,1.6720659842039627,0.6822070521805373,1.0
IEEE 33,2016-12-01 00:00:00,Bias,47,Ungated,0.0,0.4444444444444444,1.0,0.0,4507.601292629294,0.7706137952706683,0.7064459785896505,1.0
IEEE 33,2016-12-01 00:00:00,Clean,11,Agreement gate,0.0,0.4305555555555556,1.0,0.0,4514.813828805335,0.5666966323635807,0.7247987967876414,1.0
IEEE 33,2016-12-01 00:00:00,Clean,11,Metadata gate,0.0,0.4305555555555556,1.0,0.0,4514.813828805335,0.5666966323635807,0.7247987967876414,1.0
IEEE 33,2016-12-01 00:00:00,Clean,11,Trust gate,0.0,0.4305555555555556,1.0,0.0,4514.813828805335,0.5666966323635807,0.7247987967876414,1.0
IEEE 33,2016-12-01 00:00:00,Clean,11,Ungated,0.0,0.4305555555555556,1.0,0.0,4514.813828805335,0.5666966323635807,0.7247987967876414,1.0
IEEE 33,2016-12-01 00:00:00,Clean,29,Agreement gate,0.0,0.4305555555555556,1.0,0.0,4514.813828805335,0.5666966323635807,0.7247987967876414,1.0
IEEE 33,2016-12-01 00:00:00,Clean,29,Metadata gate,0.0,0.4305555555555556,1.0,0.0,4514.813828805335,0.5666966323635807,0.7247987967876414,1.0
IEEE 33,2016-12-01 00:00:00,Clean,29,Trust gate,0.0,0.4305555555555556,1.0,0.0,4514.813828805335,0.5666966323635807,0.7247987967876414,1.0
IEEE 33,2016-12-01 00:00:00,Clean,29,Ungated,0.0,0.4305555555555556,1.0,0.0,4514.813828805335,0.5666966323635807,0.7247987967876414,1.0
IEEE 33,2016-12-01 00:00:00,Clean,47,Agreement gate,0.0,0.4305555555555556,1.0,0.0,4514.813828805335,0.5666966323635807,0.7247987967876414,1.0
IEEE 33,2016-12-01 00:00:00,Clean,47,Metadata gate,0.0,0.4305555555555556,1.0,0.0,4514.813828805335,0.5666966323635807,0.7247987967876414,1.0
IEEE 33,2016-12-01 00:00:00,Clean,47,Trust gate,0.0,0.4305555555555556,1.0,0.0,4514.813828805335,0.5666966323635807,0.7247987967876414,1.0
IEEE 33,2016-12-01 00:00:00,Clean,47,Ungated,0.0,0.4305555555555556,1.0,0.0,4514.813828805335,0.5666966323635807,0.7247987967876414,1.0
IEEE 33,2016-12-01 00:00:00,Delayed,11,Agreement gate,0.0,0.3194444444444444,0.4583333333333333,0.0,4371.426730904249,6.703027470488203,0.722239631755297,1.0
IEEE 33,2016-12-01 00:00:00,Delayed,11,Metadata gate,0.0,0.0,0.0,0.0,4782.715758188536,18.530428750760354,0.4398869224948985,1.0
IEEE 33,2016-12-01 00:00:00,Delayed,11,Trust gate,0.0,0.027777777777777776,0.027777777777777776,0.0,4740.762008850258,15.418791526533836,0.44007263394203605,1.0
IEEE 33,2016-12-01 00:00:00,Delayed,11,Ungated,0.0,0.4444444444444444,1.0,0.0,4419.719543694887,0.6815698283034374,0.6748872844139623,1.0
IEEE 33,2016-12-01 00:00:00,Delayed,29,Agreement gate,0.0,0.3333333333333333,0.5,0.0,4324.497619627532,4.795343549264891,0.7376746168353842,1.0
IEEE 33,2016-12-01 00:00:00,Delayed,29,Metadata gate,0.0,0.0,0.0,0.0,4782.715758188536,18.530428750760354,0.4398869224948985,1.0
IEEE 33,2016-12-01 00:00:00,Delayed,29,Trust gate,0.0,0.013888888888888888,0.013888888888888888,0.0,4758.391325890773,17.684345426074934,0.4403331507445801,1.0
IEEE 33,2016-12-01 00:00:00,Delayed,29,Ungated,0.0,0.4444444444444444,1.0,0.0,4419.719543694887,0.6815698283034374,0.6748872844139623,1.0
IEEE 33,2016-12-01 00:00:00,Delayed,47,Agreement gate,0.0,0.3055555555555556,0.4861111111111111,0.0,4399.449184586751,4.942371916348929,0.768802463783568,1.0
IEEE 33,2016-12-01 00:00:00,Delayed,47,Metadata gate,0.0,0.0,0.0,0.0,4782.715758188536,18.530428750760354,0.4398869224948985,1.0
IEEE 33,2016-12-01 00:00:00,Delayed,47,Trust gate,0.0,0.027777777777777776,0.027777777777777776,0.0,4740.762008850258,15.418791526533836,0.44007263394203605,1.0
IEEE 33,2016-12-01 00:00:00,Delayed,47,Ungated,0.0,0.4444444444444444,1.0,0.0,4419.719543694887,0.6815698283034374,0.6748872844139623,1.0
IEEE 33,2016-12-01 00:00:00,Disturbance,11,Agreement gate,0.0,0.4027777777777778,1.0,0.0,6296.773980621179,0.6589857841190034,0.9014623472446012,1.0
IEEE 33,2016-12-01 00:00:00,Disturbance,11,Metadata gate,0.0,0.4027777777777778,1.0,0.0,6296.773980621179,0.6589857841190034,0.9014623472446012,1.0
IEEE 33,2016-12-01 00:00:00,Disturbance,11,Trust gate,0.0,0.4027777777777778,1.0,0.0,6296.773980621179,0.6589857841190034,0.9014623472446012,1.0
IEEE 33,2016-12-01 00:00:00,Disturbance,11,Ungated,0.0,0.4027777777777778,1.0,0.0,6296.773980621179,0.6589857841190034,0.9014623472446012,1.0
IEEE 33,2016-12-01 00:00:00,Disturbance,29,Agreement gate,0.0,0.4027777777777778,1.0,0.0,6296.773980621179,0.6589857841190034,0.9014623472446012,1.0
IEEE 33,2016-12-01 00:00:00,Disturbance,29,Metadata gate,0.0,0.4027777777777778,1.0,0.0,6296.773980621179,0.6589857841190034,0.9014623472446012,1.0
IEEE 33,2016-12-01 00:00:00,Disturbance,29,Trust gate,0.0,0.4027777777777778,1.0,0.0,6296.773980621179,0.6589857841190034,0.9014623472446012,1.0
IEEE 33,2016-12-01 00:00:00,Disturbance,29,Ungated,0.0,0.4027777777777778,1.0,0.0,6296.773980621179,0.6589857841190034,0.9014623472446012,1.0
IEEE 33,2016-12-01 00:00:00,Disturbance,47,Agreement gate,0.0,0.4027777777777778,1.0,0.0,6296.773980621179,0.6589857841190034,0.9014623472446012,1.0
IEEE 33,2016-12-01 00:00:00,Disturbance,47,Metadata gate,0.0,0.4027777777777778,1.0,0.0,6296.773980621179,0.6589857841190034,0.9014623472446012,1.0
IEEE 33,2016-12-01 00:00:00,Disturbance,47,Trust gate,0.0,0.4166666666666667,1.0,0.0,6288.226787609767,1.0798375511897378,0.8788333193328641,1.0
IEEE 33,2016-12-01 00:00:00,Disturbance,47,Ungated,0.0,0.4027777777777778,1.0,0.0,6296.773980621179,0.6589857841190034,0.9014623472446012,1.0
IEEE 33,2016-12-01 00:00:00,Missing,11,Agreement gate,0.0,0.4305555555555556,1.0,0.0,4514.813828805335,0.5666966323635807,0.7247987967876414,1.0
IEEE 33,2016-12-01 00:00:00,Missing,11,Metadata gate,0.0,0.4305555555555556,0.9027777777777778,0.0,4495.109097785228,0.9432363506515204,0.7206575784101394,1.0
IEEE 33,2016-12-01 00:00:00,Missing,11,Trust gate,0.0,0.4861111111111111,1.0,0.0,4487.307158776743,1.2046359220318568,0.688570924196893,1.0
IEEE 33,2016-12-01 00:00:00,Missing,11,Ungated,0.0,0.4305555555555556,1.0,0.0,4514.813828805335,0.5666966323635807,0.7247987967876414,1.0
IEEE 33,2016-12-01 00:00:00,Missing,29,Agreement gate,0.0,0.4305555555555556,0.9722222222222222,0.0,4478.31882183367,0.563451748757883,0.7190868621075887,1.0
IEEE 33,2016-12-01 00:00:00,Missing,29,Metadata gate,0.0,0.4305555555555556,0.9305555555555556,0.0,4477.483531715128,0.9424004590720306,0.7177913535601201,1.0
IEEE 33,2016-12-01 00:00:00,Missing,29,Trust gate,0.0,0.5,1.0,0.0,4474.646980584825,0.6995705165050009,0.6834391241594999,1.0
IEEE 33,2016-12-01 00:00:00,Missing,29,Ungated,0.0,0.4444444444444444,1.0,0.0,4495.748299614447,0.5589483443249349,0.7181133359191333,1.0
IEEE 33,2016-12-01 00:00:00,Missing,47,Agreement gate,0.0,0.4305555555555556,0.9861111111111112,0.0,4496.132971646147,0.5642910114318792,0.720677815942154,1.0
IEEE 33,2016-12-01 00:00:00,Missing,47,Metadata gate,0.0,0.4305555555555556,0.9027777777777778,0.0,4495.139328421958,0.9410403730564876,0.7194368132124649,1.0
IEEE 33,2016-12-01 00:00:00,Missing,47,Trust gate,0.0,0.4583333333333333,1.0,0.0,4483.48821637164,0.5597564855137165,0.6949420135468775,1.0
IEEE 33,2016-12-01 00:00:00,Missing,47,Ungated,0.0,0.4305555555555556,1.0,0.0,4527.719560161812,0.7459429012035419,0.7273319931697213,1.0
IEEE 33,2016-12-01 00:00:00,Noisy,11,Agreement gate,0.0,0.19444444444444445,0.2916666666666667,0.0,4491.328868813498,12.136460789786186,0.6270912744873511,1.0
IEEE 33,2016-12-01 00:00:00,Noisy,11,Metadata gate,0.013888888888888888,0.4166666666666667,1.0,7.309698751626102e-05,4498.8462949401055,1.001479809313176,0.7277490382046453,1.0
IEEE 33,2016-12-01 00:00:00,Noisy,11,Trust gate,0.0,0.6805555555555556,1.0,0.0,4371.12713262268,4.690083477659703,0.49306043313060893,1.0
IEEE 33,2016-12-01 00:00:00,Noisy,11,Ungated,0.013888888888888888,0.4166666666666667,1.0,7.309698751626102e-05,4498.8462949401055,1.001479809313176,0.7277490382046453,1.0
IEEE 33,2016-12-01 00:00:00,Noisy,29,Agreement gate,0.0,0.19444444444444445,0.375,0.0,4660.382038578142,6.222243704270986,0.554146046131091,1.0
IEEE 33,2016-12-01 00:00:00,Noisy,29,Metadata gate,0.0,0.4444444444444444,1.0,0.0,4548.1121279934805,1.5848288050830621,0.7187314327889837,1.0
IEEE 33,2016-12-01 00:00:00,Noisy,29,Trust gate,0.0,0.6944444444444444,1.0,0.0,4406.2567763064335,4.6807161469021095,0.49373451854580297,1.0
IEEE 33,2016-12-01 00:00:00,Noisy,29,Ungated,0.0,0.4444444444444444,1.0,0.0,4548.1121279934805,1.5848288050830621,0.7187314327889837,1.0
IEEE 33,2016-12-01 00:00:00,Noisy,47,Agreement gate,0.0,0.19444444444444445,0.3055555555555556,0.0,4542.126880494544,7.517848594652758,0.6268957036735884,1.0
IEEE 33,2016-12-01 00:00:00,Noisy,47,Metadata gate,0.013888888888888888,0.375,1.0,7.309698751626102e-05,4492.213720011733,1.0402880705104693,0.7610174258986514,1.0
IEEE 33,2016-12-01 00:00:00,Noisy,47,Trust gate,0.0,0.6666666666666666,1.0,0.0,4390.714392762947,5.12436792171219,0.4922658488078405,1.0
IEEE 33,2016-12-01 00:00:00,Noisy,47,Ungated,0.013888888888888888,0.375,1.0,7.309698751626102e-05,4492.213720011733,1.0402880705104693,0.7610174258986514,1.0
IEEE 33,2016-12-11 00:00:00,Bias,11,Agreement gate,0.0,0.3194444444444444,0.8333333333333334,0.0,1830.8375540987786,3.0521430920378156,0.582645765204866,1.0
IEEE 33,2016-12-11 00:00:00,Bias,11,Metadata gate,0.0,0.375,1.0,0.0,1832.3555753480875,1.457834247268482,0.6685915995807399,1.0
IEEE 33,2016-12-11 00:00:00,Bias,11,Trust gate,0.0,0.4305555555555556,1.0,0.0,1795.2428016538017,1.4337618097073486,0.629955634697285,1.0
IEEE 33,2016-12-11 00:00:00,Bias,11,Ungated,0.0,0.375,1.0,0.0,1832.3555753480875,1.457834247268482,0.6685915995807399,1.0
IEEE 33,2016-12-11 00:00:00,Bias,29,Agreement gate,0.0,0.3194444444444444,0.8333333333333334,0.0,1830.8375540987786,3.0521430920378156,0.582645765204866,1.0
IEEE 33,2016-12-11 00:00:00,Bias,29,Metadata gate,0.0,0.375,1.0,0.0,1832.3555753480875,1.457834247268482,0.6685915995807399,1.0
IEEE 33,2016-12-11 00:00:00,Bias,29,Trust gate,0.0,0.4305555555555556,1.0,0.0,1797.2559011290339,1.3501603620091729,0.638568785855626,1.0
IEEE 33,2016-12-11 00:00:00,Bias,29,Ungated,0.0,0.375,1.0,0.0,1832.3555753480875,1.457834247268482,0.6685915995807399,1.0
IEEE 33,2016-12-11 00:00:00,Bias,47,Agreement gate,0.0,0.3194444444444444,0.8333333333333334,0.0,1830.8375540987786,3.0521430920378156,0.582645765204866,1.0
IEEE 33,2016-12-11 00:00:00,Bias,47,Metadata gate,0.0,0.375,1.0,0.0,1832.3555753480875,1.457834247268482,0.6685915995807399,1.0
IEEE 33,2016-12-11 00:00:00,Bias,47,Trust gate,0.0,0.4305555555555556,1.0,0.0,1795.2428016538017,1.4337618097073486,0.629955634697285,1.0
IEEE 33,2016-12-11 00:00:00,Bias,47,Ungated,0.0,0.375,1.0,0.0,1832.3555753480875,1.457834247268482,0.6685915995807399,1.0
IEEE 33,2016-12-11 00:00:00,Clean,11,Agreement gate,0.0,0.4027777777777778,1.0,0.0,1785.728322869588,1.047173178946427,0.6306947774364353,1.0
IEEE 33,2016-12-11 00:00:00,Clean,11,Metadata gate,0.0,0.4027777777777778,1.0,0.0,1785.728322869588,1.047173178946427,0.6306947774364353,1.0
IEEE 33,2016-12-11 00:00:00,Clean,11,Trust gate,0.0,0.4027777777777778,1.0,0.0,1785.728322869588,1.047173178946427,0.6306947774364353,1.0
IEEE 33,2016-12-11 00:00:00,Clean,11,Ungated,0.0,0.4027777777777778,1.0,0.0,1785.728322869588,1.047173178946427,0.6306947774364353,1.0
IEEE 33,2016-12-11 00:00:00,Clean,29,Agreement gate,0.0,0.4027777777777778,1.0,0.0,1785.728322869588,1.047173178946427,0.6306947774364353,1.0
IEEE 33,2016-12-11 00:00:00,Clean,29,Metadata gate,0.0,0.4027777777777778,1.0,0.0,1785.728322869588,1.047173178946427,0.6306947774364353,1.0
IEEE 33,2016-12-11 00:00:00,Clean,29,Trust gate,0.0,0.4027777777777778,1.0,0.0,1785.728322869588,1.047173178946427,0.6306947774364353,1.0
IEEE 33,2016-12-11 00:00:00,Clean,29,Ungated,0.0,0.4027777777777778,1.0,0.0,1785.728322869588,1.047173178946427,0.6306947774364353,1.0
IEEE 33,2016-12-11 00:00:00,Clean,47,Agreement gate,0.0,0.4027777777777778,1.0,0.0,1785.728322869588,1.047173178946427,0.6306947774364353,1.0
IEEE 33,2016-12-11 00:00:00,Clean,47,Metadata gate,0.0,0.4027777777777778,1.0,0.0,1785.728322869588,1.047173178946427,0.6306947774364353,1.0
IEEE 33,2016-12-11 00:00:00,Clean,47,Trust gate,0.0,0.4027777777777778,1.0,0.0,1785.728322869588,1.047173178946427,0.6306947774364353,1.0
IEEE 33,2016-12-11 00:00:00,Clean,47,Ungated,0.0,0.4027777777777778,1.0,0.0,1785.728322869588,1.047173178946427,0.6306947774364353,1.0
IEEE 33,2016-12-11 00:00:00,Delayed,11,Agreement gate,0.0,0.3472222222222222,0.7083333333333334,0.0,1770.1590248897614,2.5883945319511454,0.5976671611146543,1.0
IEEE 33,2016-12-11 00:00:00,Delayed,11,Metadata gate,0.0,0.0,0.0,0.0,2036.8723701929212,12.415748511418707,0.4068792885143049,1.0
IEEE 33,2016-12-11 00:00:00,Delayed,11,Trust gate,0.0,0.2361111111111111,0.3472222222222222,0.0,1875.18345966468,7.999242558636439,0.4277164986586745,1.0
IEEE 33,2016-12-11 00:00:00,Delayed,11,Ungated,0.0,0.4166666666666667,1.0,0.0,1783.559037438296,1.507066203337034,0.6356325478214696,1.0
IEEE 33,2016-12-11 00:00:00,Delayed,29,Agreement gate,0.0,0.3611111111111111,0.7777777777777778,0.0,1774.1776516797966,2.8267953069698097,0.6059717834107726,1.0
IEEE 33,2016-12-11 00:00:00,Delayed,29,Metadata gate,0.0,0.0,0.0,0.0,2036.8723701929212,12.415748511418707,0.4068792885143049,1.0
IEEE 33,2016-12-11 00:00:00,Delayed,29,Trust gate,0.0,0.2916666666666667,0.3611111111111111,0.0,1844.7843940140333,9.030421090671517,0.44745486370222226,1.0
IEEE 33,2016-12-11 00:00:00,Delayed,29,Ungated,0.0,0.4166666666666667,1.0,0.0,1783.559037438296,1.507066203337034,0.6356325478214696,1.0
IEEE 33,2016-12-11 00:00:00,Delayed,47,Agreement gate,0.0,0.3472222222222222,0.75,0.0,1770.1590248897614,2.5883945319511454,0.5976671611146543,1.0
IEEE 33,2016-12-11 00:00:00,Delayed,47,Metadata gate,0.0,0.0,0.0,0.0,2036.8723701929212,12.415748511418707,0.4068792885143049,1.0
IEEE 33,2016-12-11 00:00:00,Delayed,47,Trust gate,0.0,0.2916666666666667,0.3888888888888889,0.0,1849.944812241904,8.234932012124723,0.43229935855569135,1.0
IEEE 33,2016-12-11 00:00:00,Delayed,47,Ungated,0.0,0.4166666666666667,1.0,0.0,1783.559037438296,1.507066203337034,0.6356325478214696,1.0
IEEE 33,2016-12-11 00:00:00,Disturbance,11,Agreement gate,0.013888888888888888,0.4305555555555556,1.0,0.00018512326013499843,3942.3047928150268,1.0872430488878513,0.7996267663673471,1.0
IEEE 33,2016-12-11 00:00:00,Disturbance,11,Metadata gate,0.013888888888888888,0.4305555555555556,1.0,0.00018512326013499843,3942.3047928150268,1.0872430488878513,0.7996267663673471,1.0
IEEE 33,2016-12-11 00:00:00,Disturbance,11,Trust gate,0.013888888888888888,0.4722222222222222,1.0,0.00018512326013499843,3936.3956835801005,1.956477175388594,0.7603905625760499,1.0
IEEE 33,2016-12-11 00:00:00,Disturbance,11,Ungated,0.013888888888888888,0.4305555555555556,1.0,0.00018512326013499843,3942.3047928150268,1.0872430488878513,0.7996267663673471,1.0
IEEE 33,2016-12-11 00:00:00,Disturbance,29,Agreement gate,0.013888888888888888,0.4305555555555556,1.0,0.00018512326013499843,3942.3047928150268,1.0872430488878513,0.7996267663673471,1.0
IEEE 33,2016-12-11 00:00:00,Disturbance,29,Metadata gate,0.013888888888888888,0.4305555555555556,1.0,0.00018512326013499843,3942.3047928150268,1.0872430488878513,0.7996267663673471,1.0
IEEE 33,2016-12-11 00:00:00,Disturbance,29,Trust gate,0.013888888888888888,0.4722222222222222,1.0,0.00018512326013499843,3943.3695647412155,2.2731276557009554,0.7431303823134919,1.0
IEEE 33,2016-12-11 00:00:00,Disturbance,29,Ungated,0.013888888888888888,0.4305555555555556,1.0,0.00018512326013499843,3942.3047928150268,1.0872430488878513,0.7996267663673471,1.0
IEEE 33,2016-12-11 00:00:00,Disturbance,47,Agreement gate,0.013888888888888888,0.4305555555555556,1.0,0.00018512326013499843,3942.3047928150268,1.0872430488878513,0.7996267663673471,1.0
IEEE 33,2016-12-11 00:00:00,Disturbance,47,Metadata gate,0.013888888888888888,0.4305555555555556,1.0,0.00018512326013499843,3942.3047928150268,1.0872430488878513,0.7996267663673471,1.0
IEEE 33,2016-12-11 00:00:00,Disturbance,47,Trust gate,0.013888888888888888,0.4722222222222222,1.0,0.00018512326013499843,3934.030536011971,1.702269529041988,0.7819258861664355,1.0
IEEE 33,2016-12-11 00:00:00,Disturbance,47,Ungated,0.013888888888888888,0.4305555555555556,1.0,0.00018512326013499843,3942.3047928150268,1.0872430488878513,0.7996267663673471,1.0
IEEE 33,2016-12-11 00:00:00,Missing,11,Agreement gate,0.0,0.4166666666666667,0.9722222222222222,0.0,1798.1408383659343,1.3292818747751332,0.6452936450503816,1.0
IEEE 33,2016-12-11 00:00:00,Missing,11,Metadata gate,0.0,0.375,0.875,0.0,1804.2960741456866,1.9377687432689585,0.6060693469287186,1.0
IEEE 33,2016-12-11 00:00:00,Missing,11,Trust gate,0.0,0.4166666666666667,0.9444444444444444,0.0,1780.2350340713463,1.6777010975855926,0.5793399155617011,1.0
IEEE 33,2016-12-11 00:00:00,Missing,11,Ungated,0.0,0.4583333333333333,1.0,0.0,1784.370064297271,1.6597818763506147,0.6791861847056633,1.0
IEEE 33,2016-12-11 00:00:00,Missing,29,Agreement gate,0.0,0.4027777777777778,1.0,0.0,1785.596634749638,1.0453441772804544,0.6298168559655452,1.0
IEEE 33,2016-12-11 00:00:00,Missing,29,Metadata gate,0.0,0.3888888888888889,0.9444444444444444,0.0,1798.4163880406604,1.0408097922764759,0.6236353013974211,1.0
IEEE 33,2016-12-11 00:00:00,Missing,29,Trust gate,0.0,0.4305555555555556,1.0,0.0,1789.8450936444906,1.0301254261403534,0.6302354899365024,1.0
IEEE 33,2016-12-11 00:00:00,Missing,29,Ungated,0.0,0.4027777777777778,1.0,0.0,1785.596634749638,1.0453441772804544,0.6298168559655452,1.0
IEEE 33,2016-12-11 00:00:00,Missing,47,Agreement gate,0.0,0.4027777777777778,0.9861111111111112,0.0,1797.063554720785,1.2046069546574982,0.6340735301066865,1.0
IEEE 33,2016-12-11 00:00:00,Missing,47,Metadata gate,0.0,0.3611111111111111,0.8472222222222222,0.0,1820.024716116985,1.6378470727763832,0.6230689870961443,1.0
IEEE 33,2016-12-11 00:00:00,Missing,47,Trust gate,0.0,0.4166666666666667,1.0,0.0,1805.6207669375083,1.2428198876469252,0.5864982586577284,1.0
IEEE 33,2016-12-11 00:00:00,Missing,47,Ungated,0.0,0.4027777777777778,1.0,0.0,1796.954627546987,1.2030940772436347,0.633347348908718,1.0
IEEE 33,2016-12-11 00:00:00,Noisy,11,Agreement gate,0.0,0.25,0.3333333333333333,0.0,1910.7606351131851,8.988686603663918,0.559247116074748,1.0
IEEE 33,2016-12-11 00:00:00,Noisy,11,Metadata gate,0.0,0.4444444444444444,1.0,0.0,1955.1906803859513,3.681825661571877,0.7068827397226514,1.0
IEEE 33,2016-12-11 00:00:00,Noisy,11,Trust gate,0.0,0.6805555555555556,1.0,0.0,1787.0196136226734,5.590991895681032,0.48903430938203424,1.0
IEEE 33,2016-12-11 00:00:00,Noisy,11,Ungated,0.0,0.4444444444444444,1.0,0.0,1955.1906803859513,3.681825661571877,0.7068827397226514,1.0
IEEE 33,2016-12-11 00:00:00,Noisy,29,Agreement gate,0.013888888888888888,0.2361111111111111,0.3472222222222222,5.4482664433066425e-05,1920.6670702111248,4.097349206003061,0.5367810930941076,1.0
IEEE 33,2016-12-11 00:00:00,Noisy,29,Metadata gate,0.041666666666666664,0.4861111111111111,1.0,7.501721515316973e-05,2014.8142999729014,3.498454500634589,0.7862162299248314,1.0
IEEE 33,2016-12-11 00:00:00,Noisy,29,Trust gate,0.0,0.6388888888888888,1.0,0.0,1842.4774041553328,3.9911427206478063,0.5167980720730778,1.0
IEEE 33,2016-12-11 00:00:00,Noisy,29,Ungated,0.041666666666666664,0.4861111111111111,1.0,7.501721515316973e-05,2014.8142999729014,3.498454500634589,0.7862162299248314,1.0
IEEE 33,2016-12-11 00:00:00,Noisy,47,Agreement gate,0.0,0.16666666666666666,0.3472222222222222,0.0,1911.9285504990764,5.368269398326545,0.518914010013748,1.0
IEEE 33,2016-12-11 00:00:00,Noisy,47,Metadata gate,0.027777777777777776,0.5,1.0,6.770942057359206e-05,2015.8416646097544,3.1664692871712083,0.6753863256350597,1.0
IEEE 33,2016-12-11 00:00:00,Noisy,47,Trust gate,0.0,0.6388888888888888,0.9861111111111112,0.0,1897.574328533082,4.8578361107200045,0.4842180278099996,1.0
IEEE 33,2016-12-11 00:00:00,Noisy,47,Ungated,0.027777777777777776,0.5,1.0,6.770942057359206e-05,2015.8416646097544,3.1664692871712083,0.6753863256350597,1.0
IEEE 33,2016-12-21 00:00:00,Bias,11,Agreement gate,0.0,0.2638888888888889,0.8333333333333334,0.0,5722.759827981152,2.4056596760940487,0.7000157376645724,1.0
IEEE 33,2016-12-21 00:00:00,Bias,11,Metadata gate,0.0,0.375,1.0,0.0,5645.074764132774,0.799050008906045,0.7538125833999276,1.0
IEEE 33,2016-12-21 00:00:00,Bias,11,Trust gate,0.0,0.3888888888888889,1.0,0.0,5667.371569820714,1.6554193597544624,0.7173062821925066,1.0
IEEE 33,2016-12-21 00:00:00,Bias,11,Ungated,0.0,0.375,1.0,0.0,5645.074764132774,0.799050008906045,0.7538125833999276,1.0
IEEE 33,2016-12-21 00:00:00,Bias,29,Agreement gate,0.0,0.2638888888888889,0.8333333333333334,0.0,5722.759827981152,2.4056596760940487,0.7000157376645724,1.0
IEEE 33,2016-12-21 00:00:00,Bias,29,Metadata gate,0.0,0.375,1.0,0.0,5645.074764132774,0.799050008906045,0.7538125833999276,1.0
IEEE 33,2016-12-21 00:00:00,Bias,29,Trust gate,0.0,0.3888888888888889,1.0,0.0,5667.710039495692,1.658525067239321,0.7184279854968487,1.0
IEEE 33,2016-12-21 00:00:00,Bias,29,Ungated,0.0,0.375,1.0,0.0,5645.074764132774,0.799050008906045,0.7538125833999276,1.0
IEEE 33,2016-12-21 00:00:00,Bias,47,Agreement gate,0.0,0.2638888888888889,0.8333333333333334,0.0,5722.759827981152,2.4056596760940487,0.7000157376645724,1.0
IEEE 33,2016-12-21 00:00:00,Bias,47,Metadata gate,0.0,0.375,1.0,0.0,5645.074764132774,0.799050008906045,0.7538125833999276,1.0
IEEE 33,2016-12-21 00:00:00,Bias,47,Trust gate,0.0,0.375,1.0,0.0,5667.8850724398635,1.6557426615363575,0.7195948714666984,1.0
IEEE 33,2016-12-21 00:00:00,Bias,47,Ungated,0.0,0.375,1.0,0.0,5645.074764132774,0.799050008906045,0.7538125833999276,1.0
IEEE 33,2016-12-21 00:00:00,Clean,11,Agreement gate,0.013888888888888888,0.3472222222222222,1.0,3.453637000060436e-05,5647.389118882892,0.38109892477111307,0.7868747951590273,1.0
IEEE 33,2016-12-21 00:00:00,Clean,11,Metadata gate,0.013888888888888888,0.3472222222222222,1.0,3.453637000060436e-05,5647.389118882892,0.38109892477111307,0.7868747951590273,1.0
IEEE 33,2016-12-21 00:00:00,Clean,11,Trust gate,0.013888888888888888,0.3472222222222222,1.0,3.453637000060436e-05,5647.389118882892,0.38109892477111307,0.7868747951590273,1.0
IEEE 33,2016-12-21 00:00:00,Clean,11,Ungated,0.013888888888888888,0.3472222222222222,1.0,3.453637000060436e-05,5647.389118882892,0.38109892477111307,0.7868747951590273,1.0
IEEE 33,2016-12-21 00:00:00,Clean,29,Agreement gate,0.013888888888888888,0.3472222222222222,1.0,3.453637000060436e-05,5647.389118882892,0.38109892477111307,0.7868747951590273,1.0
IEEE 33,2016-12-21 00:00:00,Clean,29,Metadata gate,0.013888888888888888,0.3472222222222222,1.0,3.453637000060436e-05,5647.389118882892,0.38109892477111307,0.7868747951590273,1.0
IEEE 33,2016-12-21 00:00:00,Clean,29,Trust gate,0.013888888888888888,0.3472222222222222,1.0,3.453637000060436e-05,5647.389118882892,0.38109892477111307,0.7868747951590273,1.0
IEEE 33,2016-12-21 00:00:00,Clean,29,Ungated,0.013888888888888888,0.3472222222222222,1.0,3.453637000060436e-05,5647.389118882892,0.38109892477111307,0.7868747951590273,1.0
IEEE 33,2016-12-21 00:00:00,Clean,47,Agreement gate,0.013888888888888888,0.3472222222222222,1.0,3.453637000060436e-05,5647.389118882892,0.38109892477111307,0.7868747951590273,1.0
IEEE 33,2016-12-21 00:00:00,Clean,47,Metadata gate,0.013888888888888888,0.3472222222222222,1.0,3.453637000060436e-05,5647.389118882892,0.38109892477111307,0.7868747951590273,1.0
IEEE 33,2016-12-21 00:00:00,Clean,47,Trust gate,0.013888888888888888,0.3472222222222222,1.0,3.453637000060436e-05,5647.389118882892,0.38109892477111307,0.7868747951590273,1.0
IEEE 33,2016-12-21 00:00:00,Clean,47,Ungated,0.013888888888888888,0.3472222222222222,1.0,3.453637000060436e-05,5647.389118882892,0.38109892477111307,0.7868747951590273,1.0
IEEE 33,2016-12-21 00:00:00,Delayed,11,Agreement gate,0.013888888888888888,0.2777777777777778,0.625,1.4397893513210277e-05,5700.481661010157,2.4687039250663583,0.8469620487197383,1.0
IEEE 33,2016-12-21 00:00:00,Delayed,11,Metadata gate,0.0,0.0,0.0,0.0,5935.724330889502,18.96107517786116,0.5115330969026113,1.0
IEEE 33,2016-12-21 00:00:00,Delayed,11,Trust gate,0.0,0.1527777777777778,0.16666666666666666,0.0,5842.6193311659,9.990267011466479,0.5318343980580282,1.0
IEEE 33,2016-12-21 00:00:00,Delayed,11,Ungated,0.0,0.3611111111111111,1.0,0.0,5646.308647087781,0.6056513383128501,0.7670448105626548,1.0
IEEE 33,2016-12-21 00:00:00,Delayed,29,Agreement gate,0.013888888888888888,0.2777777777777778,0.6805555555555556,1.4397893513210277e-05,5700.016678012434,3.6851758366080896,0.8483744240891345,1.0
IEEE 33,2016-12-21 00:00:00,Delayed,29,Metadata gate,0.0,0.0,0.0,0.0,5935.724330889502,18.96107517786116,0.5115330969026113,1.0
IEEE 33,2016-12-21 00:00:00,Delayed,29,Trust gate,0.0,0.16666666666666666,0.16666666666666666,0.0,5807.705199298758,10.627692682282293,0.5193146059497737,1.0
IEEE 33,2016-12-21 00:00:00,Delayed,29,Ungated,0.0,0.3611111111111111,1.0,0.0,5646.308647087781,0.6056513383128501,0.7670448105626548,1.0
IEEE 33,2016-12-21 00:00:00,Delayed,47,Agreement gate,0.0,0.2777777777777778,0.625,0.0,5691.730016000928,3.1872872804392793,0.8299024419729633,1.0
IEEE 33,2016-12-21 00:00:00,Delayed,47,Metadata gate,0.0,0.0,0.0,0.0,5935.724330889502,18.96107517786116,0.5115330969026113,1.0
IEEE 33,2016-12-21 00:00:00,Delayed,47,Trust gate,0.0,0.09722222222222222,0.09722222222222222,0.0,5849.439458185382,15.674973320692086,0.5273291781804225,1.0
IEEE 33,2016-12-21 00:00:00,Delayed,47,Ungated,0.0,0.3611111111111111,1.0,0.0,5646.308647087781,0.6056513383128501,0.7670448105626548,1.0
IEEE 33,2016-12-21 00:00:00,Disturbance,11,Agreement gate,0.013888888888888888,0.3194444444444444,1.0,3.453637000060436e-05,7419.087338970282,0.39873705089984196,1.013133081695213,1.0
IEEE 33,2016-12-21 00:00:00,Disturbance,11,Metadata gate,0.013888888888888888,0.3194444444444444,1.0,3.453637000060436e-05,7419.087338970282,0.39873705089984196,1.013133081695213,1.0
IEEE 33,2016-12-21 00:00:00,Disturbance,11,Trust gate,0.0,0.3611111111111111,1.0,0.0,7427.503834805257,1.4065852727831614,0.9534754882085188,1.0
IEEE 33,2016-12-21 00:00:00,Disturbance,11,Ungated,0.013888888888888888,0.3194444444444444,1.0,3.453637000060436e-05,7419.087338970282,0.39873705089984196,1.013133081695213,1.0
IEEE 33,2016-12-21 00:00:00,Disturbance,29,Agreement gate,0.013888888888888888,0.3194444444444444,1.0,3.453637000060436e-05,7419.087338970282,0.39873705089984196,1.013133081695213,1.0
IEEE 33,2016-12-21 00:00:00,Disturbance,29,Metadata gate,0.013888888888888888,0.3194444444444444,1.0,3.453637000060436e-05,7419.087338970282,0.39873705089984196,1.013133081695213,1.0
IEEE 33,2016-12-21 00:00:00,Disturbance,29,Trust gate,0.0,0.375,1.0,0.0,7425.167900613956,1.3778955201571013,0.9367678445764773,1.0
IEEE 33,2016-12-21 00:00:00,Disturbance,29,Ungated,0.013888888888888888,0.3194444444444444,1.0,3.453637000060436e-05,7419.087338970282,0.39873705089984196,1.013133081695213,1.0
IEEE 33,2016-12-21 00:00:00,Disturbance,47,Agreement gate,0.013888888888888888,0.3194444444444444,1.0,3.453637000060436e-05,7419.087338970282,0.39873705089984196,1.013133081695213,1.0
IEEE 33,2016-12-21 00:00:00,Disturbance,47,Metadata gate,0.013888888888888888,0.3194444444444444,1.0,3.453637000060436e-05,7419.087338970282,0.39873705089984196,1.013133081695213,1.0
IEEE 33,2016-12-21 00:00:00,Disturbance,47,Trust gate,0.0,0.3472222222222222,1.0,0.0,7428.197807057755,1.411010357473643,0.956967221843466,1.0
IEEE 33,2016-12-21 00:00:00,Disturbance,47,Ungated,0.013888888888888888,0.3194444444444444,1.0,3.453637000060436e-05,7419.087338970282,0.39873705089984196,1.013133081695213,1.0
IEEE 33,2016-12-21 00:00:00,Missing,11,Agreement gate,0.013888888888888888,0.3472222222222222,1.0,3.453637000060436e-05,5646.691531051467,0.37127374404681657,0.7822242079623883,1.0
IEEE 33,2016-12-21 00:00:00,Missing,11,Metadata gate,0.013888888888888888,0.3333333333333333,0.875,3.453637000060436e-05,5656.5030369336955,0.8243110557006965,0.8061239957613913,1.0
IEEE 33,2016-12-21 00:00:00,Missing,11,Trust gate,0.013888888888888888,0.3472222222222222,0.9861111111111112,3.453637000060436e-05,5664.184979565569,0.532229957558422,0.7739356051739106,1.0
IEEE 33,2016-12-21 00:00:00,Missing,11,Ungated,0.013888888888888888,0.3472222222222222,1.0,3.453637000060436e-05,5646.691531051467,0.37127374404681657,0.7822242079623883,1.0
IEEE 33,2016-12-21 00:00:00,Missing,29,Agreement gate,0.013888888888888888,0.3472222222222222,0.9861111111111112,3.453637000060436e-05,5647.80896885349,0.39155349192271754,0.7896737923216433,1.0
IEEE 33,2016-12-21 00:00:00,Missing,29,Metadata gate,0.013888888888888888,0.3333333333333333,0.8611111111111112,3.453637000060436e-05,5666.483068476079,0.9973002174994915,0.7781064773103442,1.0
IEEE 33,2016-12-21 00:00:00,Missing,29,Trust gate,0.013888888888888888,0.3472222222222222,0.9861111111111112,3.453637000060436e-05,5659.67082330047,0.6608976188719814,0.7763822151414405,1.0
IEEE 33,2016-12-21 00:00:00,Missing,29,Ungated,0.013888888888888888,0.3472222222222222,1.0,3.453637000060436e-05,5647.89240612057,0.3881874774144557,0.7902300408147019,1.0
IEEE 33,2016-12-21 00:00:00,Missing,47,Agreement gate,0.013888888888888888,0.3472222222222222,0.9861111111111112,3.453637000060436e-05,5647.389118882892,0.38109892477111307,0.7868747951590273,1.0
IEEE 33,2016-12-21 00:00:00,Missing,47,Metadata gate,0.013888888888888888,0.3333333333333333,0.9027777777777778,3.453637000060436e-05,5647.811400600071,0.38704655459052045,0.7896900054491074,1.0
IEEE 33,2016-12-21 00:00:00,Missing,47,Trust gate,0.013888888888888888,0.375,0.9583333333333334,3.453637000060436e-05,5644.252765448019,1.088727229906549,0.752819809814937,1.0
IEEE 33,2016-12-21 00:00:00,Missing,47,Ungated,0.013888888888888888,0.3472222222222222,1.0,3.453637000060436e-05,5647.389118882892,0.38109892477111307,0.7868747951590273,1.0
IEEE 33,2016-12-21 00:00:00,Noisy,11,Agreement gate,0.027777777777777776,0.20833333333333334,0.25,0.00010291164689619893,5687.020818704939,9.278580179561947,0.7808660368238457,1.0
IEEE 33,2016-12-21 00:00:00,Noisy,11,Metadata gate,0.027777777777777776,0.3333333333333333,1.0,7.468745155361007e-05,5644.345286624655,0.4133100466597221,0.8210795907436195,1.0
IEEE 33,2016-12-21 00:00:00,Noisy,11,Trust gate,0.0,0.5972222222222222,1.0,0.0,5653.369543129516,2.7483788513075833,0.5861063363953745,1.0
IEEE 33,2016-12-21 00:00:00,Noisy,11,Ungated,0.027777777777777776,0.3333333333333333,1.0,7.468745155361007e-05,5644.345286624655,0.4133100466597221,0.8210795907436195,1.0
IEEE 33,2016-12-21 00:00:00,Noisy,29,Agreement gate,0.013888888888888888,0.16666666666666666,0.2916666666666667,3.453637000060436e-05,5820.636334003155,7.33011562249939,0.63235532257986,1.0
IEEE 33,2016-12-21 00:00:00,Noisy,29,Metadata gate,0.027777777777777776,0.3472222222222222,1.0,0.0001013006240671731,5672.609003034085,0.6094629952060074,0.7906998699534409,1.0
IEEE 33,2016-12-21 00:00:00,Noisy,29,Trust gate,0.0,0.5833333333333334,1.0,0.0,5662.616331680256,2.537340406129586,0.5681173933862591,1.0
IEEE 33,2016-12-21 00:00:00,Noisy,29,Ungated,0.027777777777777776,0.3472222222222222,1.0,0.0001013006240671731,5672.609003034085,0.6094629952060074,0.7906998699534409,1.0
IEEE 33,2016-12-21 00:00:00,Noisy,47,Agreement gate,0.0,0.20833333333333334,0.3472222222222222,0.0,5699.075932283389,6.403292438028741,0.7364187496370815,1.0
IEEE 33,2016-12-21 00:00:00,Noisy,47,Metadata gate,0.013888888888888888,0.3611111111111111,1.0,3.453637000060436e-05,5718.940642677634,1.0779835852205106,0.7764503774448948,1.0
IEEE 33,2016-12-21 00:00:00,Noisy,47,Trust gate,0.0,0.6666666666666666,1.0,0.0,5679.299581287265,3.2355883111158437,0.5651560063871353,1.0
IEEE 33,2016-12-21 00:00:00,Noisy,47,Ungated,0.013888888888888888,0.3611111111111111,1.0,3.453637000060436e-05,5718.940642677634,1.0779835852205106,0.7764503774448948,1.0
SimBench MV,2016-11-01 00:00:00,Bias,11,Agreement gate,0.0,0.19444444444444445,0.8472222222222222,0.0,9731.19932192505,8.288743537853858,3.018596605831032,1.0
SimBench MV,2016-11-01 00:00:00,Bias,11,Metadata gate,0.0,0.2638888888888889,1.0,0.0,9599.18379216305,7.875605251942495,3.1728981655019886,1.0
SimBench MV,2016-11-01 00:00:00,Bias,11,Trust gate,0.0,0.25,1.0,0.0,9525.17717961014,4.066160920589777,3.055453145568407,1.0
SimBench MV,2016-11-01 00:00:00,Bias,11,Ungated,0.0,0.2638888888888889,1.0,0.0,9599.18379216305,7.875605251942495,3.1728981655019886,1.0
SimBench MV,2016-11-01 00:00:00,Bias,29,Agreement gate,0.0,0.20833333333333334,0.8611111111111112,0.0,9648.817764302239,7.736915202345697,3.0320989196661596,1.0
SimBench MV,2016-11-01 00:00:00,Bias,29,Metadata gate,0.0,0.2638888888888889,1.0,0.0,9599.18379216305,7.875605251942495,3.1728981655019886,1.0
SimBench MV,2016-11-01 00:00:00,Bias,29,Trust gate,0.0,0.25,1.0,0.0,9525.17717961014,4.066160920589777,3.055453145568407,1.0
SimBench MV,2016-11-01 00:00:00,Bias,29,Ungated,0.0,0.2638888888888889,1.0,0.0,9599.18379216305,7.875605251942495,3.1728981655019886,1.0
SimBench MV,2016-11-01 00:00:00,Bias,47,Agreement gate,0.0,0.19444444444444445,0.8472222222222222,0.0,9734.784330068225,9.458930511389276,3.019480751344978,1.0
SimBench MV,2016-11-01 00:00:00,Bias,47,Metadata gate,0.0,0.2638888888888889,1.0,0.0,9599.18379216305,7.875605251942495,3.1728981655019886,1.0
SimBench MV,2016-11-01 00:00:00,Bias,47,Trust gate,0.0,0.25,1.0,0.0,9525.17717961014,4.066160920589777,3.055453145568407,1.0
SimBench MV,2016-11-01 00:00:00,Bias,47,Ungated,0.0,0.2638888888888889,1.0,0.0,9599.18379216305,7.875605251942495,3.1728981655019886,1.0
SimBench MV,2016-11-01 00:00:00,Clean,11,Agreement gate,0.0,0.25,1.0,0.0,9515.284780124066,3.4304435139544767,3.0392831423479785,1.0
SimBench MV,2016-11-01 00:00:00,Clean,11,Metadata gate,0.0,0.25,1.0,0.0,9515.284780124066,3.4304435139544767,3.0392831423479785,1.0
SimBench MV,2016-11-01 00:00:00,Clean,11,Trust gate,0.0,0.25,1.0,0.0,9515.284780124066,3.4304435139544767,3.0392831423479785,1.0
SimBench MV,2016-11-01 00:00:00,Clean,11,Ungated,0.0,0.25,1.0,0.0,9515.284780124066,3.4304435139544767,3.0392831423479785,1.0
SimBench MV,2016-11-01 00:00:00,Clean,29,Agreement gate,0.0,0.25,1.0,0.0,9515.284780124066,3.4304435139544767,3.0392831423479785,1.0
SimBench MV,2016-11-01 00:00:00,Clean,29,Metadata gate,0.0,0.25,1.0,0.0,9515.284780124066,3.4304435139544767,3.0392831423479785,1.0
SimBench MV,2016-11-01 00:00:00,Clean,29,Trust gate,0.0,0.25,1.0,0.0,9515.284780124066,3.4304435139544767,3.0392831423479785,1.0
SimBench MV,2016-11-01 00:00:00,Clean,29,Ungated,0.0,0.25,1.0,0.0,9515.284780124066,3.4304435139544767,3.0392831423479785,1.0
SimBench MV,2016-11-01 00:00:00,Clean,47,Agreement gate,0.0,0.25,1.0,0.0,9515.284780124066,3.4304435139544767,3.0392831423479785,1.0
SimBench MV,2016-11-01 00:00:00,Clean,47,Metadata gate,0.0,0.25,1.0,0.0,9515.284780124066,3.4304435139544767,3.0392831423479785,1.0
SimBench MV,2016-11-01 00:00:00,Clean,47,Trust gate,0.0,0.25,1.0,0.0,9515.284780124066,3.4304435139544767,3.0392831423479785,1.0
SimBench MV,2016-11-01 00:00:00,Clean,47,Ungated,0.0,0.25,1.0,0.0,9515.284780124066,3.4304435139544767,3.0392831423479785,1.0
SimBench MV,2016-11-01 00:00:00,Delayed,11,Agreement gate,0.0,0.25,0.7638888888888888,0.0,9837.620787012762,14.380940786937616,3.084756503839563,1.0
SimBench MV,2016-11-01 00:00:00,Delayed,11,Metadata gate,0.0,0.0,0.0,0.0,10845.332240124735,62.189183335065685,2.676541798081217,1.0
SimBench MV,2016-11-01 00:00:00,Delayed,11,Trust gate,0.0,0.2916666666666667,0.5555555555555556,0.0,10139.139435645651,31.973279028103676,2.7815370537978157,1.0
SimBench MV,2016-11-01 00:00:00,Delayed,11,Ungated,0.0,0.2777777777777778,1.0,0.0,9799.870733305585,15.298844527034175,3.1897390270394155,1.0
SimBench MV,2016-11-01 00:00:00,Delayed,29,Agreement gate,0.0,0.25,0.7638888888888888,0.0,9837.620787012762,14.380940786937616,3.084756503839563,1.0
SimBench MV,2016-11-01 00:00:00,Delayed,29,Metadata gate,0.0,0.0,0.0,0.0,10845.332240124735,62.189183335065685,2.676541798081217,1.0
SimBench MV,2016-11-01 00:00:00,Delayed,29,Trust gate,0.0,0.20833333333333334,0.4444444444444444,0.0,10431.557759490259,28.666744956692273,2.7379283084361368,1.0
SimBench MV,2016-11-01 00:00:00,Delayed,29,Ungated,0.0,0.2777777777777778,1.0,0.0,9799.870733305585,15.298844527034175,3.1897390270394155,1.0
SimBench MV,2016-11-01 00:00:00,Delayed,47,Agreement gate,0.0,0.2361111111111111,0.7222222222222222,0.0,9955.260679445904,17.15581410405771,3.061486461739255,1.0
SimBench MV,2016-11-01 00:00:00,Delayed,47,Metadata gate,0.0,0.0,0.0,0.0,10845.332240124735,62.189183335065685,2.676541798081217,1.0
SimBench MV,2016-11-01 00:00:00,Delayed,47,Trust gate,0.0,0.18055555555555555,0.4027777777777778,0.0,10520.366523220451,26.766067764162564,2.7222406017270857,1.0
SimBench MV,2016-11-01 00:00:00,Delayed,47,Ungated,0.0,0.2777777777777778,1.0,0.0,9799.870733305585,15.298844527034175,3.1897390270394155,1.0
SimBench MV,2016-11-01 00:00:00,Disturbance,11,Agreement gate,0.0,0.2361111111111111,1.0,0.0,18769.15952916759,2.189121282714215,3.1797380623648444,1.0
SimBench MV,2016-11-01 00:00:00,Disturbance,11,Metadata gate,0.0,0.2361111111111111,1.0,0.0,18769.15952916759,2.189121282714215,3.1797380623648444,1.0
SimBench MV,2016-11-01 00:00:00,Disturbance,11,Trust gate,0.0,0.2361111111111111,1.0,0.0,18769.15952916759,2.189121282714215,3.1797380623648444,1.0
SimBench MV,2016-11-01 00:00:00,Disturbance,11,Ungated,0.0,0.2361111111111111,1.0,0.0,18769.15952916759,2.189121282714215,3.1797380623648444,1.0
SimBench MV,2016-11-01 00:00:00,Disturbance,29,Agreement gate,0.0,0.2361111111111111,1.0,0.0,18769.15952916759,2.189121282714215,3.1797380623648444,1.0
SimBench MV,2016-11-01 00:00:00,Disturbance,29,Metadata gate,0.0,0.2361111111111111,1.0,0.0,18769.15952916759,2.189121282714215,3.1797380623648444,1.0
SimBench MV,2016-11-01 00:00:00,Disturbance,29,Trust gate,0.0,0.2361111111111111,1.0,0.0,18769.15952916759,2.189121282714215,3.1797380623648444,1.0
SimBench MV,2016-11-01 00:00:00,Disturbance,29,Ungated,0.0,0.2361111111111111,1.0,0.0,18769.15952916759,2.189121282714215,3.1797380623648444,1.0
SimBench MV,2016-11-01 00:00:00,Disturbance,47,Agreement gate,0.0,0.2361111111111111,1.0,0.0,18769.15952916759,2.189121282714215,3.1797380623648444,1.0
SimBench MV,2016-11-01 00:00:00,Disturbance,47,Metadata gate,0.0,0.2361111111111111,1.0,0.0,18769.15952916759,2.189121282714215,3.1797380623648444,1.0
SimBench MV,2016-11-01 00:00:00,Disturbance,47,Trust gate,0.0,0.2361111111111111,1.0,0.0,18769.15952916759,2.189121282714215,3.1797380623648444,1.0
SimBench MV,2016-11-01 00:00:00,Disturbance,47,Ungated,0.0,0.2361111111111111,1.0,0.0,18769.15952916759,2.189121282714215,3.1797380623648444,1.0
SimBench MV,2016-11-01 00:00:00,Missing,11,Agreement gate,0.0,0.25,0.9861111111111112,0.0,9482.605982782787,3.474894297987634,3.0250731723672732,1.0
SimBench MV,2016-11-01 00:00:00,Missing,11,Metadata gate,0.0,0.2222222222222222,0.8472222222222222,0.0,9594.328335709617,5.944100384486042,3.0427174809421405,1.0
SimBench MV,2016-11-01 00:00:00,Missing,11,Trust gate,0.0,0.2777777777777778,0.9583333333333334,0.0,9563.02135688293,8.063456398923538,3.0210829082545607,1.0
SimBench MV,2016-11-01 00:00:00,Missing,11,Ungated,0.0,0.25,1.0,0.0,9482.605982782787,3.474894297987634,3.0250731723672732,1.0
SimBench MV,2016-11-01 00:00:00,Missing,29,Agreement gate,0.0,0.2638888888888889,0.9861111111111112,0.0,9489.12757709058,4.946163955223447,3.0936626482655245,1.0
SimBench MV,2016-11-01 00:00:00,Missing,29,Metadata gate,0.0,0.2361111111111111,0.8611111111111112,0.0,9496.786061593693,6.02431998997579,3.041996843235759,1.0
SimBench MV,2016-11-01 00:00:00,Missing,29,Trust gate,0.0,0.2777777777777778,0.9444444444444444,0.0,9508.982959633538,8.28265919586896,3.022092547663056,1.0
SimBench MV,2016-11-01 00:00:00,Missing,29,Ungated,0.0,0.2638888888888889,1.0,0.0,9489.12757709058,4.946163955223447,3.0936626482655245,1.0
SimBench MV,2016-11-01 00:00:00,Missing,47,Agreement gate,0.0,0.25,1.0,0.0,9515.284780124066,3.4304435139544767,3.0392831423479785,1.0
SimBench MV,2016-11-01 00:00:00,Missing,47,Metadata gate,0.0,0.25,0.875,0.0,9515.284780124066,3.4304435139544767,3.0392831423479785,1.0
SimBench MV,2016-11-01 00:00:00,Missing,47,Trust gate,0.0,0.25,1.0,0.0,9509.62040534661,3.7359058209988447,3.0522136557944934,1.0
SimBench MV,2016-11-01 00:00:00,Missing,47,Ungated,0.0,0.25,1.0,0.0,9515.284780124066,3.4304435139544767,3.0392831423479785,1.0
SimBench MV,2016-11-01 00:00:00,Noisy,11,Agreement gate,0.0,0.041666666666666664,0.2916666666666667,0.0,10568.708064845188,18.320399842809465,2.7589590033705176,1.0
SimBench MV,2016-11-01 00:00:00,Noisy,11,Metadata gate,0.0,0.25,1.0,0.0,10654.01473131505,18.832053863581386,3.048365033608171,1.0
SimBench MV,2016-11-01 00:00:00,Noisy,11,Trust gate,0.0,0.2777777777777778,1.0,0.0,10262.694586372674,17.228500052459847,2.8234445730099105,1.0
SimBench MV,2016-11-01 00:00:00,Noisy,11,Ungated,0.0,0.25,1.0,0.0,10654.01473131505,18.832053863581386,3.048365033608171,1.0
SimBench MV,2016-11-01 00:00:00,Noisy,29,Agreement gate,0.0,0.1111111111111111,0.4305555555555556,0.0,10292.41734062923,17.334794320012772,2.8509295771219403,1.0
SimBench MV,2016-11-01 00:00:00,Noisy,29,Metadata gate,0.0,0.20833333333333334,1.0,0.0,10195.320069507585,12.897509683107499,3.0345012668000266,1.0
SimBench MV,2016-11-01 00:00:00,Noisy,29,Trust gate,0.0,0.2916666666666667,1.0,0.0,9984.623358851344,16.076708577005185,2.8005717698119312,1.0
SimBench MV,2016-11-01 00:00:00,Noisy,29,Ungated,0.0,0.20833333333333334,1.0,0.0,10195.320069507585,12.897509683107499,3.0345012668000266,1.0
SimBench MV,2016-11-01 00:00:00,Noisy,47,Agreement gate,0.0,0.1527777777777778,0.3194444444444444,0.0,9893.856643590665,19.17934695629476,2.917026670418128,1.0
SimBench MV,2016-11-01 00:00:00,Noisy,47,Metadata gate,0.0,0.2361111111111111,1.0,0.0,10112.926768118556,10.91527462975328,2.9634567152164575,1.0
SimBench MV,2016-11-01 00:00:00,Noisy,47,Trust gate,0.0,0.3194444444444444,1.0,0.0,10143.576433255661,17.753513600025002,2.7843617285470104,1.0
SimBench MV,2016-11-01 00:00:00,Noisy,47,Ungated,0.0,0.2361111111111111,1.0,0.0,10112.926768118556,10.91527462975328,2.9634567152164575,1.0
SimBench MV,2016-11-11 00:00:00,Bias,11,Agreement gate,0.0,0.2361111111111111,0.8472222222222222,0.0,8156.123414647797,14.124346882873374,3.0272194586772523,1.0
SimBench MV,2016-11-11 00:00:00,Bias,11,Metadata gate,0.0,0.2361111111111111,1.0,0.0,8214.43335655674,2.247463451281551,3.051716805334408,1.0
SimBench MV,2016-11-11 00:00:00,Bias,11,Trust gate,0.0,0.25,1.0,0.0,8202.504231159011,4.481671755060031,3.030753836944772,1.0
SimBench MV,2016-11-11 00:00:00,Bias,11,Ungated,0.0,0.2361111111111111,1.0,0.0,8214.43335655674,2.247463451281551,3.051716805334408,1.0
SimBench MV,2016-11-11 00:00:00,Bias,29,Agreement gate,0.0,0.2361111111111111,0.9027777777777778,0.0,8206.516291992639,8.073068854454196,3.0474940977574225,1.0
SimBench MV,2016-11-11 00:00:00,Bias,29,Metadata gate,0.0,0.2361111111111111,1.0,0.0,8214.43335655674,2.247463451281551,3.051716805334408,1.0
SimBench MV,2016-11-11 00:00:00,Bias,29,Trust gate,0.0,0.25,1.0,0.0,8202.504231159011,4.481671755060031,3.030753836944772,1.0
SimBench MV,2016-11-11 00:00:00,Bias,29,Ungated,0.0,0.2361111111111111,1.0,0.0,8214.43335655674,2.247463451281551,3.051716805334408,1.0
SimBench MV,2016-11-11 00:00:00,Bias,47,Agreement gate,0.0,0.2361111111111111,0.8888888888888888,0.0,8206.516291992639,8.073068854454196,3.0474940977574225,1.0
SimBench MV,2016-11-11 00:00:00,Bias,47,Metadata gate,0.0,0.2361111111111111,1.0,0.0,8214.43335655674,2.247463451281551,3.051716805334408,1.0
SimBench MV,2016-11-11 00:00:00,Bias,47,Trust gate,0.0,0.25,1.0,0.0,8202.504231159011,4.481671755060031,3.030753836944772,1.0
SimBench MV,2016-11-11 00:00:00,Bias,47,Ungated,0.0,0.2361111111111111,1.0,0.0,8214.43335655674,2.247463451281551,3.051716805334408,1.0
SimBench MV,2016-11-11 00:00:00,Clean,11,Agreement gate,0.0,0.2361111111111111,1.0,0.0,8214.43335655674,2.247463451281551,3.051716805334408,1.0
SimBench MV,2016-11-11 00:00:00,Clean,11,Metadata gate,0.0,0.2361111111111111,1.0,0.0,8214.43335655674,2.247463451281551,3.051716805334408,1.0
SimBench MV,2016-11-11 00:00:00,Clean,11,Trust gate,0.0,0.2361111111111111,1.0,0.0,8214.43335655674,2.247463451281551,3.051716805334408,1.0
SimBench MV,2016-11-11 00:00:00,Clean,11,Ungated,0.0,0.2361111111111111,1.0,0.0,8214.43335655674,2.247463451281551,3.051716805334408,1.0
SimBench MV,2016-11-11 00:00:00,Clean,29,Agreement gate,0.0,0.2361111111111111,1.0,0.0,8214.43335655674,2.247463451281551,3.051716805334408,1.0
SimBench MV,2016-11-11 00:00:00,Clean,29,Metadata gate,0.0,0.2361111111111111,1.0,0.0,8214.43335655674,2.247463451281551,3.051716805334408,1.0
SimBench MV,2016-11-11 00:00:00,Clean,29,Trust gate,0.0,0.2361111111111111,1.0,0.0,8214.43335655674,2.247463451281551,3.051716805334408,1.0
SimBench MV,2016-11-11 00:00:00,Clean,29,Ungated,0.0,0.2361111111111111,1.0,0.0,8214.43335655674,2.247463451281551,3.051716805334408,1.0
SimBench MV,2016-11-11 00:00:00,Clean,47,Agreement gate,0.0,0.2361111111111111,1.0,0.0,8214.43335655674,2.247463451281551,3.051716805334408,1.0
SimBench MV,2016-11-11 00:00:00,Clean,47,Metadata gate,0.0,0.2361111111111111,1.0,0.0,8214.43335655674,2.247463451281551,3.051716805334408,1.0
SimBench MV,2016-11-11 00:00:00,Clean,47,Trust gate,0.0,0.2361111111111111,1.0,0.0,8214.43335655674,2.247463451281551,3.051716805334408,1.0
SimBench MV,2016-11-11 00:00:00,Clean,47,Ungated,0.0,0.2361111111111111,1.0,0.0,8214.43335655674,2.247463451281551,3.051716805334408,1.0
SimBench MV,2016-11-11 00:00:00,Delayed,11,Agreement gate,0.0,0.25,0.7777777777777778,0.0,8274.220210962736,11.485319123639686,3.0139363562323904,1.0
SimBench MV,2016-11-11 00:00:00,Delayed,11,Metadata gate,0.0,0.0,0.0,0.0,9835.031122054617,69.10411413024786,2.5975124437964863,1.0
SimBench MV,2016-11-11 00:00:00,Delayed,11,Trust gate,0.0,0.3611111111111111,0.8194444444444444,0.0,8692.115395391564,24.57387278790103,2.719654360747815,1.0
SimBench MV,2016-11-11 00:00:00,Delayed,11,Ungated,0.0,0.2638888888888889,1.0,0.0,8298.720056444594,7.047265760026843,3.0257098582819206,1.0
SimBench MV,2016-11-11 00:00:00,Delayed,29,Agreement gate,0.0,0.2222222222222222,0.7638888888888888,0.0,8261.884985779836,8.578138581669796,3.0090790581969835,1.0
SimBench MV,2016-11-11 00:00:00,Delayed,29,Metadata gate,0.0,0.0,0.0,0.0,9835.031122054617,69.10411413024786,2.5975124437964863,1.0
SimBench MV,2016-11-11 00:00:00,Delayed,29,Trust gate,0.0,0.3333333333333333,0.7777777777777778,0.0,8682.966346369332,24.071461662660564,2.7169362796704006,1.0
SimBench MV,2016-11-11 00:00:00,Delayed,29,Ungated,0.0,0.2638888888888889,1.0,0.0,8298.720056444594,7.047265760026843,3.0257098582819206,1.0
SimBench MV,2016-11-11 00:00:00,Delayed,47,Agreement gate,0.0,0.25,0.7777777777777778,0.0,8284.397660968416,12.091243502663948,3.0180211124451692,1.0
SimBench MV,2016-11-11 00:00:00,Delayed,47,Metadata gate,0.0,0.0,0.0,0.0,9835.031122054617,69.10411413024786,2.5975124437964863,1.0
SimBench MV,2016-11-11 00:00:00,Delayed,47,Trust gate,0.0,0.3611111111111111,0.7916666666666666,0.0,8684.383416678409,26.7551229166473,2.7165079962543786,1.0
SimBench MV,2016-11-11 00:00:00,Delayed,47,Ungated,0.0,0.2638888888888889,1.0,0.0,8298.720056444594,7.047265760026843,3.0257098582819206,1.0
SimBench MV,2016-11-11 00:00:00,Disturbance,11,Agreement gate,0.0,0.25,1.0,0.0,15098.717774495593,2.965220567156813,3.2266384505845287,1.0
SimBench MV,2016-11-11 00:00:00,Disturbance,11,Metadata gate,0.0,0.25,1.0,0.0,15098.717774495593,2.965220567156813,3.2266384505845287,1.0
SimBench MV,2016-11-11 00:00:00,Disturbance,11,Trust gate,0.0,0.25,1.0,0.0,15098.717774495593,2.965220567156813,3.2266384505845287,1.0
SimBench MV,2016-11-11 00:00:00,Disturbance,11,Ungated,0.0,0.25,1.0,0.0,15098.717774495593,2.965220567156813,3.2266384505845287,1.0
SimBench MV,2016-11-11 00:00:00,Disturbance,29,Agreement gate,0.0,0.25,1.0,0.0,15098.717774495593,2.965220567156813,3.2266384505845287,1.0
SimBench MV,2016-11-11 00:00:00,Disturbance,29,Metadata gate,0.0,0.25,1.0,0.0,15098.717774495593,2.965220567156813,3.2266384505845287,1.0
SimBench MV,2016-11-11 00:00:00,Disturbance,29,Trust gate,0.0,0.25,1.0,0.0,15098.717774495593,2.965220567156813,3.2266384505845287,1.0
SimBench MV,2016-11-11 00:00:00,Disturbance,29,Ungated,0.0,0.25,1.0,0.0,15098.717774495593,2.965220567156813,3.2266384505845287,1.0
SimBench MV,2016-11-11 00:00:00,Disturbance,47,Agreement gate,0.0,0.25,1.0,0.0,15098.717774495593,2.965220567156813,3.2266384505845287,1.0
SimBench MV,2016-11-11 00:00:00,Disturbance,47,Metadata gate,0.0,0.25,1.0,0.0,15098.717774495593,2.965220567156813,3.2266384505845287,1.0
SimBench MV,2016-11-11 00:00:00,Disturbance,47,Trust gate,0.0,0.25,1.0,0.0,15098.717774495593,2.965220567156813,3.2266384505845287,1.0
SimBench MV,2016-11-11 00:00:00,Disturbance,47,Ungated,0.0,0.25,1.0,0.0,15098.717774495593,2.965220567156813,3.2266384505845287,1.0
SimBench MV,2016-11-11 00:00:00,Missing,11,Agreement gate,0.0,0.25,0.9861111111111112,0.0,8210.77068569458,5.2397430257113795,3.036455675839506,1.0
SimBench MV,2016-11-11 00:00:00,Missing,11,Metadata gate,0.0,0.2222222222222222,0.8472222222222222,0.0,8199.762976666221,10.335798078138271,3.044879998900656,1.0
SimBench MV,2016-11-11 00:00:00,Missing,11,Trust gate,0.0,0.2777777777777778,0.9722222222222222,0.0,8225.68696690847,8.796846762706933,2.9718797949320614,1.0
SimBench MV,2016-11-11 00:00:00,Missing,11,Ungated,0.0,0.25,1.0,0.0,8208.647536323502,3.4064220925416566,3.027609220151816,1.0
SimBench MV,2016-11-11 00:00:00,Missing,29,Agreement gate,0.0,0.2361111111111111,1.0,0.0,8214.43335655674,2.247463451281551,3.051716805334408,1.0
SimBench MV,2016-11-11 00:00:00,Missing,29,Metadata gate,0.0,0.2361111111111111,0.8888888888888888,0.0,8214.43335655674,2.247463451281551,3.051716805334408,1.0
SimBench MV,2016-11-11 00:00:00,Missing,29,Trust gate,0.0,0.2361111111111111,0.9861111111111112,0.0,8214.43335655674,2.247463451281551,3.051716805334408,1.0
SimBench MV,2016-11-11 00:00:00,Missing,29,Ungated,0.0,0.2361111111111111,1.0,0.0,8214.43335655674,2.247463451281551,3.051716805334408,1.0
SimBench MV,2016-11-11 00:00:00,Missing,47,Agreement gate,0.0,0.25,0.9722222222222222,0.0,8210.88469460432,3.8327280178208047,3.036260898735939,1.0
SimBench MV,2016-11-11 00:00:00,Missing,47,Metadata gate,0.0,0.2361111111111111,0.8333333333333334,0.0,8218.007938123328,10.819001315485508,3.050225219071123,1.0
SimBench MV,2016-11-11 00:00:00,Missing,47,Trust gate,0.0,0.3194444444444444,0.9722222222222222,0.0,8207.342409392606,14.27357919207062,2.928136224473214,1.0
SimBench MV,2016-11-11 00:00:00,Missing,47,Ungated,0.0,0.2638888888888889,1.0,0.0,8193.764679485954,4.5906018721281825,3.059537116519698,1.0
SimBench MV,2016-11-11 00:00:00,Noisy,11,Agreement gate,0.0,0.09722222222222222,0.2777777777777778,0.0,9168.259500561735,23.492541136708603,2.794187106959276,1.0
SimBench MV,2016-11-11 00:00:00,Noisy,11,Metadata gate,0.0,0.2361111111111111,1.0,0.0,8744.190493455199,8.341121616284994,3.049375683183305,1.0
SimBench MV,2016-11-11 00:00:00,Noisy,11,Trust gate,0.0,0.375,1.0,0.0,8864.980013879567,22.893010266243024,2.75578910109405,1.0
SimBench MV,2016-11-11 00:00:00,Noisy,11,Ungated,0.0,0.2361111111111111,1.0,0.0,8744.190493455199,8.341121616284994,3.049375683183305,1.0
SimBench MV,2016-11-11 00:00:00,Noisy,29,Agreement gate,0.0,0.19444444444444445,0.3888888888888889,0.0,8468.669267213287,33.15510706170935,2.8874814197473357,1.0
SimBench MV,2016-11-11 00:00:00,Noisy,29,Metadata gate,0.0,0.2777777777777778,1.0,0.0,8248.443083034004,8.284631204507505,3.1084340708167097,1.0
SimBench MV,2016-11-11 00:00:00,Noisy,29,Trust gate,0.0,0.4027777777777778,1.0,0.0,8471.32180287458,19.417391777459187,2.784878134039313,1.0
SimBench MV,2016-11-11 00:00:00,Noisy,29,Ungated,0.0,0.2777777777777778,1.0,0.0,8248.443083034004,8.284631204507505,3.1084340708167097,1.0
SimBench MV,2016-11-11 00:00:00,Noisy,47,Agreement gate,0.0,0.18055555555555555,0.375,0.0,8864.474935564396,29.77628949539113,2.917719755215489,1.0
SimBench MV,2016-11-11 00:00:00,Noisy,47,Metadata gate,0.0,0.2916666666666667,1.0,0.0,8452.816284970375,8.790359119898403,3.0970429208248658,1.0
SimBench MV,2016-11-11 00:00:00,Noisy,47,Trust gate,0.0,0.4305555555555556,1.0,0.0,8690.662012040482,24.72283199335835,2.7637887399319894,1.0
SimBench MV,2016-11-11 00:00:00,Noisy,47,Ungated,0.0,0.2916666666666667,1.0,0.0,8452.816284970375,8.790359119898403,3.0970429208248658,1.0
SimBench MV,2016-11-21 00:00:00,Bias,11,Agreement gate,0.0,0.2361111111111111,0.9166666666666666,0.0,23554.360322067547,5.680476876698325,3.282908882340339,1.0
SimBench MV,2016-11-21 00:00:00,Bias,11,Metadata gate,0.0,0.25,1.0,0.0,23209.029127912978,1.0080182903098769,3.4527561899127748,1.0
SimBench MV,2016-11-21 00:00:00,Bias,11,Trust gate,0.0,0.2777777777777778,1.0,0.0,23213.545897201577,3.2395803477876157,3.3927697695340133,1.0
SimBench MV,2016-11-21 00:00:00,Bias,11,Ungated,0.0,0.25,1.0,0.0,23209.029127912978,1.0080182903098769,3.4527561899127748,1.0
SimBench MV,2016-11-21 00:00:00,Bias,29,Agreement gate,0.0,0.2361111111111111,0.9166666666666666,0.0,23554.360322067547,5.680476876698325,3.282908882340339,1.0
SimBench MV,2016-11-21 00:00:00,Bias,29,Metadata gate,0.0,0.25,1.0,0.0,23209.029127912978,1.0080182903098769,3.4527561899127748,1.0
SimBench MV,2016-11-21 00:00:00,Bias,29,Trust gate,0.0,0.2777777777777778,1.0,0.0,23213.545897201577,3.2395803477876157,3.3927697695340133,1.0
SimBench MV,2016-11-21 00:00:00,Bias,29,Ungated,0.0,0.25,1.0,0.0,23209.029127912978,1.0080182903098769,3.4527561899127748,1.0
SimBench MV,2016-11-21 00:00:00,Bias,47,Agreement gate,0.0,0.2361111111111111,0.9166666666666666,0.0,23554.360322067547,5.680476876698325,3.282908882340339,1.0
SimBench MV,2016-11-21 00:00:00,Bias,47,Metadata gate,0.0,0.25,1.0,0.0,23209.029127912978,1.0080182903098769,3.4527561899127748,1.0
SimBench MV,2016-11-21 00:00:00,Bias,47,Trust gate,0.0,0.2777777777777778,1.0,0.0,23213.545897201577,3.2395803477876157,3.3927697695340133,1.0
SimBench MV,2016-11-21 00:00:00,Bias,47,Ungated,0.0,0.25,1.0,0.0,23209.029127912978,1.0080182903098769,3.4527561899127748,1.0
SimBench MV,2016-11-21 00:00:00,Clean,11,Agreement gate,0.0,0.25,1.0,0.0,23209.029127912978,1.0080182903098769,3.4527561899127748,1.0
SimBench MV,2016-11-21 00:00:00,Clean,11,Metadata gate,0.0,0.25,1.0,0.0,23209.029127912978,1.0080182903098769,3.4527561899127748,1.0
SimBench MV,2016-11-21 00:00:00,Clean,11,Trust gate,0.0,0.25,1.0,0.0,23209.029127912978,1.0080182903098769,3.4527561899127748,1.0
SimBench MV,2016-11-21 00:00:00,Clean,11,Ungated,0.0,0.25,1.0,0.0,23209.029127912978,1.0080182903098769,3.4527561899127748,1.0
SimBench MV,2016-11-21 00:00:00,Clean,29,Agreement gate,0.0,0.25,1.0,0.0,23209.029127912978,1.0080182903098769,3.4527561899127748,1.0
SimBench MV,2016-11-21 00:00:00,Clean,29,Metadata gate,0.0,0.25,1.0,0.0,23209.029127912978,1.0080182903098769,3.4527561899127748,1.0
SimBench MV,2016-11-21 00:00:00,Clean,29,Trust gate,0.0,0.25,1.0,0.0,23209.029127912978,1.0080182903098769,3.4527561899127748,1.0
SimBench MV,2016-11-21 00:00:00,Clean,29,Ungated,0.0,0.25,1.0,0.0,23209.029127912978,1.0080182903098769,3.4527561899127748,1.0
SimBench MV,2016-11-21 00:00:00,Clean,47,Agreement gate,0.0,0.25,1.0,0.0,23209.029127912978,1.0080182903098769,3.4527561899127748,1.0
SimBench MV,2016-11-21 00:00:00,Clean,47,Metadata gate,0.0,0.25,1.0,0.0,23209.029127912978,1.0080182903098769,3.4527561899127748,1.0
SimBench MV,2016-11-21 00:00:00,Clean,47,Trust gate,0.0,0.25,1.0,0.0,23209.029127912978,1.0080182903098769,3.4527561899127748,1.0
SimBench MV,2016-11-21 00:00:00,Clean,47,Ungated,0.0,0.25,1.0,0.0,23209.029127912978,1.0080182903098769,3.4527561899127748,1.0
SimBench MV,2016-11-21 00:00:00,Delayed,11,Agreement gate,0.0,0.25,0.6527777777777778,0.0,23342.566321271097,6.264981050736013,3.457653576744285,1.0
SimBench MV,2016-11-21 00:00:00,Delayed,11,Metadata gate,0.0,0.0,0.0,0.0,25070.3373418277,55.898364965771,2.8536355293289972,1.0
SimBench MV,2016-11-21 00:00:00,Delayed,11,Trust gate,0.0,0.18055555555555555,0.3333333333333333,0.0,24420.390637759054,29.222133136937664,2.9205779226617734,1.0
SimBench MV,2016-11-21 00:00:00,Delayed,11,Ungated,0.0,0.25,1.0,0.0,23342.331909254888,2.85944580894755,3.4543048353595043,1.0
SimBench MV,2016-11-21 00:00:00,Delayed,29,Agreement gate,0.0,0.2638888888888889,0.6805555555555556,0.0,23306.383613221704,6.4693784108292345,3.4398353430574105,1.0
SimBench MV,2016-11-21 00:00:00,Delayed,29,Metadata gate,0.0,0.0,0.0,0.0,25070.3373418277,55.898364965771,2.8536355293289972,1.0
SimBench MV,2016-11-21 00:00:00,Delayed,29,Trust gate,0.0,0.2777777777777778,0.4305555555555556,0.0,24027.82948201092,31.70409852691124,2.992213901706316,1.0
SimBench MV,2016-11-21 00:00:00,Delayed,29,Ungated,0.0,0.25,1.0,0.0,23342.331909254888,2.85944580894755,3.4543048353595043,1.0
SimBench MV,2016-11-21 00:00:00,Delayed,47,Agreement gate,0.0,0.25,0.7083333333333334,0.0,23342.566321271097,6.264981050736013,3.457653576744285,1.0
SimBench MV,2016-11-21 00:00:00,Delayed,47,Metadata gate,0.0,0.0,0.0,0.0,25070.3373418277,55.898364965771,2.8536355293289972,1.0
SimBench MV,2016-11-21 00:00:00,Delayed,47,Trust gate,0.0,0.20833333333333334,0.3611111111111111,0.0,24293.217638485377,31.45250072432024,2.9472983774682544,1.0
SimBench MV,2016-11-21 00:00:00,Delayed,47,Ungated,0.0,0.25,1.0,0.0,23342.331909254888,2.85944580894755,3.4543048353595043,1.0
SimBench MV,2016-11-21 00:00:00,Disturbance,11,Agreement gate,0.0,0.25,1.0,0.0,29576.23857825232,1.0473274558190373,3.7299717064632167,1.0
SimBench MV,2016-11-21 00:00:00,Disturbance,11,Metadata gate,0.0,0.25,1.0,0.0,29576.23857825232,1.0473274558190373,3.7299717064632167,1.0
SimBench MV,2016-11-21 00:00:00,Disturbance,11,Trust gate,0.0,0.25,1.0,0.0,29576.23857825232,1.0473274558190373,3.7299717064632167,1.0
SimBench MV,2016-11-21 00:00:00,Disturbance,11,Ungated,0.0,0.25,1.0,0.0,29576.23857825232,1.0473274558190373,3.7299717064632167,1.0
SimBench MV,2016-11-21 00:00:00,Disturbance,29,Agreement gate,0.0,0.25,1.0,0.0,29576.23857825232,1.0473274558190373,3.7299717064632167,1.0
SimBench MV,2016-11-21 00:00:00,Disturbance,29,Metadata gate,0.0,0.25,1.0,0.0,29576.23857825232,1.0473274558190373,3.7299717064632167,1.0
SimBench MV,2016-11-21 00:00:00,Disturbance,29,Trust gate,0.0,0.25,1.0,0.0,29576.23857825232,1.0473274558190373,3.7299717064632167,1.0
SimBench MV,2016-11-21 00:00:00,Disturbance,29,Ungated,0.0,0.25,1.0,0.0,29576.23857825232,1.0473274558190373,3.7299717064632167,1.0
SimBench MV,2016-11-21 00:00:00,Disturbance,47,Agreement gate,0.0,0.25,1.0,0.0,29576.23857825232,1.0473274558190373,3.7299717064632167,1.0
SimBench MV,2016-11-21 00:00:00,Disturbance,47,Metadata gate,0.0,0.25,1.0,0.0,29576.23857825232,1.0473274558190373,3.7299717064632167,1.0
SimBench MV,2016-11-21 00:00:00,Disturbance,47,Trust gate,0.0,0.25,1.0,0.0,29576.23857825232,1.0473274558190373,3.7299717064632167,1.0
SimBench MV,2016-11-21 00:00:00,Disturbance,47,Ungated,0.0,0.25,1.0,0.0,29576.23857825232,1.0473274558190373,3.7299717064632167,1.0
SimBench MV,2016-11-21 00:00:00,Missing,11,Agreement gate,0.0,0.25,1.0,0.0,23209.029127912978,1.0080182903098769,3.4527561899127748,1.0
SimBench MV,2016-11-21 00:00:00,Missing,11,Metadata gate,0.0,0.2361111111111111,0.8472222222222222,0.0,23402.854960045304,9.560845740195425,3.3964426509818373,1.0
SimBench MV,2016-11-21 00:00:00,Missing,11,Trust gate,0.0,0.2916666666666667,0.9722222222222222,0.0,23215.926321481296,6.832372077518035,3.4043186282605666,1.0
SimBench MV,2016-11-21 00:00:00,Missing,11,Ungated,0.0,0.25,1.0,0.0,23209.029127912978,1.0080182903098769,3.4527561899127748,1.0
SimBench MV,2016-11-21 00:00:00,Missing,29,Agreement gate,0.0,0.25,1.0,0.0,23209.029127912978,1.0080182903098769,3.4527561899127748,1.0
SimBench MV,2016-11-21 00:00:00,Missing,29,Metadata gate,0.0,0.2638888888888889,0.8472222222222222,0.0,23190.22738896314,4.85924018738528,3.4484331857141926,1.0
SimBench MV,2016-11-21 00:00:00,Missing,29,Trust gate,0.0,0.2777777777777778,1.0,0.0,23188.19731208051,2.4833503280190588,3.4166273346425022,1.0
SimBench MV,2016-11-21 00:00:00,Missing,29,Ungated,0.0,0.25,1.0,0.0,23209.029127912978,1.0080182903098769,3.4527561899127748,1.0
SimBench MV,2016-11-21 00:00:00,Missing,47,Agreement gate,0.0,0.25,0.9722222222222222,0.0,23209.029127912978,1.0080182903098769,3.4527561899127748,1.0
SimBench MV,2016-11-21 00:00:00,Missing,47,Metadata gate,0.0,0.25,0.9027777777777778,0.0,23209.47440713401,5.708884690689475,3.455642155154475,1.0
SimBench MV,2016-11-21 00:00:00,Missing,47,Trust gate,0.0,0.2916666666666667,0.9861111111111112,0.0,23203.97193816666,3.3063704088116546,3.402360695220175,1.0
SimBench MV,2016-11-21 00:00:00,Missing,47,Ungated,0.0,0.25,1.0,0.0,23209.029127912978,1.0080182903098769,3.4527561899127748,1.0
SimBench MV,2016-11-21 00:00:00,Noisy,11,Agreement gate,0.0,0.16666666666666666,0.4305555555555556,0.0,23871.776003744864,24.29279915616646,3.232245061476653,1.0
SimBench MV,2016-11-21 00:00:00,Noisy,11,Metadata gate,0.0,0.2638888888888889,1.0,0.0,23190.34106530064,1.3670484944097876,3.447252382379072,1.0
SimBench MV,2016-11-21 00:00:00,Noisy,11,Trust gate,0.0,0.4444444444444444,0.9861111111111112,0.0,23362.422516929928,19.502207690465212,3.105380739705675,1.0
SimBench MV,2016-11-21 00:00:00,Noisy,11,Ungated,0.0,0.2638888888888889,1.0,0.0,23190.34106530064,1.3670484944097876,3.447252382379072,1.0
SimBench MV,2016-11-21 00:00:00,Noisy,29,Agreement gate,0.0,0.18055555555555555,0.3611111111111111,0.0,23973.926079195513,28.100648419470886,3.218939433110261,1.0
SimBench MV,2016-11-21 00:00:00,Noisy,29,Metadata gate,0.0,0.2638888888888889,1.0,0.0,24305.83342102072,13.87420014013084,3.39990562325616,1.0
SimBench MV,2016-11-21 00:00:00,Noisy,29,Trust gate,0.0,0.4027777777777778,1.0,0.0,24077.4920151714,24.148871108428157,3.058038374594737,1.0
SimBench MV,2016-11-21 00:00:00,Noisy,29,Ungated,0.0,0.2638888888888889,1.0,0.0,24305.83342102072,13.87420014013084,3.39990562325616,1.0
SimBench MV,2016-11-21 00:00:00,Noisy,47,Agreement gate,0.0,0.125,0.3333333333333333,0.0,24254.719244765034,29.409600619525033,3.133665768194441,1.0
SimBench MV,2016-11-21 00:00:00,Noisy,47,Metadata gate,0.0,0.2777777777777778,1.0,0.0,23523.268887027556,6.404830913286732,3.438583072810346,1.0
SimBench MV,2016-11-21 00:00:00,Noisy,47,Trust gate,0.0,0.4166666666666667,0.9583333333333334,0.0,23728.17865891103,23.830501672099654,3.0468557981772277,1.0
SimBench MV,2016-11-21 00:00:00,Noisy,47,Ungated,0.0,0.2777777777777778,1.0,0.0,23523.268887027556,6.404830913286732,3.438583072810346,1.0
SimBench MV,2016-12-01 00:00:00,Bias,11,Agreement gate,0.0,0.1527777777777778,0.8333333333333334,0.0,-7713.375420189702,7.564075172525826,3.799847572662767,1.0
SimBench MV,2016-12-01 00:00:00,Bias,11,Metadata gate,0.0,0.20833333333333334,1.0,0.0,-8244.602729602504,4.999995645611705,3.9071937898012266,1.0
SimBench MV,2016-12-01 00:00:00,Bias,11,Trust gate,0.0,0.19444444444444445,1.0,0.0,-8068.414785689382,5.637127819827661,3.838401077242783,1.0
SimBench MV,2016-12-01 00:00:00,Bias,11,Ungated,0.0,0.20833333333333334,1.0,0.0,-8244.602729602504,4.999995645611705,3.9071937898012266,1.0
SimBench MV,2016-12-01 00:00:00,Bias,29,Agreement gate,0.0,0.1527777777777778,0.8333333333333334,0.0,-7713.375420189702,7.564075172525826,3.799847572662767,1.0
SimBench MV,2016-12-01 00:00:00,Bias,29,Metadata gate,0.0,0.20833333333333334,1.0,0.0,-8244.602729602504,4.999995645611705,3.9071937898012266,1.0
SimBench MV,2016-12-01 00:00:00,Bias,29,Trust gate,0.0,0.19444444444444445,1.0,0.0,-7990.126436122255,6.224984192356779,3.804143827925374,1.0
SimBench MV,2016-12-01 00:00:00,Bias,29,Ungated,0.0,0.20833333333333334,1.0,0.0,-8244.602729602504,4.999995645611705,3.9071937898012266,1.0
SimBench MV,2016-12-01 00:00:00,Bias,47,Agreement gate,0.0,0.1527777777777778,0.8333333333333334,0.0,-7713.375420189702,7.564075172525826,3.799847572662767,1.0
SimBench MV,2016-12-01 00:00:00,Bias,47,Metadata gate,0.0,0.20833333333333334,1.0,0.0,-8244.602729602504,4.999995645611705,3.9071937898012266,1.0
SimBench MV,2016-12-01 00:00:00,Bias,47,Trust gate,0.0,0.19444444444444445,1.0,0.0,-8068.414785689382,5.637127819827661,3.838401077242783,1.0
SimBench MV,2016-12-01 00:00:00,Bias,47,Ungated,0.0,0.20833333333333334,1.0,0.0,-8244.602729602504,4.999995645611705,3.9071937898012266,1.0
SimBench MV,2016-12-01 00:00:00,Clean,11,Agreement gate,0.0,0.19444444444444445,1.0,0.0,-8224.597794395546,4.471026213117579,3.8700704710490568,1.0
SimBench MV,2016-12-01 00:00:00,Clean,11,Metadata gate,0.0,0.19444444444444445,1.0,0.0,-8224.597794395546,4.471026213117579,3.8700704710490568,1.0
SimBench MV,2016-12-01 00:00:00,Clean,11,Trust gate,0.0,0.19444444444444445,1.0,0.0,-8224.597794395546,4.471026213117579,3.8700704710490568,1.0
SimBench MV,2016-12-01 00:00:00,Clean,11,Ungated,0.0,0.19444444444444445,1.0,0.0,-8224.597794395546,4.471026213117579,3.8700704710490568,1.0
SimBench MV,2016-12-01 00:00:00,Clean,29,Agreement gate,0.0,0.19444444444444445,1.0,0.0,-8224.597794395546,4.471026213117579,3.8700704710490568,1.0
SimBench MV,2016-12-01 00:00:00,Clean,29,Metadata gate,0.0,0.19444444444444445,1.0,0.0,-8224.597794395546,4.471026213117579,3.8700704710490568,1.0
SimBench MV,2016-12-01 00:00:00,Clean,29,Trust gate,0.0,0.19444444444444445,1.0,0.0,-8224.597794395546,4.471026213117579,3.8700704710490568,1.0
SimBench MV,2016-12-01 00:00:00,Clean,29,Ungated,0.0,0.19444444444444445,1.0,0.0,-8224.597794395546,4.471026213117579,3.8700704710490568,1.0
SimBench MV,2016-12-01 00:00:00,Clean,47,Agreement gate,0.0,0.19444444444444445,1.0,0.0,-8224.597794395546,4.471026213117579,3.8700704710490568,1.0
SimBench MV,2016-12-01 00:00:00,Clean,47,Metadata gate,0.0,0.19444444444444445,1.0,0.0,-8224.597794395546,4.471026213117579,3.8700704710490568,1.0
SimBench MV,2016-12-01 00:00:00,Clean,47,Trust gate,0.0,0.19444444444444445,1.0,0.0,-8224.597794395546,4.471026213117579,3.8700704710490568,1.0
SimBench MV,2016-12-01 00:00:00,Clean,47,Ungated,0.0,0.19444444444444445,1.0,0.0,-8224.597794395546,4.471026213117579,3.8700704710490568,1.0
SimBench MV,2016-12-01 00:00:00,Delayed,11,Agreement gate,0.0,0.1111111111111111,0.4583333333333333,0.0,-8192.350431770668,12.452306530215218,3.8844638155957187,1.0
SimBench MV,2016-12-01 00:00:00,Delayed,11,Metadata gate,0.0,0.0,0.0,0.0,-7252.020725722286,112.48285601917367,3.7916384498685822,1.0
SimBench MV,2016-12-01 00:00:00,Delayed,11,Trust gate,0.0,0.027777777777777776,0.027777777777777776,0.0,-7379.619380014784,63.776136504496044,3.760422092565385,1.0
SimBench MV,2016-12-01 00:00:00,Delayed,11,Ungated,0.0,0.19444444444444445,1.0,0.0,-8138.592172057923,11.689310624524007,3.874750093554813,1.0
SimBench MV,2016-12-01 00:00:00,Delayed,29,Agreement gate,0.0,0.1527777777777778,0.5,0.0,-8065.161478333687,20.754537616997553,3.9055174387457967,1.0
SimBench MV,2016-12-01 00:00:00,Delayed,29,Metadata gate,0.0,0.0,0.0,0.0,-7252.020725722286,112.48285601917367,3.7916384498685822,1.0
SimBench MV,2016-12-01 00:00:00,Delayed,29,Trust gate,0.0,0.013888888888888888,0.013888888888888888,0.0,-7324.957647536191,88.56872030730113,3.773215404522548,1.0
SimBench MV,2016-12-01 00:00:00,Delayed,29,Ungated,0.0,0.19444444444444445,1.0,0.0,-8138.592172057923,11.689310624524007,3.874750093554813,1.0
SimBench MV,2016-12-01 00:00:00,Delayed,47,Agreement gate,0.0,0.1527777777777778,0.4861111111111111,0.0,-7861.737862854583,19.049322836276893,3.863275035406707,1.0
SimBench MV,2016-12-01 00:00:00,Delayed,47,Metadata gate,0.0,0.0,0.0,0.0,-7252.020725722286,112.48285601917367,3.7916384498685822,1.0
SimBench MV,2016-12-01 00:00:00,Delayed,47,Trust gate,0.0,0.027777777777777776,0.027777777777777776,0.0,-7379.619380014784,63.776136504496044,3.760422092565385,1.0
SimBench MV,2016-12-01 00:00:00,Delayed,47,Ungated,0.0,0.19444444444444445,1.0,0.0,-8138.592172057923,11.689310624524007,3.874750093554813,1.0
SimBench MV,2016-12-01 00:00:00,Disturbance,11,Agreement gate,0.0,0.2777777777777778,1.0,0.0,-6.008338718718193,8.027016965819021,3.75397927162309,1.0
SimBench MV,2016-12-01 00:00:00,Disturbance,11,Metadata gate,0.0,0.2777777777777778,1.0,0.0,-6.008338718718193,8.027016965819021,3.75397927162309,1.0
SimBench MV,2016-12-01 00:00:00,Disturbance,11,Trust gate,0.0,0.2777777777777778,1.0,0.0,-6.008338718718193,8.027016965819021,3.75397927162309,1.0
SimBench MV,2016-12-01 00:00:00,Disturbance,11,Ungated,0.0,0.2777777777777778,1.0,0.0,-6.008338718718193,8.027016965819021,3.75397927162309,1.0
SimBench MV,2016-12-01 00:00:00,Disturbance,29,Agreement gate,0.0,0.2777777777777778,1.0,0.0,-6.008338718718193,8.027016965819021,3.75397927162309,1.0
SimBench MV,2016-12-01 00:00:00,Disturbance,29,Metadata gate,0.0,0.2777777777777778,1.0,0.0,-6.008338718718193,8.027016965819021,3.75397927162309,1.0
SimBench MV,2016-12-01 00:00:00,Disturbance,29,Trust gate,0.0,0.2777777777777778,1.0,0.0,-6.008338718718193,8.027016965819021,3.75397927162309,1.0
SimBench MV,2016-12-01 00:00:00,Disturbance,29,Ungated,0.0,0.2777777777777778,1.0,0.0,-6.008338718718193,8.027016965819021,3.75397927162309,1.0
SimBench MV,2016-12-01 00:00:00,Disturbance,47,Agreement gate,0.0,0.2777777777777778,1.0,0.0,-6.008338718718193,8.027016965819021,3.75397927162309,1.0
SimBench MV,2016-12-01 00:00:00,Disturbance,47,Metadata gate,0.0,0.2777777777777778,1.0,0.0,-6.008338718718193,8.027016965819021,3.75397927162309,1.0
SimBench MV,2016-12-01 00:00:00,Disturbance,47,Trust gate,0.0,0.2777777777777778,1.0,0.0,15.838543240150358,8.330445881914418,3.7494848968108303,1.0
SimBench MV,2016-12-01 00:00:00,Disturbance,47,Ungated,0.0,0.2777777777777778,1.0,0.0,-6.008338718718193,8.027016965819021,3.75397927162309,1.0
SimBench MV,2016-12-01 00:00:00,Missing,11,Agreement gate,0.0,0.20833333333333334,1.0,0.0,-8225.181118281844,5.969625433161599,3.855487373911054,1.0
SimBench MV,2016-12-01 00:00:00,Missing,11,Metadata gate,0.0,0.19444444444444445,0.9027777777777778,0.0,-8224.86079331675,6.474677802172082,3.863495498038965,1.0
SimBench MV,2016-12-01 00:00:00,Missing,11,Trust gate,0.0,0.25,1.0,0.0,-8226.23154219481,9.474518311486612,3.8292267744820307,1.0
SimBench MV,2016-12-01 00:00:00,Missing,11,Ungated,0.0,0.20833333333333334,1.0,0.0,-8225.181118281844,5.969625433161599,3.855487373911054,1.0
SimBench MV,2016-12-01 00:00:00,Missing,29,Agreement gate,0.0,0.18055555555555555,0.9722222222222222,0.0,-8144.556229781523,5.082544370165077,3.8602862349787492,1.0
SimBench MV,2016-12-01 00:00:00,Missing,29,Metadata gate,0.0,0.1527777777777778,0.9305555555555556,0.0,-7907.118990333587,6.875035040755876,3.8268429162258837,1.0
SimBench MV,2016-12-01 00:00:00,Missing,29,Trust gate,0.0,0.19444444444444445,1.0,0.0,-8009.917867742219,7.960428808134787,3.816559352527785,1.0
SimBench MV,2016-12-01 00:00:00,Missing,29,Ungated,0.0,0.18055555555555555,1.0,0.0,-8144.556229781523,5.082544370165077,3.8602862349787492,1.0
SimBench MV,2016-12-01 00:00:00,Missing,47,Agreement gate,0.0,0.18055555555555555,0.9861111111111112,0.0,-8144.556229781523,5.082544370165077,3.8602862349787492,1.0
SimBench MV,2016-12-01 00:00:00,Missing,47,Metadata gate,0.0,0.1527777777777778,0.9027777777777778,0.0,-7907.118990333587,6.875035040755876,3.8268429162258837,1.0
SimBench MV,2016-12-01 00:00:00,Missing,47,Trust gate,0.0,0.19444444444444445,1.0,0.0,-8027.9092769789895,7.7088381612062635,3.818024126558189,1.0
SimBench MV,2016-12-01 00:00:00,Missing,47,Ungated,0.0,0.18055555555555555,1.0,0.0,-8144.556229781523,5.082544370165077,3.8602862349787492,1.0
SimBench MV,2016-12-01 00:00:00,Noisy,11,Agreement gate,0.0,0.027777777777777776,0.2916666666666667,0.0,-7432.653649709097,15.463421130008491,3.7883153502042686,1.0
SimBench MV,2016-12-01 00:00:00,Noisy,11,Metadata gate,0.013888888888888888,0.19444444444444445,1.0,9.970055659071066e-06,-7382.5840797838255,13.309627038475089,4.024914971141439,1.0
SimBench MV,2016-12-01 00:00:00,Noisy,11,Trust gate,0.0,0.2361111111111111,1.0,0.0,-7822.198966425563,11.579215308228608,3.8010182488802235,1.0
SimBench MV,2016-12-01 00:00:00,Noisy,11,Ungated,0.013888888888888888,0.19444444444444445,1.0,9.970055659071066e-06,-7382.5840797838255,13.309627038475089,4.024914971141439,1.0
SimBench MV,2016-12-01 00:00:00,Noisy,29,Agreement gate,0.013888888888888888,0.1527777777777778,0.375,9.970055659071066e-06,-7674.039553119934,14.800678754308823,3.929626147527908,1.0
SimBench MV,2016-12-01 00:00:00,Noisy,29,Metadata gate,0.013888888888888888,0.19444444444444445,1.0,9.970055659071066e-06,-7569.990429686252,15.748307133682768,3.9637638072608135,1.0
SimBench MV,2016-12-01 00:00:00,Noisy,29,Trust gate,0.0,0.2361111111111111,1.0,0.0,-7629.406701722222,17.261808200677493,3.807788736316536,1.0
SimBench MV,2016-12-01 00:00:00,Noisy,29,Ungated,0.013888888888888888,0.19444444444444445,1.0,9.970055659071066e-06,-7569.990429686252,15.748307133682768,3.9637638072608135,1.0
SimBench MV,2016-12-01 00:00:00,Noisy,47,Agreement gate,0.0,0.027777777777777776,0.3055555555555556,0.0,-7433.532530775812,7.9336525034105865,3.766343318744671,1.0
SimBench MV,2016-12-01 00:00:00,Noisy,47,Metadata gate,0.041666666666666664,0.2222222222222222,1.0,9.712109976755473e-05,-7256.651565662001,13.882266999495917,3.9391960744174086,1.0
SimBench MV,2016-12-01 00:00:00,Noisy,47,Trust gate,0.0,0.25,1.0,0.0,-7345.8121475185,20.225113186017552,3.788390699148207,1.0
SimBench MV,2016-12-01 00:00:00,Noisy,47,Ungated,0.041666666666666664,0.2222222222222222,1.0,9.712109976755473e-05,-7256.651565662001,13.882266999495917,3.9391960744174086,1.0
SimBench MV,2016-12-11 00:00:00,Bias,11,Agreement gate,0.0,0.027777777777777776,0.8333333333333334,0.0,-17842.570923613588,0.0,5.1542955535351815,1.0
SimBench MV,2016-12-11 00:00:00,Bias,11,Metadata gate,0.0,0.027777777777777776,1.0,0.0,-17842.570923613588,0.0,5.1542955535351815,1.0
SimBench MV,2016-12-11 00:00:00,Bias,11,Trust gate,0.0,0.027777777777777776,1.0,0.0,-17842.570923613588,0.0,5.1542955535351815,1.0
SimBench MV,2016-12-11 00:00:00,Bias,11,Ungated,0.0,0.027777777777777776,1.0,0.0,-17842.570923613588,0.0,5.1542955535351815,1.0
SimBench MV,2016-12-11 00:00:00,Bias,29,Agreement gate,0.0,0.027777777777777776,0.8333333333333334,0.0,-17842.570923613588,0.0,5.1542955535351815,1.0
SimBench MV,2016-12-11 00:00:00,Bias,29,Metadata gate,0.0,0.027777777777777776,1.0,0.0,-17842.570923613588,0.0,5.1542955535351815,1.0
SimBench MV,2016-12-11 00:00:00,Bias,29,Trust gate,0.0,0.027777777777777776,1.0,0.0,-17842.570923613588,0.0,5.1542955535351815,1.0
SimBench MV,2016-12-11 00:00:00,Bias,29,Ungated,0.0,0.027777777777777776,1.0,0.0,-17842.570923613588,0.0,5.1542955535351815,1.0
SimBench MV,2016-12-11 00:00:00,Bias,47,Agreement gate,0.0,0.027777777777777776,0.8333333333333334,0.0,-17842.570923613588,0.0,5.1542955535351815,1.0
SimBench MV,2016-12-11 00:00:00,Bias,47,Metadata gate,0.0,0.027777777777777776,1.0,0.0,-17842.570923613588,0.0,5.1542955535351815,1.0
SimBench MV,2016-12-11 00:00:00,Bias,47,Trust gate,0.0,0.027777777777777776,1.0,0.0,-17842.570923613588,0.0,5.1542955535351815,1.0
SimBench MV,2016-12-11 00:00:00,Bias,47,Ungated,0.0,0.027777777777777776,1.0,0.0,-17842.570923613588,0.0,5.1542955535351815,1.0
SimBench MV,2016-12-11 00:00:00,Clean,11,Agreement gate,0.0,0.027777777777777776,1.0,0.0,-17842.570923613588,0.0,5.1542955535351815,1.0
SimBench MV,2016-12-11 00:00:00,Clean,11,Metadata gate,0.0,0.027777777777777776,1.0,0.0,-17842.570923613588,0.0,5.1542955535351815,1.0
SimBench MV,2016-12-11 00:00:00,Clean,11,Trust gate,0.0,0.027777777777777776,1.0,0.0,-17842.570923613588,0.0,5.1542955535351815,1.0
SimBench MV,2016-12-11 00:00:00,Clean,11,Ungated,0.0,0.027777777777777776,1.0,0.0,-17842.570923613588,0.0,5.1542955535351815,1.0
SimBench MV,2016-12-11 00:00:00,Clean,29,Agreement gate,0.0,0.027777777777777776,1.0,0.0,-17842.570923613588,0.0,5.1542955535351815,1.0
SimBench MV,2016-12-11 00:00:00,Clean,29,Metadata gate,0.0,0.027777777777777776,1.0,0.0,-17842.570923613588,0.0,5.1542955535351815,1.0
SimBench MV,2016-12-11 00:00:00,Clean,29,Trust gate,0.0,0.027777777777777776,1.0,0.0,-17842.570923613588,0.0,5.1542955535351815,1.0
SimBench MV,2016-12-11 00:00:00,Clean,29,Ungated,0.0,0.027777777777777776,1.0,0.0,-17842.570923613588,0.0,5.1542955535351815,1.0
SimBench MV,2016-12-11 00:00:00,Clean,47,Agreement gate,0.0,0.027777777777777776,1.0,0.0,-17842.570923613588,0.0,5.1542955535351815,1.0
SimBench MV,2016-12-11 00:00:00,Clean,47,Metadata gate,0.0,0.027777777777777776,1.0,0.0,-17842.570923613588,0.0,5.1542955535351815,1.0
SimBench MV,2016-12-11 00:00:00,Clean,47,Trust gate,0.0,0.027777777777777776,1.0,0.0,-17842.570923613588,0.0,5.1542955535351815,1.0
SimBench MV,2016-12-11 00:00:00,Clean,47,Ungated,0.0,0.027777777777777776,1.0,0.0,-17842.570923613588,0.0,5.1542955535351815,1.0
SimBench MV,2016-12-11 00:00:00,Delayed,11,Agreement gate,0.0,0.027777777777777776,0.7083333333333334,0.0,-17842.799689239066,1.9982804696560947,5.148576412356358,1.0
SimBench MV,2016-12-11 00:00:00,Delayed,11,Metadata gate,0.0,0.0,0.0,0.0,-17662.37838579138,144.97162705955205,5.146608998569046,1.0
SimBench MV,2016-12-11 00:00:00,Delayed,11,Trust gate,0.0,0.05555555555555555,0.3472222222222222,0.0,-17843.65818230878,7.014639629136092,5.1271140856977775,1.0
SimBench MV,2016-12-11 00:00:00,Delayed,11,Ungated,0.0,0.027777777777777776,1.0,0.0,-17842.570923613588,0.0,5.1542955535351815,1.0
SimBench MV,2016-12-11 00:00:00,Delayed,29,Agreement gate,0.0,0.027777777777777776,0.7777777777777778,0.0,-17842.799689239066,1.9982804696560947,5.148576412356358,1.0
SimBench MV,2016-12-11 00:00:00,Delayed,29,Metadata gate,0.0,0.0,0.0,0.0,-17662.37838579138,144.97162705955205,5.146608998569046,1.0
SimBench MV,2016-12-11 00:00:00,Delayed,29,Trust gate,0.0,0.05555555555555555,0.3611111111111111,0.0,-17843.7235077903,9.02689038839474,5.125480948724059,1.0
SimBench MV,2016-12-11 00:00:00,Delayed,29,Ungated,0.0,0.027777777777777776,1.0,0.0,-17842.570923613588,0.0,5.1542955535351815,1.0
SimBench MV,2016-12-11 00:00:00,Delayed,47,Agreement gate,0.0,0.027777777777777776,0.75,0.0,-17842.799689239066,1.9982804696560947,5.148576412356358,1.0
SimBench MV,2016-12-11 00:00:00,Delayed,47,Metadata gate,0.0,0.0,0.0,0.0,-17662.37838579138,144.97162705955205,5.146608998569046,1.0
SimBench MV,2016-12-11 00:00:00,Delayed,47,Trust gate,0.0,0.05555555555555555,0.3888888888888889,0.0,-17843.65818230878,7.014639629136092,5.1271140856977775,1.0
SimBench MV,2016-12-11 00:00:00,Delayed,47,Ungated,0.0,0.027777777777777776,1.0,0.0,-17842.570923613588,0.0,5.1542955535351815,1.0
SimBench MV,2016-12-11 00:00:00,Disturbance,11,Agreement gate,0.0,0.027777777777777776,1.0,0.0,-11507.32327457848,1.1880536931171715,4.067522575383989,1.0
SimBench MV,2016-12-11 00:00:00,Disturbance,11,Metadata gate,0.0,0.027777777777777776,1.0,0.0,-11507.32327457848,1.1880536931171715,4.067522575383989,1.0
SimBench MV,2016-12-11 00:00:00,Disturbance,11,Trust gate,0.0,0.027777777777777776,1.0,0.0,-11507.32327457848,1.1880536931171715,4.067522575383989,1.0
SimBench MV,2016-12-11 00:00:00,Disturbance,11,Ungated,0.0,0.027777777777777776,1.0,0.0,-11507.32327457848,1.1880536931171715,4.067522575383989,1.0
SimBench MV,2016-12-11 00:00:00,Disturbance,29,Agreement gate,0.0,0.027777777777777776,1.0,0.0,-11507.32327457848,1.1880536931171715,4.067522575383989,1.0
SimBench MV,2016-12-11 00:00:00,Disturbance,29,Metadata gate,0.0,0.027777777777777776,1.0,0.0,-11507.32327457848,1.1880536931171715,4.067522575383989,1.0
SimBench MV,2016-12-11 00:00:00,Disturbance,29,Trust gate,0.0,0.027777777777777776,1.0,0.0,-11507.32327457848,1.1880536931171715,4.067522575383989,1.0
SimBench MV,2016-12-11 00:00:00,Disturbance,29,Ungated,0.0,0.027777777777777776,1.0,0.0,-11507.32327457848,1.1880536931171715,4.067522575383989,1.0
SimBench MV,2016-12-11 00:00:00,Disturbance,47,Agreement gate,0.0,0.027777777777777776,1.0,0.0,-11507.32327457848,1.1880536931171715,4.067522575383989,1.0
SimBench MV,2016-12-11 00:00:00,Disturbance,47,Metadata gate,0.0,0.027777777777777776,1.0,0.0,-11507.32327457848,1.1880536931171715,4.067522575383989,1.0
SimBench MV,2016-12-11 00:00:00,Disturbance,47,Trust gate,0.0,0.027777777777777776,1.0,0.0,-11507.32327457848,1.1880536931171715,4.067522575383989,1.0
SimBench MV,2016-12-11 00:00:00,Disturbance,47,Ungated,0.0,0.027777777777777776,1.0,0.0,-11507.32327457848,1.1880536931171715,4.067522575383989,1.0
SimBench MV,2016-12-11 00:00:00,Missing,11,Agreement gate,0.0,0.027777777777777776,0.9722222222222222,0.0,-17842.570923613588,0.0,5.1542955535351815,1.0
SimBench MV,2016-12-11 00:00:00,Missing,11,Metadata gate,0.0,0.027777777777777776,0.875,0.0,-17842.570923613588,0.0,5.1542955535351815,1.0
SimBench MV,2016-12-11 00:00:00,Missing,11,Trust gate,0.0,0.027777777777777776,0.9444444444444444,0.0,-17842.570923613588,0.0,5.1542955535351815,1.0
SimBench MV,2016-12-11 00:00:00,Missing,11,Ungated,0.0,0.027777777777777776,1.0,0.0,-17842.570923613588,0.0,5.1542955535351815,1.0
SimBench MV,2016-12-11 00:00:00,Missing,29,Agreement gate,0.0,0.027777777777777776,1.0,0.0,-17842.570923613588,0.0,5.1542955535351815,1.0
SimBench MV,2016-12-11 00:00:00,Missing,29,Metadata gate,0.0,0.027777777777777776,0.9444444444444444,0.0,-17842.570923613588,0.0,5.1542955535351815,1.0
SimBench MV,2016-12-11 00:00:00,Missing,29,Trust gate,0.0,0.027777777777777776,1.0,0.0,-17842.570923613588,0.0,5.1542955535351815,1.0
SimBench MV,2016-12-11 00:00:00,Missing,29,Ungated,0.0,0.027777777777777776,1.0,0.0,-17842.570923613588,0.0,5.1542955535351815,1.0
SimBench MV,2016-12-11 00:00:00,Missing,47,Agreement gate,0.0,0.027777777777777776,0.9861111111111112,0.0,-17842.570923613588,0.0,5.1542955535351815,1.0
SimBench MV,2016-12-11 00:00:00,Missing,47,Metadata gate,0.0,0.027777777777777776,0.8472222222222222,0.0,-17842.570923613588,0.0,5.1542955535351815,1.0
SimBench MV,2016-12-11 00:00:00,Missing,47,Trust gate,0.0,0.027777777777777776,1.0,0.0,-17842.570923613588,0.0,5.1542955535351815,1.0
SimBench MV,2016-12-11 00:00:00,Missing,47,Ungated,0.0,0.027777777777777776,1.0,0.0,-17842.570923613588,0.0,5.1542955535351815,1.0
SimBench MV,2016-12-11 00:00:00,Noisy,11,Agreement gate,0.0,0.027777777777777776,0.3333333333333333,0.0,-17842.863798854465,8.509374672881567,5.146973671974778,1.0
SimBench MV,2016-12-11 00:00:00,Noisy,11,Metadata gate,0.0,0.027777777777777776,1.0,0.0,-17842.570923613588,0.0,5.1542955535351815,1.0
SimBench MV,2016-12-11 00:00:00,Noisy,11,Trust gate,0.0,0.041666666666666664,1.0,0.0,-17842.637959496693,0.5039893412231602,5.152619655327033,1.0
SimBench MV,2016-12-11 00:00:00,Noisy,11,Ungated,0.0,0.027777777777777776,1.0,0.0,-17842.570923613588,0.0,5.1542955535351815,1.0
SimBench MV,2016-12-11 00:00:00,Noisy,29,Agreement gate,0.0,0.027777777777777776,0.3472222222222222,0.0,-17842.68273046678,4.547579893091315,5.151500381666912,1.0
SimBench MV,2016-12-11 00:00:00,Noisy,29,Metadata gate,0.0,0.027777777777777776,1.0,0.0,-17842.570923613588,0.0,5.1542955535351815,1.0
SimBench MV,2016-12-11 00:00:00,Noisy,29,Trust gate,0.0,0.027777777777777776,1.0,0.0,-17842.570923613588,0.0,5.1542955535351815,1.0
SimBench MV,2016-12-11 00:00:00,Noisy,29,Ungated,0.0,0.027777777777777776,1.0,0.0,-17842.570923613588,0.0,5.1542955535351815,1.0
SimBench MV,2016-12-11 00:00:00,Noisy,47,Agreement gate,0.0,0.027777777777777776,0.3472222222222222,0.0,-17842.638145246176,5.053526432815719,5.152615010274195,1.0
SimBench MV,2016-12-11 00:00:00,Noisy,47,Metadata gate,0.0,0.027777777777777776,1.0,0.0,-17842.570923613588,0.0,5.1542955535351815,1.0
SimBench MV,2016-12-11 00:00:00,Noisy,47,Trust gate,0.0,0.041666666666666664,0.9861111111111112,0.0,-17842.637959496693,0.5039893412231602,5.152619655327033,1.0
SimBench MV,2016-12-11 00:00:00,Noisy,47,Ungated,0.0,0.027777777777777776,1.0,0.0,-17842.570923613588,0.0,5.1542955535351815,1.0
SimBench MV,2016-12-21 00:00:00,Bias,11,Agreement gate,0.0,0.08333333333333333,0.8333333333333334,0.0,-2510.4095146109016,1.1384072300346375,3.6969945109668534,1.0
SimBench MV,2016-12-21 00:00:00,Bias,11,Metadata gate,0.0,0.08333333333333333,1.0,0.0,-2510.4095146109016,1.1384072300346375,3.6969945109668534,1.0
SimBench MV,2016-12-21 00:00:00,Bias,11,Trust gate,0.0,0.08333333333333333,1.0,0.0,-2510.4095146109016,1.1384072300346375,3.6969945109668534,1.0
SimBench MV,2016-12-21 00:00:00,Bias,11,Ungated,0.0,0.08333333333333333,1.0,0.0,-2510.4095146109016,1.1384072300346375,3.6969945109668534,1.0
SimBench MV,2016-12-21 00:00:00,Bias,29,Agreement gate,0.0,0.08333333333333333,0.8333333333333334,0.0,-2510.4095146109016,1.1384072300346375,3.6969945109668534,1.0
SimBench MV,2016-12-21 00:00:00,Bias,29,Metadata gate,0.0,0.08333333333333333,1.0,0.0,-2510.4095146109016,1.1384072300346375,3.6969945109668534,1.0
SimBench MV,2016-12-21 00:00:00,Bias,29,Trust gate,0.0,0.08333333333333333,1.0,0.0,-2510.4095146109016,1.1384072300346375,3.6969945109668534,1.0
SimBench MV,2016-12-21 00:00:00,Bias,29,Ungated,0.0,0.08333333333333333,1.0,0.0,-2510.4095146109016,1.1384072300346375,3.6969945109668534,1.0
SimBench MV,2016-12-21 00:00:00,Bias,47,Agreement gate,0.0,0.08333333333333333,0.8333333333333334,0.0,-2510.4095146109016,1.1384072300346375,3.6969945109668534,1.0
SimBench MV,2016-12-21 00:00:00,Bias,47,Metadata gate,0.0,0.08333333333333333,1.0,0.0,-2510.4095146109016,1.1384072300346375,3.6969945109668534,1.0
SimBench MV,2016-12-21 00:00:00,Bias,47,Trust gate,0.0,0.08333333333333333,1.0,0.0,-2510.4095146109016,1.1384072300346375,3.6969945109668534,1.0
SimBench MV,2016-12-21 00:00:00,Bias,47,Ungated,0.0,0.08333333333333333,1.0,0.0,-2510.4095146109016,1.1384072300346375,3.6969945109668534,1.0
SimBench MV,2016-12-21 00:00:00,Clean,11,Agreement gate,0.0,0.08333333333333333,1.0,0.0,-2510.4095146109016,1.1384072300346375,3.6969945109668534,1.0
SimBench MV,2016-12-21 00:00:00,Clean,11,Metadata gate,0.0,0.08333333333333333,1.0,0.0,-2510.4095146109016,1.1384072300346375,3.6969945109668534,1.0
SimBench MV,2016-12-21 00:00:00,Clean,11,Trust gate,0.0,0.08333333333333333,1.0,0.0,-2510.4095146109016,1.1384072300346375,3.6969945109668534,1.0
SimBench MV,2016-12-21 00:00:00,Clean,11,Ungated,0.0,0.08333333333333333,1.0,0.0,-2510.4095146109016,1.1384072300346375,3.6969945109668534,1.0
SimBench MV,2016-12-21 00:00:00,Clean,29,Agreement gate,0.0,0.08333333333333333,1.0,0.0,-2510.4095146109016,1.1384072300346375,3.6969945109668534,1.0
SimBench MV,2016-12-21 00:00:00,Clean,29,Metadata gate,0.0,0.08333333333333333,1.0,0.0,-2510.4095146109016,1.1384072300346375,3.6969945109668534,1.0
SimBench MV,2016-12-21 00:00:00,Clean,29,Trust gate,0.0,0.08333333333333333,1.0,0.0,-2510.4095146109016,1.1384072300346375,3.6969945109668534,1.0
SimBench MV,2016-12-21 00:00:00,Clean,29,Ungated,0.0,0.08333333333333333,1.0,0.0,-2510.4095146109016,1.1384072300346375,3.6969945109668534,1.0
SimBench MV,2016-12-21 00:00:00,Clean,47,Agreement gate,0.0,0.08333333333333333,1.0,0.0,-2510.4095146109016,1.1384072300346375,3.6969945109668534,1.0
SimBench MV,2016-12-21 00:00:00,Clean,47,Metadata gate,0.0,0.08333333333333333,1.0,0.0,-2510.4095146109016,1.1384072300346375,3.6969945109668534,1.0
SimBench MV,2016-12-21 00:00:00,Clean,47,Trust gate,0.0,0.08333333333333333,1.0,0.0,-2510.4095146109016,1.1384072300346375,3.6969945109668534,1.0
SimBench MV,2016-12-21 00:00:00,Clean,47,Ungated,0.0,0.08333333333333333,1.0,0.0,-2510.4095146109016,1.1384072300346375,3.6969945109668534,1.0
SimBench MV,2016-12-21 00:00:00,Delayed,11,Agreement gate,0.0,0.041666666666666664,0.625,0.0,-2167.0134286550056,10.755699788733338,3.608144171537862,1.0
SimBench MV,2016-12-21 00:00:00,Delayed,11,Metadata gate,0.0,0.0,0.0,0.0,-1811.2529040084887,95.27613786925991,3.594176908296694,1.0
SimBench MV,2016-12-21 00:00:00,Delayed,11,Trust gate,0.0,0.05555555555555555,0.16666666666666666,0.0,-1993.5345730429242,17.575043860297413,3.5496351801582926,1.0
SimBench MV,2016-12-21 00:00:00,Delayed,11,Ungated,0.0,0.08333333333333333,1.0,0.0,-2512.712010701985,5.946646785533719,3.687400766301122,1.0
SimBench MV,2016-12-21 00:00:00,Delayed,29,Agreement gate,0.0,0.05555555555555555,0.6805555555555556,0.0,-2341.28521870107,10.349155495274248,3.6445658378266215,1.0
SimBench MV,2016-12-21 00:00:00,Delayed,29,Metadata gate,0.0,0.0,0.0,0.0,-1811.2529040084887,95.27613786925991,3.594176908296694,1.0
SimBench MV,2016-12-21 00:00:00,Delayed,29,Trust gate,0.0,0.05555555555555555,0.16666666666666666,0.0,-1993.636685238562,16.061469532876647,3.547082385111261,1.0
SimBench MV,2016-12-21 00:00:00,Delayed,29,Ungated,0.0,0.08333333333333333,1.0,0.0,-2512.712010701985,5.946646785533719,3.687400766301122,1.0
SimBench MV,2016-12-21 00:00:00,Delayed,47,Agreement gate,0.0,0.041666666666666664,0.625,0.0,-2167.091681724069,12.768510175510372,3.6061878447407953,1.0
SimBench MV,2016-12-21 00:00:00,Delayed,47,Metadata gate,0.0,0.0,0.0,0.0,-1811.2529040084887,95.27613786925991,3.594176908296694,1.0
SimBench MV,2016-12-21 00:00:00,Delayed,47,Trust gate,0.0,0.05555555555555555,0.09722222222222222,0.0,-1993.4092438529624,32.4165975629953,3.552768412725247,1.0
SimBench MV,2016-12-21 00:00:00,Delayed,47,Ungated,0.0,0.08333333333333333,1.0,0.0,-2512.712010701985,5.946646785533719,3.687400766301122,1.0
SimBench MV,2016-12-21 00:00:00,Disturbance,11,Agreement gate,0.0,0.18055555555555555,1.0,0.0,7811.1580871737415,1.571250168871749,3.7485877450410694,1.0
SimBench MV,2016-12-21 00:00:00,Disturbance,11,Metadata gate,0.0,0.18055555555555555,1.0,0.0,7811.1580871737415,1.571250168871749,3.7485877450410694,1.0
SimBench MV,2016-12-21 00:00:00,Disturbance,11,Trust gate,0.0,0.25,1.0,0.0,7946.984958903104,10.344055720464551,3.6680977591581088,1.0
SimBench MV,2016-12-21 00:00:00,Disturbance,11,Ungated,0.0,0.18055555555555555,1.0,0.0,7811.1580871737415,1.571250168871749,3.7485877450410694,1.0
SimBench MV,2016-12-21 00:00:00,Disturbance,29,Agreement gate,0.0,0.18055555555555555,1.0,0.0,7811.1580871737415,1.571250168871749,3.7485877450410694,1.0
SimBench MV,2016-12-21 00:00:00,Disturbance,29,Metadata gate,0.0,0.18055555555555555,1.0,0.0,7811.1580871737415,1.571250168871749,3.7485877450410694,1.0
SimBench MV,2016-12-21 00:00:00,Disturbance,29,Trust gate,0.0,0.2361111111111111,1.0,0.0,7911.566871238746,7.97931413357254,3.688787462352036,1.0
SimBench MV,2016-12-21 00:00:00,Disturbance,29,Ungated,0.0,0.18055555555555555,1.0,0.0,7811.1580871737415,1.571250168871749,3.7485877450410694,1.0
SimBench MV,2016-12-21 00:00:00,Disturbance,47,Agreement gate,0.0,0.18055555555555555,1.0,0.0,7811.1580871737415,1.571250168871749,3.7485877450410694,1.0
SimBench MV,2016-12-21 00:00:00,Disturbance,47,Metadata gate,0.0,0.18055555555555555,1.0,0.0,7811.1580871737415,1.571250168871749,3.7485877450410694,1.0
SimBench MV,2016-12-21 00:00:00,Disturbance,47,Trust gate,0.0,0.25,1.0,0.0,7946.984958903104,10.344055720464551,3.6680977591581088,1.0
SimBench MV,2016-12-21 00:00:00,Disturbance,47,Ungated,0.0,0.18055555555555555,1.0,0.0,7811.1580871737415,1.571250168871749,3.7485877450410694,1.0
SimBench MV,2016-12-21 00:00:00,Missing,11,Agreement gate,0.0,0.08333333333333333,1.0,0.0,-2510.4095146109016,1.1384072300346375,3.6969945109668534,1.0
SimBench MV,2016-12-21 00:00:00,Missing,11,Metadata gate,0.0,0.08333333333333333,0.875,0.0,-2510.4095146109016,1.1384072300346375,3.6969945109668534,1.0
SimBench MV,2016-12-21 00:00:00,Missing,11,Trust gate,0.0,0.08333333333333333,0.9861111111111112,0.0,-2510.4095146109016,1.1384072300346375,3.6969945109668534,1.0
SimBench MV,2016-12-21 00:00:00,Missing,11,Ungated,0.0,0.08333333333333333,1.0,0.0,-2510.4095146109016,1.1384072300346375,3.6969945109668534,1.0
SimBench MV,2016-12-21 00:00:00,Missing,29,Agreement gate,0.0,0.08333333333333333,0.9861111111111112,0.0,-2510.4095146109016,1.1384072300346375,3.6969945109668534,1.0
SimBench MV,2016-12-21 00:00:00,Missing,29,Metadata gate,0.0,0.06944444444444445,0.8611111111111112,0.0,-2428.156365939004,2.2808120726998826,3.6663252062068734,1.0
SimBench MV,2016-12-21 00:00:00,Missing,29,Trust gate,0.0,0.08333333333333333,0.9861111111111112,0.0,-2470.0128423832352,1.6994721220855595,3.671232685577733,1.0
SimBench MV,2016-12-21 00:00:00,Missing,29,Ungated,0.0,0.08333333333333333,1.0,0.0,-2510.4095146109016,1.1384072300346375,3.6969945109668534,1.0
SimBench MV,2016-12-21 00:00:00,Missing,47,Agreement gate,0.0,0.08333333333333333,0.9861111111111112,0.0,-2510.4095146109016,1.1384072300346375,3.6969945109668534,1.0
SimBench MV,2016-12-21 00:00:00,Missing,47,Metadata gate,0.0,0.08333333333333333,0.9027777777777778,0.0,-2510.4095146109016,1.1384072300346375,3.6969945109668534,1.0
SimBench MV,2016-12-21 00:00:00,Missing,47,Trust gate,0.0,0.08333333333333333,0.9583333333333334,0.0,-2510.4095146109016,1.1384072300346375,3.6969945109668534,1.0
SimBench MV,2016-12-21 00:00:00,Missing,47,Ungated,0.0,0.08333333333333333,1.0,0.0,-2510.4095146109016,1.1384072300346375,3.6969945109668534,1.0
SimBench MV,2016-12-21 00:00:00,Noisy,11,Agreement gate,0.0,0.041666666666666664,0.25,0.0,-2124.292636489922,23.302519587118653,3.5968620970789367,1.0
SimBench MV,2016-12-21 00:00:00,Noisy,11,Metadata gate,0.0,0.1111111111111111,1.0,0.0,-2385.985523311299,7.132914260203535,3.7186683723807645,1.0
SimBench MV,2016-12-21 00:00:00,Noisy,11,Trust gate,0.0,0.125,1.0,0.0,-2196.937910179478,10.847748180102295,3.603345854361763,1.0
SimBench MV,2016-12-21 00:00:00,Noisy,11,Ungated,0.0,0.1111111111111111,1.0,0.0,-2385.985523311299,7.132914260203535,3.7186683723807645,1.0
SimBench MV,2016-12-21 00:00:00,Noisy,29,Agreement gate,0.0,0.06944444444444445,0.2916666666666667,0.0,-2184.882285401889,14.534367692708896,3.6104353874115116,1.0
SimBench MV,2016-12-21 00:00:00,Noisy,29,Metadata gate,0.013888888888888888,0.1527777777777778,1.0,3.208029162000198e-05,-2450.5984985130185,1.2770454974593874,3.7737636528804015,1.0
SimBench MV,2016-12-21 00:00:00,Noisy,29,Trust gate,0.0,0.19444444444444445,1.0,0.0,-2408.0011937077575,9.755420920126632,3.635034134207862,1.0
SimBench MV,2016-12-21 00:00:00,Noisy,29,Ungated,0.013888888888888888,0.1527777777777778,1.0,3.208029162000198e-05,-2450.5984985130185,1.2770454974593874,3.7737636528804015,1.0
SimBench MV,2016-12-21 00:00:00,Noisy,47,Agreement gate,0.0,0.05555555555555555,0.3472222222222222,0.0,-2159.2226628342178,16.40944096681887,3.6076380829111523,1.0
SimBench MV,2016-12-21 00:00:00,Noisy,47,Metadata gate,0.0,0.1111111111111111,1.0,0.0,-2349.3640782578627,6.800649655051078,3.7415697739798954,1.0
SimBench MV,2016-12-21 00:00:00,Noisy,47,Trust gate,0.0,0.16666666666666666,1.0,0.0,-2316.5883943901176,11.201550319677347,3.6062339088336306,1.0
SimBench MV,2016-12-21 00:00:00,Noisy,47,Ungated,0.0,0.1111111111111111,1.0,0.0,-2349.3640782578627,6.800649655051078,3.7415697739798954,1.0
