time,load_factor,generation_factor
2016-01-01 00:00:00,0.19442825153569776,0.4700016862548895
2016-01-01 01:00:00,0.19471997518254514,0.471657552418492
2016-01-01 02:00:00,0.16904609176518315,0.4724374172167025
2016-01-01 03:00:00,0.14885525394065835,0.47069350566233126
2016-01-01 04:00:00,0.13783395026367642,0.46992528039189324
2016-01-01 05:00:00,0.12725854591156702,0.4682930994122824
2016-01-01 06:00:00,0.151760935268892,0.46604880754957956
2016-01-01 07:00:00,0.19903570014777472,0.4672258705381381
2016-01-01 08:00:00,0.19875005017095493,0.4659434094355075
2016-01-01 09:00:00,0.1952875897224154,0.4659899516579308
2016-01-01 10:00:00,0.21737771830088093,0.46649616952850576
2016-01-01 11:00:00,0.2576048763328699,0.45270939060214166
2016-01-01 12:00:00,0.3092541493538478,0.42350822236969476
2016-01-01 13:00:00,0.3102893454305748,0.3939748422322022
2016-01-01 14:00:00,0.30099269629404257,0.360635144898494
2016-01-01 15:00:00,0.2823193712331942,0.331096119011637
2016-01-01 16:00:00,0.26481172293694955,0.29477474318712105
2016-01-01 17:00:00,0.3571895642530134,0.2646805202535693
2016-01-01 18:00:00,0.33968100918521105,0.24638926927063365
2016-01-01 19:00:00,0.2950198298562817,0.22847403502542535
2016-01-01 20:00:00,0.29382975688166435,0.20583486889331115
2016-01-01 21:00:00,0.2679836027903339,0.18431606212106397
2016-01-01 22:00:00,0.2358731178575568,0.17172554862776257
2016-01-01 23:00:00,0.1861926494987251,0.17847444262443768
2016-01-02 00:00:00,0.17292806207985634,0.18022481030833168
2016-01-02 01:00:00,0.13721269112192855,0.188915775021416
2016-01-02 02:00:00,0.12443269633750578,0.18711033277273617
2016-01-02 03:00:00,0.11618010994726469,0.17359297537561116
2016-01-02 04:00:00,0.11383028430690777,0.16504479829532565
2016-01-02 05:00:00,0.12379578788537321,0.172360748476726
2016-01-02 06:00:00,0.14905589616655074,0.16370937205383335
2016-01-02 07:00:00,0.20474404944656927,0.14697199365436142
2016-01-02 08:00:00,0.25219364070468253,0.14700703798655387
2016-01-02 09:00:00,0.2537919450336115,0.16674016616516724
2016-01-02 10:00:00,0.31590365078813176,0.17229398463671036
2016-01-02 11:00:00,0.2922676395746407,0.16236664387257974
2016-01-02 12:00:00,0.28732456176112653,0.150982756070751
2016-01-02 13:00:00,0.3275620228905887,0.12709003311001366
2016-01-02 14:00:00,0.27771710626738527,0.08880756210879132
2016-01-02 15:00:00,0.2711206223632359,0.05493568435717778
2016-01-02 16:00:00,0.2658529748783031,0.05342767641257579
2016-01-02 17:00:00,0.30763194891631906,0.057408723124731074
2016-01-02 18:00:00,0.32374573767095505,0.057836987141550944
2016-01-02 19:00:00,0.32830173483136305,0.0627915531224819
2016-01-02 20:00:00,0.29008932035234125,0.05689771924828867
2016-01-02 21:00:00,0.2733454397166202,0.053178906687952276
2016-01-02 22:00:00,0.21258816368219746,0.0530586214124291
2016-01-02 23:00:00,0.17466210061717657,0.05267171717328379
2016-01-03 00:00:00,0.15526796441817345,0.05630076967988461
2016-01-03 01:00:00,0.13396233941817337,0.05972911530021513
2016-01-03 02:00:00,0.12453945319019477,0.05862349709123802
2016-01-03 03:00:00,0.11170081957000466,0.056717116265548595
2016-01-03 04:00:00,0.11146389450046361,0.056502010934529626
2016-01-03 05:00:00,0.12261966779670838,0.0561948419756503
2016-01-03 06:00:00,0.15414920003187293,0.05597958990695287
2016-01-03 07:00:00,0.18373493355934162,0.0638060123326814
2016-01-03 08:00:00,0.19408182553894296,0.08978780097780166
2016-01-03 09:00:00,0.2331599218387807,0.11473230400792098
2016-01-03 10:00:00,0.28165897584898003,0.11267227187986503
2016-01-03 11:00:00,0.2536796259851646,0.11480331772887736
2016-01-03 12:00:00,0.2304117183008809,0.11653033349393702
2016-01-03 13:00:00,0.27996860015356967,0.1169688287723939
2016-01-03 14:00:00,0.26339946092663424,0.11935438482803637
2016-01-03 15:00:00,0.2377416955696569,0.13021916228823588
2016-01-03 16:00:00,0.2717804131171766,0.144277099697389
2016-01-03 17:00:00,0.3129840098661336,0.1548789870057696
2016-01-03 18:00:00,0.3122104909451786,0.18262251244763347
2016-01-03 19:00:00,0.3174674056704914,0.2194562851485918
2016-01-03 20:00:00,0.29867863750289747,0.22116851102958143
2016-01-03 21:00:00,0.2500197752810617,0.19949614816780756
2016-01-03 22:00:00,0.20052501014140017,0.18039048195403873
2016-01-03 23:00:00,0.1696668345358137,0.1522171279872384
2016-01-04 00:00:00,0.15701099055401024,0.13920900515817525
2016-01-04 01:00:00,0.12974476085129816,0.12940586365049872
2016-01-04 02:00:00,0.11866564986091797,0.14293422177229612
2016-01-04 03:00:00,0.11340703889951323,0.15152836414218657
2016-01-04 04:00:00,0.11165552202132595,0.13822225350430276
2016-01-04 05:00:00,0.11840477073191932,0.11856526876466847
2016-01-04 06:00:00,0.1848415514458739,0.1148948269162918
2016-01-04 07:00:00,0.23631051677677326,0.12590804062834932
2016-01-04 08:00:00,0.30606897780482145,0.1409909921436534
2016-01-04 09:00:00,0.3165765698018079,0.18436928192176802
2016-01-04 10:00:00,0.3166028200480992,0.23086595187370434
2016-01-04 11:00:00,0.2881970319019471,0.24885723056952863
2016-01-04 12:00:00,0.2685730380592257,0.23871202992929783
2016-01-04 13:00:00,0.3027282029873667,0.23958232346195968
2016-01-04 14:00:00,0.26452219664174786,0.24464082199193227
2016-01-04 15:00:00,0.2883694266776773,0.2199539913003618
2016-01-04 16:00:00,0.28116643566006017,0.2496271654978975
2016-01-04 17:00:00,0.28606634118567453,0.29005102928363974
2016-01-04 18:00:00,0.34553935374652295,0.32395261786201834
2016-01-04 19:00:00,0.288652110237019,0.33652304514424014
2016-01-04 20:00:00,0.27929670022021325,0.31430814690289455
2016-01-04 21:00:00,0.24749405476356046,0.28520213686905926
2016-01-04 22:00:00,0.214998726616829,0.2970127737564052
2016-01-04 23:00:00,0.16904357059863234,0.30940243226398395
2016-01-05 00:00:00,0.15217932384388036,0.34049418573274004
2016-01-05 01:00:00,0.14028578559631433,0.36518709628398205
2016-01-05 02:00:00,0.12915187507243858,0.3373251124842069
2016-01-05 03:00:00,0.12605368406641174,0.3198485563411891
2016-01-05 04:00:00,0.1278863669593185,0.3296723344579014
2016-01-05 05:00:00,0.13654172834086697,0.30694836930045954
2016-01-05 06:00:00,0.18819854772253125,0.3051094887324467
2016-01-05 07:00:00,0.24533996646094128,0.345638459675484
2016-01-05 08:00:00,0.28129096054995373,0.3730741328962937
2016-01-05 09:00:00,0.27885704411509027,0.35700098456776846
2016-01-05 10:00:00,0.2808759634764719,0.3137401469477802
2016-01-05 11:00:00,0.2607144901483541,0.2921258573219244
2016-01-05 12:00:00,0.26448411706073255,0.2751537434988753
2016-01-05 13:00:00,0.2711330504896849,0.2635569446676608
2016-01-05 14:00:00,0.2549224170578349,0.2748635156543614
2016-01-05 15:00:00,0.25142258268138623,0.30258515746323095
2016-01-05 16:00:00,0.26028579378187305,0.34721365179175634
2016-01-05 17:00:00,0.26939890494610574,0.3750084892928319
2016-01-05 18:00:00,0.3040185344228095,0.38962825406136314
2016-01-05 19:00:00,0.306736041999884,0.4195122642101017
2016-01-05 20:00:00,0.282847182067107,0.42665631904283197
2016-01-05 21:00:00,0.24403407684283718,0.4239790474876296
2016-01-05 22:00:00,0.21062664603616138,0.4508750262863778
2016-01-05 23:00:00,0.17934473499072784,0.464116645747653
2016-01-06 00:00:00,0.13575916042246175,0.4677845362498044
2016-01-06 01:00:00,0.1212066898904729,0.47564669167191465
2016-01-06 02:00:00,0.11119581354311547,0.47312375684822994
2016-01-06 03:00:00,0.1068968129201437,0.4655108006403774
2016-01-06 04:00:00,0.10717071666376912,0.4470312407269215
2016-01-06 05:00:00,0.12272409337331937,0.40146733476564633
2016-01-06 06:00:00,0.18097702719344,0.3460005347776257
2016-01-06 07:00:00,0.2140862544767037,0.32561790318902795
2016-01-06 08:00:00,0.24284290753940657,0.34417532408615303
2016-01-06 09:00:00,0.28000176689267503,0.35364621022276566
2016-01-06 10:00:00,0.3118331343300881,0.32478731317421283
2016-01-06 11:00:00,0.34455764390646726,0.3031354963384508
2016-01-06 12:00:00,0.28912160248609176,0.2765101006884411
2016-01-06 13:00:00,0.2990555449119148,0.27539828716717185
2016-01-06 14:00:00,0.24056474539290673,0.22858591135443967
2016-01-06 15:00:00,0.2665512444656931,0.1492027644289556
2016-01-06 16:00:00,0.3231886078175707,0.1577741939950616
2016-01-06 17:00:00,0.283929544491771,0.16955508871191083
2016-01-06 18:00:00,0.28488686209144637,0.17491323667553293
2016-01-06 19:00:00,0.2856965316701439,0.18236062690568156
2016-01-06 20:00:00,0.26496696759098276,0.1696724667294641
2016-01-06 21:00:00,0.2660865272079277,0.1684111754404459
2016-01-06 22:00:00,0.22917972383518775,0.14836300213182083
2016-01-06 23:00:00,0.18735021786624945,0.09560458125327598
2016-01-07 00:00:00,0.15069118312471022,0.11072430625459612
2016-01-07 01:00:00,0.12663583696974967,0.20239460484778996
2016-01-07 02:00:00,0.12493671034712561,0.24067657943066695
2016-01-07 03:00:00,0.11362005569077424,0.1941732957239879
2016-01-07 04:00:00,0.1183301293028512,0.19353038636206726
2016-01-07 05:00:00,0.12575445045201675,0.16966172669601992
2016-01-07 06:00:00,0.19128472085071857,0.14521141156987094
2016-01-07 07:00:00,0.2275005467373668,0.12116820574383923
2016-01-07 08:00:00,0.344338720372624,0.08350877046992958
2016-01-07 09:00:00,0.33051667677909136,0.054847423585468416
2016-01-07 10:00:00,0.32159320500115907,0.043937711228779576
2016-01-07 11:00:00,0.29686433573829396,0.05185496278070606
2016-01-07 12:00:00,0.28785601612482614,0.06810532987277526
2016-01-07 13:00:00,0.27147299487134907,0.08682488945731469
2016-01-07 14:00:00,0.29397117156351427,0.10429413143262271
2016-01-07 15:00:00,0.2824070815078813,0.14152469095252296
2016-01-07 16:00:00,0.2842988041695642,0.2099657882948367
2016-01-07 17:00:00,0.2954633026193788,0.2524764224940348
2016-01-07 18:00:00,0.3146274390791607,0.266829699243497
2016-01-07 19:00:00,0.2843285834637228,0.27291066097168976
2016-01-07 20:00:00,0.2832665200220213,0.2587308442399765
2016-01-07 21:00:00,0.2780412847270514,0.22320777903569333
2016-01-07 22:00:00,0.20307745963722762,0.19647901453980052
2016-01-07 23:00:00,0.16590090119378773,0.1843117013803051
2016-01-08 00:00:00,0.15445168994842373,0.19940274543100922
2016-01-08 01:00:00,0.13242897435674547,0.21949570970721688
2016-01-08 02:00:00,0.12320089102341217,0.22198672649960882
2016-01-08 03:00:00,0.11918304441933247,0.2232125447068746
2016-01-08 04:00:00,0.11653690385952709,0.2618529187039898
2016-01-08 05:00:00,0.12166226667535933,0.30280269646156854
2016-01-08 06:00:00,0.1781382033350718,0.2890011436218951
2016-01-08 07:00:00,0.2358871804444831,0.2867617366887346
2016-01-08 08:00:00,0.2985533915304821,0.31820459350278707
2016-01-08 09:00:00,0.2944981378795781,0.35551223406380794
2016-01-08 10:00:00,0.28875774908727403,0.40134223132818303
2016-01-08 11:00:00,0.3001902541869495,0.44060248112389977
2016-01-08 12:00:00,0.30331625796824296,0.4559902143892529
2016-01-08 13:00:00,0.3230224572032916,0.4485930204901232
2016-01-08 14:00:00,0.30882883421708385,0.44739996106444363
2016-01-08 15:00:00,0.3128804718503708,0.41958344418404064
2016-01-08 16:00:00,0.2939576999594343,0.43088371606982195
2016-01-08 17:00:00,0.29938806122508105,0.44119782016590064
2016-01-08 18:00:00,0.2933374846140473,0.42530641200264035
2016-01-08 19:00:00,0.27099529863525734,0.38116295973053976
2016-01-08 20:00:00,0.25071587010315266,0.3206855944640622
2016-01-08 21:00:00,0.23664797586346786,0.24605803539208876
2016-01-08 22:00:00,0.2018259539290681,0.21760212068296497
2016-01-08 23:00:00,0.1655496690136764,0.20205117890890867
2016-01-09 00:00:00,0.161877061283032,0.1394003216622824
2016-01-09 01:00:00,0.13088985394935093,0.12089715920785253
2016-01-09 02:00:00,0.11989179424547985,0.11961621057485819
2016-01-09 03:00:00,0.11440680680632823,0.13799498047692157
2016-01-09 04:00:00,0.11306097774687068,0.1652298029524252
2016-01-09 05:00:00,0.11167824419042656,0.14792217208830433
2016-01-09 06:00:00,0.14714528871117294,0.1110311425194602
2016-01-09 07:00:00,0.16749466463838664,0.11754374122931742
2016-01-09 08:00:00,0.20000815355528523,0.1438914465183845
2016-01-09 09:00:00,0.21657326379230407,0.18098800014145316
2016-01-09 10:00:00,0.22641765584434395,0.20556739312952277
2016-01-09 11:00:00,0.27283971527294854,0.23390362010043025
2016-01-09 12:00:00,0.22860666166840515,0.2549355566285449
2016-01-09 13:00:00,0.2844649608252203,0.24193624897873067
2016-01-09 14:00:00,0.29610331422403796,0.2529913800620966
2016-01-09 15:00:00,0.2718174723284655,0.25868900463636807
2016-01-09 16:00:00,0.2631344377607789,0.26750914626916683
2016-01-09 17:00:00,0.27468917856108027,0.2992506477081459
2016-01-09 18:00:00,0.26450252552735276,0.30380796160756895
2016-01-09 19:00:00,0.24577450896789513,0.2827344212184627
2016-01-09 20:00:00,0.23951694110744082,0.2529024755892333
2016-01-09 21:00:00,0.21193448675822893,0.21294303177234497
2016-01-09 22:00:00,0.19980745715982845,0.19079284085512419
2016-01-09 23:00:00,0.16927351755910997,0.1870881558314101
2016-01-10 00:00:00,0.16425570201668976,0.19382557145746135
2016-01-10 01:00:00,0.14102509516979606,0.22633719551760217
2016-01-10 02:00:00,0.13085791652178957,0.2285513172086837
2016-01-10 03:00:00,0.12181823475892442,0.21847712065621944
2016-01-10 04:00:00,0.12323654815716269,0.23093437698195773
2016-01-10 05:00:00,0.12944226748667134,0.20893960666536282
2016-01-10 06:00:00,0.144995547939847,0.17118241529429884
2016-01-10 07:00:00,0.16141978262633289,0.1403152407148445
2016-01-10 08:00:00,0.19040331755621231,0.1281982295520242
2016-01-10 09:00:00,0.20938389545665287,0.13257836080500685
2016-01-10 10:00:00,0.2495624624623319,0.127888878684823
2016-01-10 11:00:00,0.24201276589302267,0.10634932743306276
2016-01-10 12:00:00,0.25538887382649506,0.08815339719592213
2016-01-10 13:00:00,0.2759690034770515,0.10044955327571874
2016-01-10 14:00:00,0.2522259599849328,0.09986057109290043
2016-01-10 15:00:00,0.25090714293579036,0.08161823395922159
2016-01-10 16:00:00,0.2702885821453409,0.08861554428354193
2016-01-10 17:00:00,0.27909989158843307,0.09936426370276745
2016-01-10 18:00:00,0.2661174607672694,0.13024915999633285
2016-01-10 19:00:00,0.2878048074727631,0.1587497345494817
2016-01-10 20:00:00,0.26782622460303673,0.17008128688895952
2016-01-10 21:00:00,0.2291199155945758,0.17653310773743397
2016-01-10 22:00:00,0.191347114394993,0.20557056480520242
2016-01-10 23:00:00,0.164792903308994,0.23853807992822215
2016-01-11 00:00:00,0.135348328885605,0.26811966667827103
2016-01-11 01:00:00,0.12438940674258228,0.30707513471621356
2016-01-11 02:00:00,0.1089426220445063,0.3223866868972716
2016-01-11 03:00:00,0.1141402644442513,0.31056983976295716
2016-01-11 04:00:00,0.11929505480702361,0.27238729626466845
2016-01-11 05:00:00,0.13016740777121005,0.16664779247193426
2016-01-11 06:00:00,0.19924857987076966,0.1231045401448758
2016-01-11 07:00:00,0.24096929350660645,0.11959894462761589
2016-01-11 08:00:00,0.3095596116278395,0.14047854691418932
2016-01-11 09:00:00,0.30860263305516916,0.13556927864140428
2016-01-11 10:00:00,0.30852802403511814,0.11698047877444749
2016-01-11 11:00:00,0.28897179315890115,0.13702095346103071
2016-01-11 12:00:00,0.29511399051054704,0.16352722464908076
2016-01-11 13:00:00,0.3277182540420724,0.17566643140592605
2016-01-11 14:00:00,0.31996557109121493,0.1588093566362214
2016-01-11 15:00:00,0.3162882416261011,0.18792499984959904
2016-01-11 16:00:00,0.2725824108860686,0.23496804688666145
2016-01-11 17:00:00,0.2866556302735281,0.2625523808019753
2016-01-11 18:00:00,0.32253774159712556,0.2656907168233914
2016-01-11 19:00:00,0.3077314100747566,0.2538709391022394
2016-01-11 20:00:00,0.2550930441875289,0.26020038131669276
2016-01-11 21:00:00,0.23011231410813626,0.25857371468609425
2016-01-11 22:00:00,0.20267619714881785,0.24492130791761196
2016-01-11 23:00:00,0.18060463893718126,0.25017025049501274
2016-01-12 00:00:00,0.1518351689991888,0.25159594927738116
2016-01-12 01:00:00,0.12283288225834495,0.2820796552106395
2016-01-12 02:00:00,0.11287103403164116,0.3182929509307158
2016-01-12 03:00:00,0.11481641120479832,0.3285911671613534
2016-01-12 04:00:00,0.1158842401628419,0.35079500315543705
2016-01-12 05:00:00,0.1387914731977284,0.38346238912561115
2016-01-12 06:00:00,0.20235247237192863,0.3889096663069137
2016-01-12 07:00:00,0.2411747431183357,0.3915747423157148
2016-01-12 08:00:00,0.323979822699351,0.3831962634416194
2016-01-12 09:00:00,0.35191157795839134,0.36756499726036573
2016-01-12 10:00:00,0.322368524860918,0.3492720248564933
2016-01-12 11:00:00,0.29257343453001855,0.3167561819098865
2016-01-12 12:00:00,0.329917250550533,0.28728194319479755
2016-01-12 13:00:00,0.2975644968996292,0.24008298946391546
2016-01-12 14:00:00,0.2809896600892443,0.21117812508312145
2016-01-12 15:00:00,0.2658984104079741,0.1718376690856151
2016-01-12 16:00:00,0.26760117856108034,0.1491603930580872
2016-01-12 17:00:00,0.26543548764197955,0.12793597163690593
2016-01-12 18:00:00,0.30755343586288836,0.11748657450787209
2016-01-12 19:00:00,0.2852002250956188,0.1284439225340309
2016-01-12 20:00:00,0.2727974860773065,0.11634246401109916
2016-01-12 21:00:00,0.255814246146268,0.09486095295384314
2016-01-12 22:00:00,0.2139293571801113,0.07340766473489145
2016-01-12 23:00:00,0.17100803803025036,0.049857264634754546
2016-01-13 00:00:00,0.1442504663885025,0.03463518989130647
2016-01-13 01:00:00,0.12322277313687992,0.028080231199931548
2016-01-13 02:00:00,0.11318201838490954,0.026335101745990613
2016-01-13 03:00:00,0.12109948717837277,0.026818219840895753
2016-01-13 04:00:00,0.1200269429039175,0.02726794481194993
2016-01-13 05:00:00,0.13376562310210938,0.027294669859475842
2016-01-13 06:00:00,0.19674806880215573,0.024301938051975357
2016-01-13 07:00:00,0.24790979302851202,0.025285551731664385
2016-01-13 08:00:00,0.3285755548215116,0.04871905573498927
2016-01-13 09:00:00,0.31297613415623554,0.0848591129074418
2016-01-13 10:00:00,0.29801651031525267,0.0936266303785937
2016-01-13 11:00:00,0.2930624384996523,0.09233785051559748
2016-01-13 12:00:00,0.29449095142269344,0.0781916740057207
2016-01-13 13:00:00,0.31935967957522016,0.07882251976134363
2016-01-13 14:00:00,0.3122692919709085,0.08212758587800703
2016-01-13 15:00:00,0.28347765539522485,0.09787398121846273
2016-01-13 16:00:00,0.35002656748377375,0.15821842123582044
2016-01-13 17:00:00,0.33052278400266577,0.21197975524320356
2016-01-13 18:00:00,0.31181099807313406,0.24065896955974966
2016-01-13 19:00:00,0.2639640673968475,0.22312202737702913
2016-01-13 20:00:00,0.245394855108368,0.24681106542998238
2016-01-13 21:00:00,0.2319341656670144,0.26667040493594757
2016-01-13 22:00:00,0.19837024711694484,0.2710683463630452
2016-01-13 23:00:00,0.1774113615409134,0.24641527275229805
2016-01-14 00:00:00,0.14846740861149743,0.2041912799102288
2016-01-14 01:00:00,0.1256906947003941,0.1621231004596616
2016-01-14 02:00:00,0.11068391702885949,0.16280733867391942
2016-01-14 03:00:00,0.11369768476182199,0.15481416611837473
2016-01-14 04:00:00,0.11363760581826607,0.1285494609834735
2016-01-14 05:00:00,0.1341655380737135,0.09855879090177
2016-01-14 06:00:00,0.21282411212042174,0.08570731024775081
2016-01-14 07:00:00,0.264941489134214,0.07806304085135929
2016-01-14 08:00:00,0.3167412046534538,0.0966621495936828
2016-01-14 09:00:00,0.31912990301923977,0.13336309332637394
2016-01-14 10:00:00,0.305017497102457,0.1485386659369744
2016-01-14 11:00:00,0.2923745920404496,0.17066832898352235
2016-01-14 12:00:00,0.2874959515385953,0.17479587639443575
2016-01-14 13:00:00,0.2999037568092257,0.18483148057216897
2016-01-14 14:00:00,0.288260118248725,0.16964536596244872
2016-01-14 15:00:00,0.29710954643312465,0.1440147907404166
2016-01-14 16:00:00,0.28081382422056095,0.18864473257314687
2016-01-14 17:00:00,0.25986482635025504,0.25317568623171327
2016-01-14 18:00:00,0.29119711452538244,0.29082816700366715
2016-01-14 19:00:00,0.302207922128535,0.27381550919826914
2016-01-14 20:00:00,0.253495150411451,0.2757497022320067
2016-01-14 21:00:00,0.23106998102109416,0.32434647092812435
2016-01-14 22:00:00,0.19713663754636065,0.34455311299858205
2016-01-14 23:00:00,0.1666379659538712,0.31955520378857816
2016-01-15 00:00:00,0.14587449361091787,0.30254619621391554
2016-01-15 01:00:00,0.12250416998435328,0.306881003650352
2016-01-15 02:00:00,0.11038698444019465,0.2831492896100626
2016-01-15 03:00:00,0.11559237676750124,0.24801553940436144
2016-01-15 04:00:00,0.1154651699119147,0.2764428287721005
2016-01-15 05:00:00,0.13616973746812705,0.28086935560253273
2016-01-15 06:00:00,0.19287477939557263,0.2501600189610796
2016-01-15 07:00:00,0.25615360119668507,0.27936906562976727
2016-01-15 08:00:00,0.30135120471140464,0.3154660242985037
2016-01-15 09:00:00,0.3159068669448307,0.34806044043076473
2016-01-15 10:00:00,0.29953079905540103,0.2987836544993643
2016-01-15 11:00:00,0.3237757133171071,0.3014617750001467
2016-01-15 12:00:00,0.2883325085042884,0.2990077611358302
2016-01-15 13:00:00,0.2942923841272601,0.2679673119997555
2016-01-15 14:00:00,0.28920540766979586,0.18227330586035595
2016-01-15 15:00:00,0.3028318970503013,0.14213341363773713
2016-01-15 16:00:00,0.30286464141458047,0.22481232016433597
2016-01-15 17:00:00,0.28011392786567,0.2548690584074418
2016-01-15 18:00:00,0.27310473655540096,0.2804831718883239
2016-01-15 19:00:00,0.22943198685964286,0.33816925062893605
2016-01-15 20:00:00,0.23282703668289292,0.3522348118776159
2016-01-15 21:00:00,0.2259580243393602,0.31955710881532373
2016-01-15 22:00:00,0.1859790051576264,0.30941688436138276
2016-01-15 23:00:00,0.1647421398499072,0.3250338432470663
2016-01-16 00:00:00,0.14515050524455267,0.30143200009045573
2016-01-16 01:00:00,0.13836962585477522,0.28690809438387443
2016-01-16 02:00:00,0.12632418496465,0.31726409973728725
2016-01-16 03:00:00,0.11634630987772368,0.3287418493518971
2016-01-16 04:00:00,0.11335825123145575,0.30664414155779385
2016-01-16 05:00:00,0.12242731838201204,0.2732087178678369
2016-01-16 06:00:00,0.15265216232035234,0.2527347029061705
2016-01-16 07:00:00,0.1816394315890125,0.26800033823430464
2016-01-16 08:00:00,0.1905575868393603,0.3125726398863191
2016-01-16 09:00:00,0.22484864862946227,0.3492670601114317
2016-01-16 10:00:00,0.24338053317686595,0.34355310575826326
2016-01-16 11:00:00,0.2976419388618453,0.34331304311338745
2016-01-16 12:00:00,0.3040326998290449,0.3726892406340212
2016-01-16 13:00:00,0.23829368102399173,0.3914365040412674
2016-01-16 14:00:00,0.22214532451031527,0.3405784841551926
2016-01-16 15:00:00,0.28433628972531294,0.25119124091678074
2016-01-16 16:00:00,0.22892871154960595,0.269171590720663
2016-01-16 17:00:00,0.2591505686283033,0.32980932842641303
2016-01-16 18:00:00,0.2749688577885954,0.3808105688869059
2016-01-16 19:00:00,0.26245899497276304,0.3915870110706532
2016-01-16 20:00:00,0.2684391298968475,0.3999156591154899
2016-01-16 21:00:00,0.24337023042709782,0.4198902829768238
2016-01-16 22:00:00,0.1927014710970098,0.42854161944734015
2016-01-16 23:00:00,0.17178949640704685,0.4164876351726481
2016-01-17 00:00:00,0.15694042985048673,0.41086970950977897
2016-01-17 01:00:00,0.12493065514893369,0.4260380790074809
2016-01-17 02:00:00,0.1156838805343069,0.42343175351549966
2016-01-17 03:00:00,0.10697206519471489,0.40812719112913165
2016-01-17 04:00:00,0.10997854931617987,0.3831566314781928
2016-01-17 05:00:00,0.11621016230586464,0.2953175008459808
2016-01-17 06:00:00,0.1366370869842373,0.24523150441184233
2016-01-17 07:00:00,0.17061188172229946,0.23280603265499708
2016-01-17 08:00:00,0.17806345691353723,0.21349850304576568
2016-01-17 09:00:00,0.23129479383982396,0.20676719957715622
2016-01-17 10:00:00,0.23979012105934178,0.20553352667328384
2016-01-17 11:00:00,0.23321071501216972,0.19220646612737133
2016-01-17 12:00:00,0.26650186761126554,0.17505159381283003
2016-01-17 13:00:00,0.26035309148991664,0.15970485207549384
2016-01-17 14:00:00,0.2859885887662261,0.12044290888367884
2016-01-17 15:00:00,0.2427902438137459,0.06684970420829259
2016-01-17 16:00:00,0.2406819684022948,0.09806118021963621
2016-01-17 17:00:00,0.24637347945642105,0.14542804635737336
2016-01-17 18:00:00,0.289957452161567,0.2078473981235087
2016-01-17 19:00:00,0.2592905990669913,0.27674287673586934
2016-01-17 20:00:00,0.24820608047925358,0.3017043739882652
2016-01-17 21:00:00,0.22223589439904948,0.28776340267607076
2016-01-17 22:00:00,0.19127846004288362,0.3106609070804811
2016-01-17 23:00:00,0.18345183198597587,0.2798175645807256
2016-01-18 00:00:00,0.1526394016863699,0.23799611434886564
2016-01-18 01:00:00,0.13747818063282335,0.257988579378936
2016-01-18 02:00:00,0.11336575086926284,0.27109883844562876
2016-01-18 03:00:00,0.12171338667709784,0.2731449414098377
2016-01-18 04:00:00,0.11881181418057492,0.21855668790533933
2016-01-18 05:00:00,0.15651474782684283,0.15899512991453157
2016-01-18 06:00:00,0.20491616692744555,0.1419994170907002
2016-01-18 07:00:00,0.2787091890936485,0.14234668654283197
2016-01-18 08:00:00,0.29832130677735275,0.16133639283664186
2016-01-18 09:00:00,0.32496061258402875,0.1783592588818209
2016-01-18 10:00:00,0.30652249029323136,0.16547695395310974
2016-01-18 11:00:00,0.33498671085419557,0.1598679275573538
2016-01-18 12:00:00,0.2969436980180806,0.14972612106532374
2016-01-18 13:00:00,0.29976281389082066,0.1416972943708195
2016-01-18 14:00:00,0.2865689894239685,0.10100796733121456
2016-01-18 15:00:00,0.31292322850023174,0.04719569341101114
2016-01-18 16:00:00,0.29061019016573936,0.05575299429126735
2016-01-18 17:00:00,0.27309442034654613,0.060468749159886565
2016-01-18 18:00:00,0.28830317414232715,0.06386266986641892
2016-01-18 19:00:00,0.2615783514719519,0.06271137345345197
2016-01-18 20:00:00,0.2504178635402179,0.058084411062487774
2016-01-18 21:00:00,0.2261581890067223,0.05825660127997261
2016-01-18 22:00:00,0.19185845314673156,0.07026167497711715
2016-01-18 23:00:00,0.16700461332290215,0.07901889771323098
2016-01-19 00:00:00,0.14158162260952714,0.08007515626466849
2016-01-19 01:00:00,0.12465181484700974,0.08493036521420888
2016-01-19 02:00:00,0.1106666854427446,0.08812185144670447
2016-01-19 03:00:00,0.11275251761706076,0.0918156870057207
2016-01-19 04:00:00,0.11504093169042656,0.10634431119489537
2016-01-19 05:00:00,0.13984955130099672,0.10368683261573441
2016-01-19 06:00:00,0.19527615275846089,0.09172636232911208
2016-01-19 07:00:00,0.2638834466417478,0.10393694368262271
2016-01-19 08:00:00,0.29883336400382476,0.10995766841609622
2016-01-19 09:00:00,0.2827941356339825,0.0895532184008899
2016-01-19 10:00:00,0.30609554667941563,0.08019831036118716
2016-01-19 11:00:00,0.3112801204218823,0.08660416592646195
2016-01-19 12:00:00,0.3026861944975662,0.08814406785796008
2016-01-19 13:00:00,0.28891501642906825,0.08488665946455114
2016-01-19 14:00:00,0.2657247067541726,0.07354114699383925
2016-01-19 15:00:00,0.26782406002260084,0.06269901264614708
2016-01-19 16:00:00,0.2938438967895224,0.06846352956449246
2016-01-19 17:00:00,0.28796851337216034,0.07178867386143163
2016-01-19 18:00:00,0.30826525582406117,0.06676784298987873
2016-01-19 19:00:00,0.31933203950799727,0.0732807891051242
2016-01-19 20:00:00,0.25649345368277704,0.07176560876100137
2016-01-19 21:00:00,0.23007730085187764,0.07115191345178955
2016-01-19 22:00:00,0.1972882007127956,0.06949370297697047
2016-01-19 23:00:00,0.16197516192918412,0.06836211153305301
2016-01-20 00:00:00,0.14337290795955027,0.07332914587585565
2016-01-20 01:00:00,0.12908749084376453,0.08775524433986896
2016-01-20 02:00:00,0.11918704014545672,0.09247497900347154
2016-01-20 03:00:00,0.12285256555690777,0.09696134744386857
2016-01-20 04:00:00,0.1175039323278859,0.11038332566467826
2016-01-20 05:00:00,0.1321765841011822,0.12158332184876783
2016-01-20 06:00:00,0.19173112211694487,0.12321144854913944
2016-01-20 07:00:00,0.26425543991944833,0.09391420620007823
2016-01-20 08:00:00,0.30812807010605,0.09452066459353607
2016-01-20 09:00:00,0.28807996011532216,0.13647081684089574
2016-01-20 10:00:00,0.33225079705609634,0.1510301044387346
2016-01-20 11:00:00,0.33653581442686603,0.1256365323574712
2016-01-20 12:00:00,0.3292417964765879,0.10914453237223742
2016-01-20 13:00:00,0.3635226740698887,0.13860473705481124
2016-01-20 14:00:00,0.34302540322206765,0.13429023251980246
2016-01-20 15:00:00,0.274569586404729,0.08696736159607862
2016-01-20 16:00:00,0.2760222312239223,0.06134919991961666
2016-01-20 17:00:00,0.32017109503940655,0.06108957980706042
2016-01-20 18:00:00,0.3267746444714881,0.06554866637678466
2016-01-20 19:00:00,0.29757707030887814,0.07166430055290436
2016-01-20 20:00:00,0.26845222351645803,0.07585415990700176
2016-01-20 21:00:00,0.25874847369031057,0.09031075621279092
2016-01-20 22:00:00,0.20423151851529905,0.09684751463064736
2016-01-20 23:00:00,0.15332406539754298,0.08048800518291609
2016-01-21 00:00:00,0.12947491182777,0.08128345099325249
2016-01-21 01:00:00,0.1287836329972183,0.09388965788646586
2016-01-21 02:00:00,0.1114017977804822,0.08282521982168004
2016-01-21 03:00:00,0.11336897818150209,0.07199535964120868
2016-01-21 04:00:00,0.11697541243625409,0.06704296821132408
2016-01-21 05:00:00,0.13628380199640702,0.0638659688773714
2016-01-21 06:00:00,0.2001474242002782,0.055950897598718956
2016-01-21 07:00:00,0.25979705241655077,0.04852323503701349
2016-01-21 08:00:00,0.3023389926547288,0.04057358937282417
2016-01-21 09:00:00,0.32002098825046366,0.04031405944328183
2016-01-21 10:00:00,0.33801488979195643,0.03748432537463328
2016-01-21 11:00:00,0.30900955305401007,0.03582218526109916
2016-01-21 12:00:00,0.3227053357093185,0.03692768250767651
2016-01-21 13:00:00,0.3605194869465692,0.041911201152161154
2016-01-21 14:00:00,0.3091649050909828,0.04063493333087228
2016-01-21 15:00:00,0.31026032997218367,0.03408075089032857
2016-01-21 16:00:00,0.2762476091794158,0.03066385550161354
2016-01-21 17:00:00,0.26443688630041723,0.030355910555398
2016-01-21 18:00:00,0.28941157009156226,0.03573211013729709
2016-01-21 19:00:00,0.27719616368219746,0.049835328928271076
2016-01-21 20:00:00,0.28395754870769585,0.07565741457055544
2016-01-21 21:00:00,0.26125105344517857,0.10371730785869353
2016-01-21 22:00:00,0.20386648932255458,0.13591201966687855
2016-01-21 23:00:00,0.16180164238525727,0.16238770497672597
2016-01-22 00:00:00,0.14182579391226235,0.16602848377850576
2016-01-22 01:00:00,0.12651030267732954,0.16225774058204576
2016-01-22 02:00:00,0.11458521385315254,0.1591549589038725
2016-01-22 03:00:00,0.1219830043028512,0.15914776350127124
2016-01-22 04:00:00,0.12878520355238762,0.15752217152977704
2016-01-22 05:00:00,0.14845382997218365,0.11472546474159007
2016-01-22 06:00:00,0.20443346520050998,0.0948946917676022
2016-01-22 07:00:00,0.2615647232267039,0.080012153827743
2016-01-22 08:00:00,0.3788716705203985,0.07566909653588888
2016-01-22 09:00:00,0.34940827959840054,0.08571763544773128
2016-01-22 10:00:00,0.3946969785726703,0.08225364601818894
2016-01-22 11:00:00,0.34933735024049617,0.07766025970589675
2016-01-22 12:00:00,0.3261052759474966,0.06644299407216897
2016-01-22 13:00:00,0.32567628295955026,0.06014244729972617
2016-01-22 14:00:00,0.35084625124594354,0.05711182321088403
2016-01-22 15:00:00,0.36669339003824775,0.05548644329356542
2016-01-22 16:00:00,0.31965037203001845,0.06398131723347349
2016-01-22 17:00:00,0.3059507266747798,0.06431593408145903
2016-01-22 18:00:00,0.2758501739829624,0.05070895351970467
2016-01-22 19:00:00,0.2711822489713723,0.04978988964179542
2016-01-22 20:00:00,0.2269744510460128,0.062037459408028545
2016-01-22 21:00:00,0.22946315901715347,0.051981668107764514
2016-01-22 22:00:00,0.18832864250115902,0.052679565881576365
2016-01-22 23:00:00,0.16093771183936023,0.07646056584832779
2016-01-23 00:00:00,0.14848192663421417,0.10476764186495209
2016-01-23 01:00:00,0.13756579891052392,0.13749249407412478
2016-01-23 02:00:00,0.13126261642327308,0.15013837407373362
2016-01-23 03:00:00,0.11999610874478434,0.11694278876359279
2016-01-23 04:00:00,0.13139191055285115,0.10166522007612946
2016-01-23 05:00:00,0.131714099124942,0.09018989602190494
2016-01-23 06:00:00,0.16265100456363002,0.07720406499755525
2016-01-23 07:00:00,0.1838376548446917,0.07961103799139449
2016-01-23 08:00:00,0.24247796199872512,0.09083538739487582
2016-01-23 09:00:00,0.253217738380853,0.10278175757891646
2016-01-23 10:00:00,0.25504876316933245,0.09078569364169761
2016-01-23 11:00:00,0.26370957374246634,0.08789841020819482
2016-01-23 12:00:00,0.2887545847386416,0.08601562979082729
2016-01-23 13:00:00,0.3168780131258695,0.08203970092856444
2016-01-23 14:00:00,0.29104122328465454,0.06966504301432623
2016-01-23 15:00:00,0.2823814243016923,0.0405609206915705
2016-01-23 16:00:00,0.26858789868741306,0.044411671470271856
2016-01-23 17:00:00,0.2990733215548215,0.04558337998176218
2016-01-23 18:00:00,0.3055939280250347,0.050449413158028554
2016-01-23 19:00:00,0.31017214771673635,0.05887833004121846
2016-01-23 20:00:00,0.26412530645862303,0.06515211819973596
2016-01-23 21:00:00,0.24112784306907728,0.07000579054620575
2016-01-23 22:00:00,0.21533322687760767,0.07966184957510267
2016-01-23 23:00:00,0.179607634388039,0.08289858445477215
2016-01-24 00:00:00,0.15956823497624018,0.0770751285934872
2016-01-24 01:00:00,0.14574195036509038,0.0648531960078232
2016-01-24 02:00:00,0.1401408793173389,0.05035075308820654
2016-01-24 03:00:00,0.14210857317744552,0.04268945927244279
2016-01-24 04:00:00,0.12573716130621237,0.042334515919763345
2016-01-24 05:00:00,0.12988166898470102,0.04378039695628789
2016-01-24 06:00:00,0.1578881551634215,0.04870489430725601
2016-01-24 07:00:00,0.16790422851471948,0.08353800439536475
2016-01-24 08:00:00,0.1884563998319425,0.1293598576114316
2016-01-24 09:00:00,0.19814850919969867,0.14253604138177192
2016-01-24 10:00:00,0.22393045540681494,0.13122088930309994
2016-01-24 11:00:00,0.24269308371001408,0.14641474992416387
2016-01-24 12:00:00,0.2617263151802272,0.16951952322442793
2016-01-24 13:00:00,0.25728067011474265,0.1964706948602092
2016-01-24 14:00:00,0.25630417676460365,0.21060921820486989
2016-01-24 15:00:00,0.23881818025614274,0.24420630813783495
2016-01-24 16:00:00,0.23198626309689385,0.285890973702523
2016-01-24 17:00:00,0.2643453552532453,0.28486392459392723
2016-01-24 18:00:00,0.3130899275324525,0.2524298394935458
2016-01-24 19:00:00,0.2718477904062355,0.24863009522525914
2016-01-24 20:00:00,0.25398398749710255,0.2715121946469783
2016-01-24 21:00:00,0.23072811248261468,0.2962891043162038
2016-01-24 22:00:00,0.18948692996638855,0.32819903194885586
2016-01-24 23:00:00,0.15504228969633743,0.3332398206361236
2016-01-25 00:00:00,0.1380307026541492,0.30528540764081746
2016-01-25 01:00:00,0.12563629198539633,0.29514846306635045
2016-01-25 02:00:00,0.1196184708072554,0.33845810351378836
2016-01-25 03:00:00,0.12066137959260544,0.38716126503901815
2016-01-25 04:00:00,0.12307332394529436,0.40929536699999997
2016-01-25 05:00:00,0.14840264308066758,0.36123062090240565
2016-01-25 06:00:00,0.20022401232904502,0.2503773796134852
2016-01-25 07:00:00,0.2808277998087622,0.18399160907564047
2016-01-25 08:00:00,0.3169484771673623,0.18711755160375515
2016-01-25 09:00:00,0.3237228866481225,0.2138559330818991
2016-01-25 10:00:00,0.3323983468793462,0.2114804273387444
2016-01-25 11:00:00,0.3216466062094343,0.19922071559446514
2016-01-25 12:00:00,0.29186939571743153,0.17443920574711524
2016-01-25 13:00:00,0.2575335334666202,0.14328512657813416
2016-01-25 14:00:00,0.26470530705261935,0.10847072471753377
2016-01-25 15:00:00,0.26759742147658777,0.07651758836710346
2016-01-25 16:00:00,0.2903873419535234,0.09161601269905142
2016-01-25 17:00:00,0.32381623525150693,0.10313143032373362
2016-01-25 18:00:00,0.3362506210013908,0.14375345759187363
2016-01-25 19:00:00,0.311175073264372,0.17631573609363388
2016-01-25 20:00:00,0.3015334287349327,0.149200927323098
2016-01-25 21:00:00,0.24429855503882714,0.11339737991379817
2016-01-25 22:00:00,0.19553348835187762,0.11304579341414042
2016-01-25 23:00:00,0.15444497726877604,0.12442674786050265
2016-01-26 00:00:00,0.13518100210071857,0.1259522138940446
2016-01-26 01:00:00,0.1154253233223227,0.11785302648337571
2016-01-26 02:00:00,0.10957687501448768,0.1120041613432916
2016-01-26 03:00:00,0.10958374256780248,0.12733207768599647
2016-01-26 04:00:00,0.11226069471488179,0.1587037411086446
2016-01-26 05:00:00,0.13536353753766808,0.1473431635620966
2016-01-26 06:00:00,0.1772337069135373,0.12425222557925876
2016-01-26 07:00:00,0.25822076076437195,0.11830388462834932
2016-01-26 08:00:00,0.26484655511126565,0.1383704199043125
2016-01-26 09:00:00,0.2737788347821048,0.17580161353882257
2016-01-26 10:00:00,0.3053661553807373,0.199080655153628
2016-01-26 11:00:00,0.30218685342779333,0.21931743760145708
2016-01-26 12:00:00,0.29785964967257755,0.22638578769186385
2016-01-26 13:00:00,0.2831311203929068,0.21971813011920596
2016-01-26 14:00:00,0.28104049672577647,0.16188689620002938
2016-01-26 15:00:00,0.2598937959405424,0.09963970099066105
2016-01-26 16:00:00,0.3081356211607557,0.11954268718746333
2016-01-26 17:00:00,0.2841644856136997,0.12596588292059457
2016-01-26 18:00:00,0.30963556194946673,0.10254222719528652
2016-01-26 19:00:00,0.2803689090606166,0.0742395766916683
2016-01-26 20:00:00,0.28532205019993057,0.07354781880637591
2016-01-26 21:00:00,0.2640929683588318,0.09192729149980441
2016-01-26 22:00:00,0.19883724529149271,0.11106276084011343
2016-01-26 23:00:00,0.17751465858252208,0.09966119158458829
2016-01-27 00:00:00,0.13189341407336588,0.10063846473850968
2016-01-27 01:00:00,0.12323715349733429,0.10321777777180717
2016-01-27 02:00:00,0.10647908649165505,0.09177956600855662
2016-01-27 03:00:00,0.11252472692107095,0.08375304193345393
2016-01-27 04:00:00,0.11581979388328692,0.08692857842079013
2016-01-27 05:00:00,0.1365405931994669,0.08335575302420302
2016-01-27 06:00:00,0.19776449411798797,0.07317427560062585
2016-01-27 07:00:00,0.25321837431907745,0.07199189125356933
2016-01-27 08:00:00,0.29912502003650904,0.08759754811563658
2016-01-27 09:00:00,0.32937307992872045,0.11595331428373752
2016-01-27 10:00:00,0.2927426171041956,0.12361381242015448
2016-01-27 11:00:00,0.3258940802329624,0.11813698284744768
2016-01-27 12:00:00,0.3379664904670838,0.11353371973601603
2016-01-27 13:00:00,0.31280733588317106,0.1291848560687463
2016-01-27 14:00:00,0.32029337995479845,0.12029469101628207
2016-01-27 15:00:00,0.34106426484990726,0.07496053785189712
2016-01-27 16:00:00,0.31703334540159944,0.062258805214355555
2016-01-27 17:00:00,0.3754664628390125,0.05121468640000977
2016-01-27 18:00:00,0.37309627163015757,0.04278852187561119
2016-01-27 19:00:00,0.32460091404439023,0.0408112388394289
2016-01-27 20:00:00,0.30263909835709335,0.03952185492954234
2016-01-27 21:00:00,0.29339603868219744,0.03942150695672795
2016-01-27 22:00:00,0.2510569638096894,0.03759800025112457
2016-01-27 23:00:00,0.2063367571714187,0.03679554279889497
2016-01-28 00:00:00,0.17562805602399162,0.037032793588059845
2016-01-28 01:00:00,0.1290150034191006,0.03640438461055153
2016-01-28 02:00:00,0.12440481519471486,0.036045610115049864
2016-01-28 03:00:00,0.1256619061485859,0.036581034319430855
2016-01-28 04:00:00,0.12504472532742233,0.035481832211519654
2016-01-28 05:00:00,0.14023395797114052,0.035505637797134754
2016-01-28 06:00:00,0.20833764886126568,0.03439341623894973
2016-01-28 07:00:00,0.282144389458739,0.03947370615871308
2016-01-28 08:00:00,0.3283487326871812,0.07088489245340307
2016-01-28 09:00:00,0.34769571944541033,0.1100197347696068
2016-01-28 10:00:00,0.33709578769703297,0.11142883347173871
2016-01-28 11:00:00,0.3413934925678024,0.11321658535307062
2016-01-28 12:00:00,0.33410349898585984,0.11426306981111875
2016-01-28 13:00:00,0.2960502080146036,0.11703284388402108
2016-01-28 14:00:00,0.2978393447786277,0.08781307134138466
2016-01-28 15:00:00,0.3079818327393371,0.03707598401858009
2016-01-28 16:00:00,0.293069046259272,0.034419396198220216
2016-01-28 17:00:00,0.34192591897021324,0.03601968177923919
2016-01-28 18:00:00,0.3393180420288595,0.03672560989159984
2016-01-28 19:00:00,0.33655308246407045,0.037085968649031874
2016-01-28 20:00:00,0.31034841507301797,0.036628280484109134
2016-01-28 21:00:00,0.2566677168086463,0.03455822446709368
2016-01-28 22:00:00,0.1990122512459434,0.039341385023958536
2016-01-28 23:00:00,0.1820632046244784,0.04748439959720321
2016-01-29 00:00:00,0.14490361658263787,0.04784435127835908
2016-01-29 01:00:00,0.12918746775034773,0.04065229366741638
2016-01-29 02:00:00,0.11689946696801112,0.038884453917123016
2016-01-29 03:00:00,0.11580454218822445,0.036612616284177585
2016-01-29 04:00:00,0.1179756777207927,0.03590721823386466
2016-01-29 05:00:00,0.12595595653685676,0.031847526280461565
2016-01-29 06:00:00,0.2022685720184284,0.030947611860307058
2016-01-29 07:00:00,0.2511886847763096,0.033053088958977114
2016-01-29 08:00:00,0.2777260392906814,0.04925513151300606
2016-01-29 09:00:00,0.28407981526715353,0.07592254527674558
2016-01-29 10:00:00,0.3242791745479835,0.0783905120876198
2016-01-29 11:00:00,0.3160204465113583,0.07995984388035396
2016-01-29 12:00:00,0.370781527859875,0.0870507751670741
2016-01-29 13:00:00,0.34629166434863234,0.09005737350992568
2016-01-29 14:00:00,0.3408111726500927,0.07025352719479755
2016-01-29 15:00:00,0.2957520259474966,0.039370819088793266
2016-01-29 16:00:00,0.2900650591388502,0.04229619491638959
2016-01-29 17:00:00,0.28808932556791833,0.052164149315372575
2016-01-29 18:00:00,0.28366829751970335,0.0628885862101506
2016-01-29 19:00:00,0.24272919616365324,0.06765842648097985
2016-01-29 20:00:00,0.23775542249072779,0.07626855589326226
2016-01-29 21:00:00,0.22188256781699123,0.09335959261876589
2016-01-29 22:00:00,0.20267689684747336,0.09710513762453549
2016-01-29 23:00:00,0.1794763857064211,0.07999438189883631
2016-01-30 00:00:00,0.15556240964012513,0.06552603513983962
2016-01-30 01:00:00,0.13383141132070003,0.054532842836104045
2016-01-30 02:00:00,0.12398898052851182,0.04575257670604342
2016-01-30 03:00:00,0.11587616402990264,0.03855438298005085
2016-01-30 04:00:00,0.1161032697612425,0.035801221274740856
2016-01-30 05:00:00,0.11683745956478908,0.0361381372033053
2016-01-30 06:00:00,0.15236956219575806,0.034983920225845885
2016-01-30 07:00:00,0.1875951818642791,0.0419974334698318
2016-01-30 08:00:00,0.2222056907452481,0.08382003333947777
2016-01-30 09:00:00,0.2571171540188921,0.12914836159798554
2016-01-30 10:00:00,0.24000342449003254,0.14600997797027188
2016-01-30 11:00:00,0.24785251999304586,0.16357812303676894
2016-01-30 12:00:00,0.29259690717721376,0.16911282752596316
2016-01-30 13:00:00,0.2658913236410525,0.16244782127894578
2016-01-30 14:00:00,0.2710637993886184,0.1104522271103071
2016-01-30 15:00:00,0.26288365451147433,0.03369339330588696
2016-01-30 16:00:00,0.2663192628795781,0.03589277205847839
2016-01-30 17:00:00,0.2604718506751274,0.038512449521122635
2016-01-30 18:00:00,0.27783977220966627,0.03874534122100528
2016-01-30 19:00:00,0.2873121032394529,0.040197389037551344
2016-01-30 20:00:00,0.24638713579334726,0.04087369352972814
2016-01-30 21:00:00,0.263523271311428,0.04431314139164874
2016-01-30 22:00:00,0.2271833021847473,0.04384278938768824
2016-01-30 23:00:00,0.18436805351761704,0.04354481172452572
2016-01-31 00:00:00,0.1657662349617524,0.0453735511079112
2016-01-31 01:00:00,0.14678490849559564,0.04748916058991785
2016-01-31 02:00:00,0.13533715774223454,0.047526489515646385
2016-01-31 03:00:00,0.1161949446424432,0.05204005637194406
2016-01-31 04:00:00,0.11479867951726933,0.052100413170398985
2016-01-31 05:00:00,0.11599428195989794,0.04777328363382554
2016-01-31 06:00:00,0.14540223762749185,0.04655178683801096
2016-01-31 07:00:00,0.16615493718127028,0.05363429812218854
2016-01-31 08:00:00,0.19368677351356048,0.08643214789736946
2016-01-31 09:00:00,0.24652557821917015,0.13144676438353214
2016-01-31 10:00:00,0.23953650650498381,0.15186228353090164
2016-01-31 11:00:00,0.24319125469401942,0.16730583614013303
2016-01-31 12:00:00,0.2514002122015532,0.16613664830583807
2016-01-31 13:00:00,0.25836883257997223,0.15878916071416
2016-01-31 14:00:00,0.24034837220387115,0.1132340546347546
2016-01-31 15:00:00,0.23675752481745482,0.04512229497002737
2016-01-31 16:00:00,0.23019030576321292,0.04501565127865245
2016-01-31 17:00:00,0.20931698583101524,0.047787262459759436
2016-01-31 18:00:00,0.2625784560008113,0.04262417037908273
2016-01-31 19:00:00,0.24272227922172,0.03923675294147272
2016-01-31 20:00:00,0.24789100018834023,0.04650396488397223
2016-01-31 21:00:00,0.23905626793579038,0.061291852010659106
2016-01-31 22:00:00,0.19339869645340746,0.05926796833967338
2016-01-31 23:00:00,0.1748576713317107,0.036859871290778404
2016-02-01 00:00:00,0.1412910198336811,0.038272393704380986
2016-02-01 01:00:00,0.11666661306212336,0.04259803075625855
2016-02-01 02:00:00,0.10683655740032452,0.04638993070707022
2016-02-01 03:00:00,0.11453886929184054,0.04786137622129865
2016-02-01 04:00:00,0.1161620352920723,0.046534442576471734
2016-02-01 05:00:00,0.13810184230122852,0.04483428040255232
2016-02-01 06:00:00,0.19217302529554942,0.04578309428632896
2016-02-01 07:00:00,0.2756899219836578,0.05889221456327011
2016-02-01 08:00:00,0.34973781039928153,0.0915564169203012
2016-02-01 09:00:00,0.3092751958594112,0.12179275626017019
2016-02-01 10:00:00,0.2894689624478442,0.14025003658507723
2016-02-01 11:00:00,0.2892669943063282,0.15459109531478588
2016-02-01 12:00:00,0.2852205615003477,0.17108319508527275
2016-02-01 13:00:00,0.2909592198076032,0.18723309541135338
2016-02-01 14:00:00,0.2910345337129115,0.19633803144259732
2016-02-01 15:00:00,0.2667727564760083,0.19668966056967535
2016-02-01 16:00:00,0.2991973131954103,0.21732143427743006
2016-02-01 17:00:00,0.3042027655308298,0.23497048053334635
2016-02-01 18:00:00,0.28185846234643014,0.2477223343866614
2016-02-01 19:00:00,0.2707940294680111,0.2590960437975748
2016-02-01 20:00:00,0.24702246434573488,0.2228547683636319
2016-02-01 21:00:00,0.241083137531873,0.185435149121504
2016-02-01 22:00:00,0.18614025052155772,0.18471866659593192
2016-02-01 23:00:00,0.15434991865148356,0.1557664440289458
2016-02-02 00:00:00,0.14226107734990726,0.09609610563886173
2016-02-02 01:00:00,0.11785267737308763,0.07878038353857814
2016-02-02 02:00:00,0.11390052071743165,0.06720289277532758
2016-02-02 03:00:00,0.11936774900034766,0.06787041005940739
2016-02-02 04:00:00,0.12386870150961984,0.06518192611998827
2016-02-02 05:00:00,0.13374100650498372,0.0662846608405046
2016-02-02 06:00:00,0.18127127841040785,0.06818143705979855
2016-02-02 07:00:00,0.24537055682081593,0.07740125852268727
2016-02-02 08:00:00,0.2948766334898007,0.11490705010737332
2016-02-02 09:00:00,0.2931895839418172,0.1621017912782124
2016-02-02 10:00:00,0.3182241025440427,0.16855193666076657
2016-02-02 11:00:00,0.3175303957319192,0.1619091411420888
2016-02-02 12:00:00,0.2879636831536857,0.15876525346782705
2016-02-02 13:00:00,0.3011997927387575,0.16768890618056914
2016-02-02 14:00:00,0.3001479521905424,0.14383705766614505
2016-02-02 15:00:00,0.3086099586665508,0.09238614365871309
2016-02-02 16:00:00,0.2967837312818729,0.09624020301046352
2016-02-02 17:00:00,0.2829841897890588,0.09645299160830235
2016-02-02 18:00:00,0.2731241475573714,0.1095459051780755
2016-02-02 19:00:00,0.2734899700683821,0.11675189514091532
2016-02-02 20:00:00,0.2757962911885722,0.09693218928183062
2016-02-02 21:00:00,0.22754966460941112,0.07783320772843731
2016-02-02 22:00:00,0.1814027306733889,0.0642431165857129
2016-02-02 23:00:00,0.15082521136126564,0.05727165355031292
2016-02-03 00:00:00,0.12743183534712574,0.06297042164707609
2016-02-03 01:00:00,0.11547902458565137,0.0645574115827792
2016-02-03 02:00:00,0.10805539512343533,0.05478024753955602
2016-02-03 03:00:00,0.1150559246059342,0.04663963985008801
2016-02-03 04:00:00,0.11538890868393606,0.0458634651031195
2016-02-03 05:00:00,0.1238595669767038,0.06223507709441618
2016-02-03 06:00:00,0.17667038199756604,0.08204027008717973
2016-02-03 07:00:00,0.2423611216098748,0.09500084826657539
2016-02-03 08:00:00,0.32257676760257314,0.11184619796308429
2016-02-03 09:00:00,0.28288494313572093,0.12165737306043416
2016-02-03 10:00:00,0.29475361281583223,0.1265964505270878
2016-02-03 11:00:00,0.28060923704798346,0.14484284507774298
2016-02-03 12:00:00,0.2734118242205611,0.1486109655301192
2016-02-03 13:00:00,0.2806529689962912,0.13694462265514373
2016-02-03 14:00:00,0.2559315999072787,0.11398264912155293
2016-02-03 15:00:00,0.29291737242118676,0.09154995781253666
2016-02-03 16:00:00,0.2999677352659944,0.10844683183346372
2016-02-03 17:00:00,0.30421511930632816,0.07902883231263447
2016-02-03 18:00:00,0.28595845094459893,0.060928838763886176
2016-02-03 19:00:00,0.26000455401019934,0.050955781634803445
2016-02-03 20:00:00,0.2485642955493741,0.03668432730173088
2016-02-03 21:00:00,0.23834496796766336,0.03672377236710346
2016-02-03 22:00:00,0.19787437386995826,0.03398186772457461
2016-02-03 23:00:00,0.16150710138502555,0.033702237494425975
2016-02-04 00:00:00,0.13958066781119613,0.03275161937243301
2016-02-04 01:00:00,0.11863887615901716,0.03209811023938979
2016-02-04 02:00:00,0.10625328184399632,0.029454779703305296
2016-02-04 03:00:00,0.11162643341446449,0.029449568284568742
2016-02-04 04:00:00,0.116361272673273,0.0295230128978095
2016-02-04 05:00:00,0.13909457042477974,0.029588088611578328
2016-02-04 06:00:00,0.18906178151077885,0.02980082570677684
2016-02-04 07:00:00,0.25632750720039404,0.04186835967220809
2016-02-04 08:00:00,0.3134751296070931,0.08371553454982393
2016-02-04 09:00:00,0.2952896666232035,0.1380015166226774
2016-02-04 10:00:00,0.30434689632591566,0.16870473625430268
2016-02-04 11:00:00,0.313086453682777,0.1941196352409056
2016-02-04 12:00:00,0.30891167204160885,0.20129747301892237
2016-02-04 13:00:00,0.3463274473661336,0.1914276835506063
2016-02-04 14:00:00,0.29435541013270744,0.13018663518536083
2016-02-04 15:00:00,0.28536248100660633,0.04937733705168199
2016-02-04 16:00:00,0.2691668222067689,0.055581505222569924
2016-02-04 17:00:00,0.2602095144297637,0.055466009910522196
2016-02-04 18:00:00,0.33957863715519243,0.06183306322002738
2016-02-04 19:00:00,0.28703992237482623,0.07203772604879717
2016-02-04 20:00:00,0.3289595126332868,0.08651183236837472
2016-02-04 21:00:00,0.283819544491771,0.10028013599535497
2016-02-04 22:00:00,0.25629715948076043,0.1084169016059554
2016-02-04 23:00:00,0.1717427055516922,0.1261713332985038
2016-02-05 00:00:00,0.1442746951495133,0.1547646683453941
2016-02-05 01:00:00,0.12855566875289753,0.20524075786138274
2016-02-05 02:00:00,0.11499021966272599,0.2824581699804909
2016-02-05 03:00:00,0.12121847729775158,0.3276516037388519
2016-02-05 04:00:00,0.11788503908785349,0.32520950822941525
2016-02-05 05:00:00,0.13098484117118683,0.29217274512981617
2016-02-05 06:00:00,0.1735406281293463,0.23736794544939369
2016-02-05 07:00:00,0.24517058572380612,0.25002150559241154
2016-02-05 08:00:00,0.285191600602689,0.3194791208146881
2016-02-05 09:00:00,0.3042178890385953,0.4292918325485038
2016-02-05 10:00:00,0.295673276483542,0.47831851203212394
2016-02-05 11:00:00,0.3017316434428606,0.4563535147207608
2016-02-05 12:00:00,0.3172884994204915,0.4439428773572266
2016-02-05 13:00:00,0.30851523309283735,0.38599829782642275
2016-02-05 14:00:00,0.28606569145514604,0.30333191646083507
2016-02-05 15:00:00,0.2852812259069309,0.2175253426274203
2016-02-05 16:00:00,0.25988982755273526,0.1685490970267455
2016-02-05 17:00:00,0.30602642708333333,0.1443993785533933
2016-02-05 18:00:00,0.2769277239366017,0.12996131245193623
2016-02-05 19:00:00,0.2752651732730643,0.14050065200132017
2016-02-05 20:00:00,0.24673756757070012,0.14676677866296695
2016-02-05 21:00:00,0.22216640157046816,0.14252191682143556
2016-02-05 22:00:00,0.1912949664319657,0.15730032385561316
2016-02-05 23:00:00,0.15390053762459438,0.17639270419998043
2016-02-06 00:00:00,0.14714087699930456,0.1802118338830921
2016-02-06 01:00:00,0.13594080747276313,0.1804038861136808
2016-02-06 02:00:00,0.1255442011908901,0.16311175924584392
2016-02-06 03:00:00,0.11850838735802041,0.13384838487742032
2016-02-06 04:00:00,0.12000090975602691,0.12478336123806963
2016-02-06 05:00:00,0.12176437921592492,0.11860003674623508
2016-02-06 06:00:00,0.16791983811427902,0.10725596117641306
2016-02-06 07:00:00,0.22164474137980983,0.11384437039355562
2016-02-06 08:00:00,0.2592082646036162,0.14332906679327206
2016-02-06 09:00:00,0.25831660748435326,0.17481991321230192
2016-02-06 10:00:00,0.2821973465461288,0.23393348255779395
2016-02-06 11:00:00,0.2709423035900558,0.2576951263341482
2016-02-06 12:00:00,0.24471277674432085,0.25234827868032456
2016-02-06 13:00:00,0.23785075118799262,0.23256971354376096
2016-02-06 14:00:00,0.24170870140820586,0.17257733435497752
2016-02-06 15:00:00,0.229395501724038,0.11824095057627615
2016-02-06 16:00:00,0.21873339906409373,0.0996619793169861
2016-02-06 17:00:00,0.2531915583130504,0.07342447121631136
2016-02-06 18:00:00,0.2868355851008344,0.05458750583669078
2016-02-06 19:00:00,0.27851588005621236,0.04876570581307451
2016-02-06 20:00:00,0.2473560288450394,0.03686583344856248
2016-02-06 21:00:00,0.22962158618741313,0.028754991858008998
2016-02-06 22:00:00,0.1805842765994437,0.030137460799090555
2016-02-06 23:00:00,0.14862674411798793,0.030321762641208682
2016-02-07 00:00:00,0.14111509056270288,0.03172356408986896
2016-02-07 01:00:00,0.12854029643312476,0.030406207688343435
2016-02-07 02:00:00,0.11538080819714878,0.02954759486343634
2016-02-07 03:00:00,0.10541583491249423,0.031400842620770586
2016-02-07 04:00:00,0.10138733431849792,0.03635847734299824
2016-02-07 05:00:00,0.10652930066353732,0.04547164981972422
2016-02-07 06:00:00,0.15259031583217428,0.051364768983962444
2016-02-07 07:00:00,0.19110339762980982,0.06682689360414629
2016-02-07 08:00:00,0.20192060292072328,0.0909407674910033
2016-02-07 09:00:00,0.2660679802532453,0.12925953514370234
2016-02-07 10:00:00,0.2612222492611266,0.13562753053246623
2016-02-07 11:00:00,0.259071715301924,0.13666941922173864
2016-02-07 12:00:00,0.2676166777352805,0.14171771569910033
2016-02-07 13:00:00,0.28604081602051457,0.1462146662812438
2016-02-07 14:00:00,0.23398987379751968,0.11716615516174456
2016-02-07 15:00:00,0.23736857850892443,0.0806950496031195
2016-02-07 16:00:00,0.23960020221951794,0.08573512170247408
2016-02-07 17:00:00,0.25289278458217435,0.0616934742986016
2016-02-07 18:00:00,0.279111502781641,0.06162086767186583
2016-02-07 19:00:00,0.27713849469749635,0.06931403520242518
2016-02-07 20:00:00,0.2774281332869727,0.07813086581547035
2016-02-07 21:00:00,0.2516232166782568,0.09466285094880694
2016-02-07 22:00:00,0.196931062195758,0.11562420565915313
2016-02-07 23:00:00,0.16388063118625407,0.12650842778173282
2016-02-08 00:00:00,0.1339418056762865,0.1371596214668492
2016-02-08 01:00:00,0.11982685515183125,0.16365546881664383
2016-02-08 02:00:00,0.11051086684341674,0.18600751762663795
2016-02-08 03:00:00,0.11972731867176639,0.19949220352371405
2016-02-08 04:00:00,0.11911989993335648,0.2164793766469294
2016-02-08 05:00:00,0.13806231320989804,0.22508374449349697
2016-02-08 06:00:00,0.17936721641747796,0.24325443706473693
2016-02-08 07:00:00,0.2603276502086232,0.2709904759918345
2016-02-08 08:00:00,0.30025447673273065,0.2817043051198904
2016-02-08 09:00:00,0.3142937952596199,0.26235615435101695
2016-02-08 10:00:00,0.2874630403337969,0.23885872341805198
2016-02-08 11:00:00,0.3302067453639315,0.25292646492054566
2016-02-08 12:00:00,0.3025533822003941,0.2827359124536964
2016-02-08 13:00:00,0.3036159444830783,0.29998885064218644
2016-02-08 14:00:00,0.2870791444714882,0.30232127046714247
2016-02-08 15:00:00,0.2633088925446222,0.2498264888738019
2016-02-08 16:00:00,0.2699945885199351,0.23590467902860354
2016-02-08 17:00:00,0.30761426102515077,0.23757304717294153
2016-02-08 18:00:00,0.29191243635547043,0.23502060922315662
2016-02-08 19:00:00,0.28681988069367187,0.2148536272412478
2016-02-08 20:00:00,0.27487757282974024,0.20642169791409154
2016-02-08 21:00:00,0.2393080648759852,0.2071149301935752
2016-02-08 22:00:00,0.1910124786595967,0.2239970398188441
2016-02-08 23:00:00,0.16815569075973574,0.2756401764931547
2016-02-09 00:00:00,0.1341530313659017,0.33834783164898297
2016-02-09 01:00:00,0.11050207666898473,0.3887586885569626
2016-02-09 02:00:00,0.10686074674026427,0.420881642709026
2016-02-09 03:00:00,0.11323395597183583,0.4374933702203207
2016-02-09 04:00:00,0.11856644932197499,0.43330019457681396
2016-02-09 05:00:00,0.1261468216417478,0.4185023634729611
2016-02-09 06:00:00,0.18716393823887345,0.4270890648857324
2016-02-09 07:00:00,0.2523661725197032,0.41354812907828076
2016-02-09 08:00:00,0.31925164051634225,0.4095249163423136
2016-02-09 09:00:00,0.3378080822467548,0.4958233368792781
2016-02-09 10:00:00,0.31407271901077877,0.5348827868624094
2016-02-09 11:00:00,0.311970128650904,0.5501221274650401
2016-02-09 12:00:00,0.3285942713983543,0.5751832019427929
2016-02-09 13:00:00,0.3147771323162957,0.5498501924076374
2016-02-09 14:00:00,0.3056603582956653,0.49971336398107746
2016-02-09 15:00:00,0.2903686859063514,0.4187234420870819
2016-02-09 16:00:00,0.28529570336404714,0.3735264251155877
2016-02-09 17:00:00,0.2878267117379464,0.2878934160820946
2016-02-09 18:00:00,0.32286697632707473,0.22694619795760806
2016-02-09 19:00:00,0.2907585653975428,0.1845979898453941
2016-02-09 20:00:00,0.2697921585680342,0.17814177880608253
2016-02-09 21:00:00,0.2596426021818498,0.16625180514345783
2016-02-09 22:00:00,0.18453074071337505,0.1883175557166536
2016-02-09 23:00:00,0.1604913164841214,0.24812668176442398
2016-02-10 00:00:00,0.1408219549866713,0.304324292544201
2016-02-10 01:00:00,0.12798842738757535,0.353589105840798
2016-02-10 02:00:00,0.11840831852688916,0.3815544147007139
2016-02-10 03:00:00,0.11883653662494201,0.3892929500000978
2016-02-10 04:00:00,0.12053030813919795,0.3930195003232447
2016-02-10 05:00:00,0.13091459926981922,0.3980522149549677
2016-02-10 06:00:00,0.19430222374826137,0.4024895590067963
2016-02-10 07:00:00,0.2609099146528744,0.4265808631200371
2016-02-10 08:00:00,0.2955447519993047,0.49171997773943854
2016-02-10 09:00:00,0.2940697361352572,0.5498870790527088
2016-02-10 10:00:00,0.3360214566527584,0.5826078787525424
2016-02-10 11:00:00,0.3465795905192397,0.6066429991916193
2016-02-10 12:00:00,0.3487495536335187,0.6060116433314588
2016-02-10 13:00:00,0.3215661483541956,0.594852878734109
2016-02-10 14:00:00,0.2967679948858369,0.551048144526452
2016-02-10 15:00:00,0.31286643021267985,0.4857244407875025
2016-02-10 16:00:00,0.2666576000956189,0.4699563154288577
2016-02-10 17:00:00,0.2938991527149977,0.455362971801193
2016-02-10 18:00:00,0.3205466512662263,0.45506513982006647
2016-02-10 19:00:00,0.30364712214592027,0.4511062007241834
2016-02-10 20:00:00,0.29338424062644874,0.45417218005979854
2016-02-10 21:00:00,0.25538644533785343,0.45449468893105804
2016-02-10 22:00:00,0.20878945997044507,0.45577761535106587
2016-02-10 23:00:00,0.1672687044071627,0.4512831801058087
2016-02-11 00:00:00,0.14344831318092266,0.44291685563939953
2016-02-11 01:00:00,0.12024413921244784,0.43282047216360253
2016-02-11 02:00:00,0.10600220765241075,0.4123618356514766
2016-02-11 03:00:00,0.10491678904439034,0.40006639336813016
2016-02-11 04:00:00,0.10677470391458044,0.39214854747389005
2016-02-11 05:00:00,0.11892864012517386,0.38285669236412084
2016-02-11 06:00:00,0.17448494309225776,0.3721250297869158
2016-02-11 07:00:00,0.2520072859585073,0.38593303328246625
2016-02-11 08:00:00,0.2824967618364627,0.4529496433750734
2016-02-11 09:00:00,0.35123339622450156,0.5075354463319969
2016-02-11 10:00:00,0.3552055298591794,0.5018240662582631
2016-02-11 11:00:00,0.31670038034596665,0.5235065451308429
2016-02-11 12:00:00,0.32641492998087607,0.5400388988481322
2016-02-11 13:00:00,0.32480872632707475,0.5494835683000685
2016-02-11 14:00:00,0.2765324581305052,0.48290797517382134
2016-02-11 15:00:00,0.2541905334811081,0.3287058491689811
2016-02-11 16:00:00,0.2612928554705609,0.22440156573982983
2016-02-11 17:00:00,0.2787190554155076,0.17497787086143163
2016-02-11 18:00:00,0.3063223224240843,0.1380067886469294
2016-02-11 19:00:00,0.30614259434399627,0.10540333573743399
2016-02-11 20:00:00,0.2779274609121465,0.08650336419298846
2016-02-11 21:00:00,0.24517879993915154,0.07346554850899667
2016-02-11 22:00:00,0.24266883552097823,0.07929651130104635
2016-02-11 23:00:00,0.19487253708854896,0.09955152840235673
2016-02-12 00:00:00,0.17574761265646732,0.10113950603139056
2016-02-12 01:00:00,0.1391520900556328,0.11450375193604537
2016-02-12 02:00:00,0.11258834488004169,0.14870861860835125
2016-02-12 03:00:00,0.11561888524281419,0.17421366349075884
2016-02-12 04:00:00,0.11609677985917943,0.18975829061754348
2016-02-12 05:00:00,0.12361324375579513,0.21353952388255426
2016-02-12 06:00:00,0.18639897877549833,0.2534226245095345
2016-02-12 07:00:00,0.2618052844372971,0.30186380812663804
2016-02-12 08:00:00,0.31422104504230414,0.2611561261950421
2016-02-12 09:00:00,0.34147902184747325,0.17519939308703303
2016-02-12 10:00:00,0.3637383382301808,0.1927616869988265
2016-02-12 11:00:00,0.35192646179589687,0.19965500154752597
2016-02-12 12:00:00,0.32635566420375534,0.18612511203354193
2016-02-12 13:00:00,0.37839354243451573,0.16164665159192254
2016-02-12 14:00:00,0.311106528265531,0.12189438192069231
2016-02-12 15:00:00,0.2798019937992582,0.07371945304156072
2016-02-12 16:00:00,0.25289004649107544,0.09248648480373559
2016-02-12 17:00:00,0.2935747233570932,0.10384326034955016
2016-02-12 18:00:00,0.31240697725428834,0.09334326610561315
2016-02-12 19:00:00,0.29913956732440883,0.08558907827058479
2016-02-12 20:00:00,0.29346349866713034,0.09260384252122042
2016-02-12 21:00:00,0.2864588033147891,0.10774445679312536
2016-02-12 22:00:00,0.21007210142848864,0.1183113596496675
2016-02-12 23:00:00,0.17417346925706992,0.11136292386539212
2016-02-13 00:00:00,0.1572460791608716,0.09885630226320163
2016-02-13 01:00:00,0.13664707471314325,0.09362016962106395
2016-02-13 02:00:00,0.12673954405713958,0.08306840496821827
2016-02-13 03:00:00,0.1134309115814789,0.0722253895330041
2016-02-13 04:00:00,0.1145565010576031,0.0742297636722081
2016-02-13 05:00:00,0.12290220061138157,0.07812136099144337
2016-02-13 06:00:00,0.16814035988931392,0.05004094386011148
2016-02-13 07:00:00,0.20766040680053316,0.041904759453500875
2016-02-13 08:00:00,0.24861144827885961,0.04794911112262861
2016-02-13 09:00:00,0.2657433121812702,0.06146386998117545
2016-02-13 10:00:00,0.2732214417883635,0.07168282337013493
2016-02-13 11:00:00,0.27720272245885497,0.0856509377583121
2016-02-13 12:00:00,0.29929553032278616,0.09502998755168204
2016-02-13 13:00:00,0.27733939412378306,0.08299143972300996
2016-02-13 14:00:00,0.25660265178778385,0.05741315629508114
2016-02-13 15:00:00,0.24435534469170156,0.015045515469685114
2016-02-13 16:00:00,0.22195172227051452,0.016789777207265794
2016-02-13 17:00:00,0.2573518592808298,0.02040474657236456
2016-02-13 18:00:00,0.2741531003853731,0.019108325985038137
2016-02-13 19:00:00,0.2994183370856512,0.018879003223938977
2016-02-13 20:00:00,0.2764072370334955,0.018346918161891258
2016-02-13 21:00:00,0.2567828095734818,0.017150428453794248
2016-02-13 22:00:00,0.19491037266747802,0.01682980057035987
2016-02-13 23:00:00,0.21591018916608723,0.016742194582681398
2016-02-14 00:00:00,0.16688196695352348,0.01861837191330921
2016-02-14 01:00:00,0.13150357637923032,0.018140850766086448
2016-02-14 02:00:00,0.12084866607267034,0.01819202473102875
2016-02-14 03:00:00,0.1154730565600371,0.019042076076031682
2016-02-14 04:00:00,0.11699499148122394,0.019612229950420494
2016-02-14 05:00:00,0.12250569742408435,0.020035076271416
2016-02-14 06:00:00,0.15883546860512293,0.016271344372041856
2016-02-14 07:00:00,0.19454435394935096,0.014782119306180324
2016-02-14 08:00:00,0.24300937014661572,0.032726104618961464
2016-02-14 09:00:00,0.3230841044853965,0.06420517529004496
2016-02-14 10:00:00,0.3096183006925127,0.065239540334246
2016-02-14 11:00:00,0.2663251174519009,0.06981650026388611
2016-02-14 12:00:00,0.2630500868248724,0.0775210136741639
2016-02-14 13:00:00,0.27714455724095954,0.07798708737067282
2016-02-14 14:00:00,0.2530079900759157,0.06635153205882063
2016-02-14 15:00:00,0.23077080280771906,0.04410068068457852
2016-02-14 16:00:00,0.25669462601413995,0.05854116495975943
2016-02-14 17:00:00,0.2502502253563978,0.07380577797310776
2016-02-14 18:00:00,0.2933174179995364,0.08716037625361822
2016-02-14 19:00:00,0.32609967467837264,0.0871431512907295
2016-02-14 20:00:00,0.29946035528222065,0.07850601290724624
2016-02-14 21:00:00,0.2862469063514138,0.07567191889331115
2016-02-14 22:00:00,0.22268259932777004,0.07801903785712888
2016-02-14 23:00:00,0.17967074953639317,0.0677827242644729
2016-02-15 00:00:00,0.14101416881084833,0.08291846628584001
2016-02-15 01:00:00,0.12733188060674547,0.08814677796728927
2016-02-15 02:00:00,0.11679175627318034,0.08053859215108547
2016-02-15 03:00:00,0.12343820508808531,0.0909597386488363
2016-02-15 04:00:00,0.12124226405308292,0.12038500246195971
2016-02-15 05:00:00,0.13594334401077887,0.15367652529767262
2016-02-15 06:00:00,0.20926576309689385,0.1760238018272052
2016-02-15 07:00:00,0.26920242207058426,0.1876199328789849
2016-02-15 08:00:00,0.351291123420839,0.2243120074103755
2016-02-15 09:00:00,0.33244633633229026,0.2908350975556913
2016-02-15 10:00:00,0.3627308052561428,0.30926282273141986
2016-02-15 11:00:00,0.3219059468011126,0.31132902371332877
2016-02-15 12:00:00,0.3215692353674085,0.3182790449834736
2016-02-15 13:00:00,0.3287690087216041,0.3335382735153041
2016-02-15 14:00:00,0.34655796522948534,0.34352706251618415
2016-02-15 15:00:00,0.3518669232730644,0.32416463615397023
2016-02-15 16:00:00,0.32059032816121935,0.29852787018399174
2016-02-15 17:00:00,0.3244105747131433,0.28706212169729123
2016-02-15 18:00:00,0.33163558271036164,0.2827559522110796
2016-02-15 19:00:00,0.3012455191382708,0.2888899038271074
2016-02-15 20:00:00,0.26882892938687986,0.27309182949330135
2016-02-15 21:00:00,0.2628666370972415,0.27138796329014275
2016-02-15 22:00:00,0.2193605005795086,0.2819610901679053
2016-02-15 23:00:00,0.18551094723574407,0.26306344562561124
2016-02-16 00:00:00,0.16005576755910983,0.23467610692460394
2016-02-16 01:00:00,0.13402661165681504,0.2365240812064346
2016-02-16 02:00:00,0.11738367069425132,0.24951803995755917
2016-02-16 03:00:00,0.11936549316179876,0.2764870119260708
2016-02-16 04:00:00,0.12592860484758925,0.3019475099812732
2016-02-16 05:00:00,0.14173709512633295,0.31563312662018383
2016-02-16 06:00:00,0.20786580461868334,0.25664706235619983
2016-02-16 07:00:00,0.3057141925707001,0.20936880346156844
2016-02-16 08:00:00,0.3277815515328002,0.2719146071003325
2016-02-16 09:00:00,0.3497181658553547,0.3538336161273225
2016-02-16 10:00:00,0.39229742924200267,0.35349392845799926
2016-02-16 11:00:00,0.3545588069367177,0.34678833754767263
2016-02-16 12:00:00,0.3432119330667591,0.3554276031004303
2016-02-16 13:00:00,0.33275485226877594,0.382562577647516
2016-02-16 14:00:00,0.32343006622334264,0.35654100116643844
2016-02-16 15:00:00,0.31122263107035236,0.31258581087023274
2016-02-16 16:00:00,0.30545952971430224,0.32275303845374537
2016-02-16 17:00:00,0.2956098369552619,0.3060133194850381
2016-02-16 18:00:00,0.3362747417999537,0.2836820571266868
2016-02-16 19:00:00,0.3154972452190542,0.3066818126163211
2016-02-16 20:00:00,0.29841261904554944,0.30508833661431645
2016-02-16 21:00:00,0.2621537212998378,0.25769737984852337
2016-02-16 22:00:00,0.21826210184863223,0.23364758160272833
2016-02-16 23:00:00,0.17866338033147894,0.21365010713881283
2016-02-17 00:00:00,0.1567545750173852,0.17900418325356934
2016-02-17 01:00:00,0.13636337231977286,0.16343722111793466
2016-02-17 02:00:00,0.1200164623029671,0.16008963151681987
2016-02-17 03:00:00,0.1286430063166435,0.15333721809558967
2016-02-17 04:00:00,0.1304083385489105,0.15430001559950127
2016-02-17 05:00:00,0.14944620602978675,0.15833141641800313
2016-02-17 06:00:00,0.2116974045549374,0.16752434191643847
2016-02-17 07:00:00,0.2756553848081827,0.1712413275098279
2016-02-17 08:00:00,0.3346171850515764,0.15848508564340894
2016-02-17 09:00:00,0.331471633779555,0.15057208660928023
2016-02-17 10:00:00,0.3702090032887113,0.12910160040015645
2016-02-17 11:00:00,0.34120562455088094,0.13531247207823194
2016-02-17 12:00:00,0.33469882503187287,0.15211905044054375
2016-02-17 13:00:00,0.31841818183530374,0.14351402987790926
2016-02-17 14:00:00,0.30563100015936484,0.12511499054777034
2016-02-17 15:00:00,0.2725449510025498,0.08466835042294152
2016-02-17 16:00:00,0.2919197301373437,0.06425892252019362
2016-02-17 17:00:00,0.33188904356455723,0.03763200244875806
2016-02-17 18:00:00,0.35581905243103845,0.032676853121063956
2016-02-17 19:00:00,0.3283772822641399,0.031892784747310776
2016-02-17 20:00:00,0.29630115370016225,0.03229958790529044
2016-02-17 21:00:00,0.24981580302503478,0.03823159759206923
2016-02-17 22:00:00,0.19263112602862772,0.052618273271269306
2016-02-17 23:00:00,0.1648797037841911,0.06484410437888716
2016-02-18 00:00:00,0.1561470201813862,0.07720384906591042
2016-02-18 01:00:00,0.1331656685210941,0.0884829690106591
2016-02-18 02:00:00,0.11363868127028282,0.1068187910846372
2016-02-18 03:00:00,0.11860805132997215,0.13984296682045766
2016-02-18 04:00:00,0.11540258879520167,0.16315940629830825
2016-02-18 05:00:00,0.12945826996407048,0.16539175739228434
2016-02-18 06:00:00,0.1865119417738757,0.16215285825464504
2016-02-18 07:00:00,0.24381449752260093,0.12463135829429886
2016-02-18 08:00:00,0.31342346563514156,0.11166902923137104
2016-02-18 09:00:00,0.3389531728674084,0.13519478739052412
2016-02-18 10:00:00,0.35780228172809464,0.13741039995457655
2016-02-18 11:00:00,0.3604414574495829,0.1596564976535791
2016-02-18 12:00:00,0.3746789174345157,0.16269190987962057
2016-02-18 13:00:00,0.32368631363004174,0.17489388944411305
2016-02-18 14:00:00,0.2665930903164117,0.182678169742079
2016-02-18 15:00:00,0.2811179458449234,0.13879563057622726
2016-02-18 16:00:00,0.27655813887923036,0.12833120133395262
2016-02-18 17:00:00,0.28627734444541036,0.14493085121078625
2016-02-18 18:00:00,0.30135908163827074,0.16615979720545665
2016-02-18 19:00:00,0.2823596686080203,0.17407509057109327
2016-02-18 20:00:00,0.27920751040217895,0.17518432346054175
2016-02-18 21:00:00,0.2412208968040102,0.1742470962741541
2016-02-18 22:00:00,0.20140272309631435,0.17063640878466652
2016-02-18 23:00:00,0.16345423759851638,0.16926944004043615
2016-02-19 00:00:00,0.1470749476703755,0.17212463776716214
2016-02-19 01:00:00,0.12489122282104774,0.18997315528305297
2016-02-19 02:00:00,0.11403436861091792,0.19946216990685506
2016-02-19 03:00:00,0.11728299172751504,0.1693224576415509
2016-02-19 04:00:00,0.11940380769007876,0.17758682149159005
2016-02-19 05:00:00,0.1366329678227863,0.17839443527972815
2016-02-19 06:00:00,0.18600651154670836,0.17761615117005666
2016-02-19 07:00:00,0.24518509919738066,0.15699594006033635
2016-02-19 08:00:00,0.31612012246464993,0.10635052892211032
2016-02-19 09:00:00,0.3331069859903801,0.1383849186137297
2016-02-19 10:00:00,0.3214486899484238,0.1528424017493643
2016-02-19 11:00:00,0.3172196012401483,0.18962549494147266
2016-02-19 12:00:00,0.3020971948452713,0.24145378072198329
2016-02-19 13:00:00,0.2997213473574409,0.25652838419015256
2016-02-19 14:00:00,0.31153174717489557,0.24181143035663993
2016-02-19 15:00:00,0.3186013448945296,0.16431825286040486
2016-02-19 16:00:00,0.2464126842692398,0.14933459371019947
2016-02-19 17:00:00,0.2872265457956653,0.12233333852195383
2016-02-19 18:00:00,0.30528401219865553,0.12434857827439859
2016-02-19 19:00:00,0.2733163764487715,0.129336798243937
2016-02-19 20:00:00,0.2539229934225777,0.13744674503867593
2016-02-19 21:00:00,0.21640102473052855,0.13490118318052025
2016-02-19 22:00:00,0.18963104878013443,0.13270151217763543
2016-02-19 23:00:00,0.159405662233426,0.12161764512301976
2016-02-20 00:00:00,0.1399713825480992,0.11098153360536867
2016-02-20 01:00:00,0.13108756338375055,0.1019581878210444
2016-02-20 02:00:00,0.12347290790159944,0.07543204721225309
2016-02-20 03:00:00,0.11207518193671771,0.055947163062438875
2016-02-20 04:00:00,0.11080589962911451,0.046140229348034426
2016-02-20 05:00:00,0.12275503798678716,0.040625576753422654
2016-02-20 06:00:00,0.14789139334144655,0.04174188277190495
2016-02-20 07:00:00,0.20774336643776073,0.05600982584348719
2016-02-20 08:00:00,0.2157687606919333,0.08128039605133969
2016-02-20 09:00:00,0.24536145049547997,0.1319110264452376
2016-02-20 10:00:00,0.2464746868625405,0.16576903664736944
2016-02-20 11:00:00,0.23301439867292537,0.18394309179283203
2016-02-20 12:00:00,0.22739927603442286,0.18009922335419523
2016-02-20 13:00:00,0.2240494724153918,0.17211764072237426
2016-02-20 14:00:00,0.2192888181212332,0.12800355434290045
2016-02-20 15:00:00,0.21160130654554934,0.07731842191634071
2016-02-20 16:00:00,0.23656768502260073,0.056609209255231746
2016-02-20 17:00:00,0.2856929852949699,0.02587569094171719
2016-02-20 18:00:00,0.2911945060124015,0.02847489958375709
2016-02-20 19:00:00,0.2751923645833334,0.02599703694465089
2016-02-20 20:00:00,0.2638513631490496,0.024536805001711324
2016-02-20 21:00:00,0.24913277078987023,0.02841770726779777
2016-02-20 22:00:00,0.21601132565484474,0.043355130915411697
2016-02-20 23:00:00,0.17450167682255455,0.05578095284446509
2016-02-21 00:00:00,0.13744159159133057,0.06183593070795032
2016-02-21 01:00:00,0.12447829683878074,0.08591557533761979
2016-02-21 02:00:00,0.12071037223284659,0.11373189799286132
2016-02-21 03:00:00,0.10437335581826611,0.11320722425347154
2016-02-21 04:00:00,0.10716214341388505,0.1329951185301193
2016-02-21 05:00:00,0.1098414664029903,0.15894907442719536
2016-02-21 06:00:00,0.13742408469517847,0.20018187442660865
2016-02-21 07:00:00,0.16877761456884563,0.21726456763274984
2016-02-21 08:00:00,0.18452011264197957,0.1698145980616565
2016-02-21 09:00:00,0.21991738419969864,0.13565069328378643
2016-02-21 10:00:00,0.219002678517617,0.14886738383331702
2016-02-21 11:00:00,0.2530566682458275,0.14634531630290434
2016-02-21 12:00:00,0.23683318441411688,0.11785131510776452
2016-02-21 13:00:00,0.23866704669390373,0.08955937188587912
2016-02-21 14:00:00,0.1941361074553778,0.07814158528950713
2016-02-21 15:00:00,0.2338873914145804,0.0907393010593585
2016-02-21 16:00:00,0.24101364357324995,0.10740749429063172
2016-02-21 17:00:00,0.26269522079276775,0.12237992675787207
2016-02-21 18:00:00,0.29724924727630975,0.1209206599728144
2016-02-21 19:00:00,0.26077693439962907,0.11328645737292195
2016-02-21 20:00:00,0.2539412833507186,0.132733539135928
2016-02-21 21:00:00,0.21609802490438113,0.15310562237077058
2016-02-21 22:00:00,0.19355918442860454,0.16314537929610795
2016-02-21 23:00:00,0.17226679386879928,0.16704678812380205
2016-02-22 00:00:00,0.15668997977515078,0.1755113732254547
2016-02-22 01:00:00,0.12517812591272598,0.2046015988316546
2016-02-22 02:00:00,0.11662982248203521,0.23817357124750632
2016-02-22 03:00:00,0.11977471838780714,0.23858426618946804
2016-02-22 04:00:00,0.11572859176518308,0.22597996171606685
2016-02-22 05:00:00,0.1425614555516922,0.2561008451613534
2016-02-22 06:00:00,0.21895628494436714,0.3056888953390866
2016-02-22 07:00:00,0.2740332745711635,0.2583670364819088
2016-02-22 08:00:00,0.3063639369494668,0.1386729673054469
2016-02-22 09:00:00,0.3150692134474965,0.17503816592519073
2016-02-22 10:00:00,0.3025419846575106,0.18879155055652255
2016-02-22 11:00:00,0.28947686655366245,0.27441228429024056
2016-02-22 12:00:00,0.29380759867582273,0.38138006068228036
2016-02-22 13:00:00,0.2818969710245712,0.37211611260932903
2016-02-22 14:00:00,0.32074048154265183,0.3099363323713084
2016-02-22 15:00:00,0.3154813870972416,0.24100588643022686
2016-02-22 16:00:00,0.2859058503998609,0.23104219990377473
2016-02-22 17:00:00,0.30016385173273075,0.22743361268902795
2016-02-22 18:00:00,0.297944944149861,0.22428664354019165
2016-02-22 19:00:00,0.27478257133750583,0.20791781882158222
2016-02-22 20:00:00,0.27123636213490965,0.21630748907300018
2016-02-22 21:00:00,0.2398764801663189,0.22079836244489537
2016-02-22 22:00:00,0.20393726774745013,0.1827552040609231
2016-02-22 23:00:00,0.16604522425533155,0.20031129182754742
2016-02-23 00:00:00,0.1393247267472184,0.2737989065962742
2016-02-23 01:00:00,0.11497513482267041,0.2788286994039702
2016-02-23 02:00:00,0.10753449404554939,0.22875143906429687
2016-02-23 03:00:00,0.11392379521615673,0.20183345632867203
2016-02-23 04:00:00,0.11507765668463144,0.16452821288666142
2016-02-23 05:00:00,0.1275742417564905,0.14061010442915117
2016-02-23 06:00:00,0.19083352181849794,0.13713158392523958
2016-02-23 07:00:00,0.2532186568874596,0.11024302391898104
2016-02-23 08:00:00,0.28607933940368574,0.07792563893511638
2016-02-23 09:00:00,0.3028896186833565,0.09680399106967534
2016-02-23 10:00:00,0.29616319520746404,0.11508773727777236
2016-02-23 11:00:00,0.296753209724154,0.14588960688739486
2016-02-23 12:00:00,0.2699470416666668,0.1751927008902308
2016-02-23 13:00:00,0.27203594966968003,0.18288542076398392
2016-02-23 14:00:00,0.3111051381258694,0.1649410654131136
2016-02-23 15:00:00,0.2873240841736209,0.14831777174261687
2016-02-23 16:00:00,0.29534070443613814,0.17499824243844125
2016-02-23 17:00:00,0.3118986501941354,0.17837576734109134
2016-02-23 18:00:00,0.32382597754404263,0.18293937069954036
2016-02-23 19:00:00,0.3167288798533843,0.2128681982614903
2016-02-23 20:00:00,0.2878882923910523,0.27009934867416396
2016-02-23 21:00:00,0.2535088769413537,0.31815214293281824
2016-02-23 22:00:00,0.19670050156467322,0.38092227090577935
2016-02-23 23:00:00,0.1646442153888502,0.3902244497381674
2016-02-24 00:00:00,0.13858737531872967,0.3660221870299726
2016-02-24 01:00:00,0.12638453637865088,0.34046844761133377
2016-02-24 02:00:00,0.11399413725660644,0.3045307531547526
2016-02-24 03:00:00,0.11636288900961989,0.2565138555943184
2016-02-24 04:00:00,0.11554816713027355,0.22395729360830235
2016-02-24 05:00:00,0.12699646444714877,0.24004105560375516
2016-02-24 06:00:00,0.1996409003245248,0.22619343026701544
2016-02-24 07:00:00,0.26575742412783965,0.22382377486842361
2016-02-24 08:00:00,0.30851872500869265,0.2820210420442988
2016-02-24 09:00:00,0.29371338827074633,0.35883589153867596
2016-02-24 10:00:00,0.2892079365438109,0.3389977862100038
2016-02-24 11:00:00,0.27327901926866016,0.386021471549384
2016-02-24 12:00:00,0.2880200450857672,0.39569132264399565
2016-02-24 13:00:00,0.2660097266023413,0.3866083375828279
2016-02-24 14:00:00,0.26563205563282355,0.36599735831102087
2016-02-24 15:00:00,0.26563257359758924,0.30719516985898687
2016-02-24 16:00:00,0.2595428559776308,0.2573347216954332
2016-02-24 17:00:00,0.30449366305922587,0.2292947804550166
2016-02-24 18:00:00,0.3259118639458738,0.18594792115665948
2016-02-24 19:00:00,0.2926589736468474,0.18033063164433796
2016-02-24 20:00:00,0.2888280280482151,0.2221435478234891
2016-02-24 21:00:00,0.23345981342721372,0.2605285145633679
2016-02-24 22:00:00,0.20944271947438572,0.27883497125303147
2016-02-24 23:00:00,0.1582496807921883,0.2912559785361334
2016-02-25 00:00:00,0.13487197150266575,0.3070574344415705
2016-02-25 01:00:00,0.11965363198307839,0.3276911850564248
2016-02-25 02:00:00,0.1084219098719286,0.3152776898008507
2016-02-25 03:00:00,0.11314600570815954,0.2486358707508312
2016-02-25 04:00:00,0.11274710819425125,0.1898000030864952
2016-02-25 05:00:00,0.11874624727630967,0.18424549073352237
2016-02-25 06:00:00,0.1814537107672694,0.16989275545975943
2016-02-25 07:00:00,0.2711259155076496,0.12286474983982001
2016-02-25 08:00:00,0.3038391208854891,0.1868423242562097
2016-02-25 09:00:00,0.2947916784451785,0.26017470677283394
2016-02-25 10:00:00,0.29083521911219296,0.26354458480808707
2016-02-25 11:00:00,0.2954893651338665,0.31906056222721496
2016-02-25 12:00:00,0.3040803771731571,0.3632703728739974
2016-02-25 13:00:00,0.29356406087737597,0.3229442790134461
2016-02-25 14:00:00,0.2714365464621001,0.2810727674733523
2016-02-25 15:00:00,0.25973195666724613,0.2488189542561118
2016-02-25 16:00:00,0.26794278526309684,0.2310316668584001
2016-02-25 17:00:00,0.25388335242814075,0.2146591045126638
2016-02-25 18:00:00,0.28393372405250344,0.1876851829969685
2016-02-25 19:00:00,0.30050047681965686,0.1844366653967338
2016-02-25 20:00:00,0.27070129001506704,0.19114593314976533
2016-02-25 21:00:00,0.23904894596082524,0.196966915825885
2016-02-25 22:00:00,0.20117601177851188,0.21347262531327008
2016-02-25 23:00:00,0.15414784690832167,0.19531728453168395
2016-02-26 00:00:00,0.1387518137024804,0.1563761830914336
2016-02-26 01:00:00,0.12526753413305522,0.12319971132329356
2016-02-26 02:00:00,0.11212007416261016,0.09679924800141793
2016-02-26 03:00:00,0.11710909293868801,0.07035392836700567
2016-02-26 04:00:00,0.11814840874188688,0.05649670287365539
2016-02-26 05:00:00,0.126354872870306,0.05197688202263837
2016-02-26 06:00:00,0.2124579276918172,0.038097074556669275
2016-02-26 07:00:00,0.2768194339794855,0.036475928864414246
2016-02-26 08:00:00,0.3072172960999072,0.05903941602224719
2016-02-26 09:00:00,0.2675270774513212,0.09880594402743004
2016-02-26 10:00:00,0.26490474143776077,0.12290064034769216
2016-02-26 11:00:00,0.2743418142675012,0.154662221418101
2016-02-26 12:00:00,0.30709207707464087,0.18438598702141606
2016-02-26 13:00:00,0.30999082736439487,0.1851090456530412
2016-02-26 14:00:00,0.2793196496870654,0.16805975827967926
2016-02-26 15:00:00,0.272450599632012,0.13109044336045375
2016-02-26 16:00:00,0.3252803228876913,0.13115599792871108
2016-02-26 17:00:00,0.28908833938919787,0.15683192066272247
2016-02-26 18:00:00,0.2661489037291378,0.17379948325332487
2016-02-26 19:00:00,0.2701515226442976,0.13961680745350086
2016-02-26 20:00:00,0.24450191682603145,0.09562545348978094
2016-02-26 21:00:00,0.21224666291434857,0.06417759812336202
2016-02-26 22:00:00,0.1832634770224849,0.05953248206732838
2016-02-26 23:00:00,0.16502697209666206,0.059835149328574214
2016-02-27 00:00:00,0.14876290624999997,0.056805528021122625
2016-02-27 01:00:00,0.14115075175301345,0.05908437037737141
2016-02-27 02:00:00,0.12904198362888264,0.05620320945369645
2016-02-27 03:00:00,0.11858905111265643,0.05813507828716016
2016-02-27 04:00:00,0.11891331720850716,0.06968404925899667
2016-02-27 05:00:00,0.12291644678662497,0.07319712289868961
2016-02-27 06:00:00,0.15233964232730643,0.0673207228589869
2016-02-27 07:00:00,0.1988492694714883,0.05750155046997848
2016-02-27 08:00:00,0.21969428239452948,0.05106971382945433
2016-02-27 09:00:00,0.2253449411798794,0.08017351424647955
2016-02-27 10:00:00,0.22865584666203057,0.09809108525312925
2016-02-27 11:00:00,0.24692111194656918,0.09189192361817915
2016-02-27 12:00:00,0.2609495866944831,0.08494928646689807
2016-02-27 13:00:00,0.2489790593561659,0.07035327052850576
2016-02-27 14:00:00,0.22168556037030587,0.0528438187197829
2016-02-27 15:00:00,0.18734703792883642,0.04227625736407198
2016-02-27 16:00:00,0.17438401899339362,0.04964492055280656
2016-02-27 17:00:00,0.2287869261126565,0.04958066445340309
2016-02-27 18:00:00,0.2722924854398472,0.037371712186778795
2016-02-27 19:00:00,0.3010972500869262,0.032599161686094266
2016-02-27 20:00:00,0.2790096075567918,0.03193596218814786
2016-02-27 21:00:00,0.2368358598168753,0.039586435219098375
2016-02-27 22:00:00,0.20481175634561902,0.0523702984950616
2016-02-27 23:00:00,0.17087281000811316,0.08268066839952083
2016-02-28 00:00:00,0.14855186771267964,0.1311134959163407
2016-02-28 01:00:00,0.13033674339360224,0.19476119016956778
2016-02-28 02:00:00,0.12236850286856753,0.2437279515359378
2016-02-28 03:00:00,0.11102346027468706,0.2872353934650401
2016-02-28 04:00:00,0.110315014965809,0.3264416491604733
2016-02-28 05:00:00,0.11360368925301345,0.32645626340529044
2016-02-28 06:00:00,0.13178126931212333,0.29258156705877175
2016-02-28 07:00:00,0.1797444310819425,0.22078371730754934
2016-02-28 08:00:00,0.18584079837447848,0.1750731425688441
2016-02-28 09:00:00,0.2358771789667363,0.18857640555300215
2016-02-28 10:00:00,0.2518256253911681,0.18055516727762566
2016-02-28 11:00:00,0.2664585660350024,0.14839029845936827
2016-02-28 12:00:00,0.26297887730354663,0.11034898160918245
2016-02-28 13:00:00,0.2552868031843996,0.08584183132407588
2016-02-28 14:00:00,0.25189220949235047,0.06432775850718755
2016-02-28 15:00:00,0.24471799976819653,0.043355283981713275
2016-02-28 16:00:00,0.2662414866568151,0.03768210312409544
2016-02-28 17:00:00,0.22298031642617064,0.05503464467768433
2016-02-28 18:00:00,0.256721857498841,0.08848269352351847
2016-02-28 19:00:00,0.278908113279439,0.09619990383087229
2016-02-28 20:00:00,0.2515141821830088,0.08526416411035595
2016-02-28 21:00:00,0.23109736309109874,0.07887710356136318
2016-02-28 22:00:00,0.2239616130621233,0.08040186262722471
2016-02-28 23:00:00,0.17717789988989346,0.11098172595325641
2016-02-29 00:00:00,0.14609349623319423,0.16452423356346568
2016-02-29 01:00:00,0.12556328184399626,0.17189467368995695
2016-02-29 02:00:00,0.11467438088201207,0.17025150579434772
2016-02-29 03:00:00,0.11151872371928608,0.15790731504747701
2016-02-29 04:00:00,0.11507916692744553,0.15457401040993546
2016-02-29 05:00:00,0.1318919552764256,0.15950402377963036
2016-02-29 06:00:00,0.17883818337100138,0.14800620331371014
2016-02-29 07:00:00,0.25533869526541486,0.12116952523894974
2016-02-29 08:00:00,0.285858154424548,0.10957323056757284
2016-02-29 09:00:00,0.27206504793984704,0.12550947291247797
2016-02-29 10:00:00,0.27913767860454336,0.13280333061915703
2016-02-29 11:00:00,0.269366646456305,0.15268294523112652
2016-02-29 12:00:00,0.28079646163653227,0.16362018518487192
2016-02-29 13:00:00,0.2751075486932082,0.15177999446249757
2016-02-29 14:00:00,0.2776873040681501,0.1339936103230002
2016-02-29 15:00:00,0.2604689485251507,0.10989188876779776
2016-02-29 16:00:00,0.29968851208275366,0.11079476800435165
2016-02-29 17:00:00,0.26805838740148347,0.12259545791179347
2016-02-29 18:00:00,0.28623597103905885,0.11891945056209662
2016-02-29 19:00:00,0.27781101037320355,0.11500686018052023
2016-02-29 20:00:00,0.23860213046186815,0.11840754530383335
2016-02-29 21:00:00,0.20882335636879934,0.12012616293462741
2016-02-29 22:00:00,0.1846002003650903,0.12359177012575787
2016-02-29 23:00:00,0.1515109244031062,0.10874471660649324
2016-03-01 00:00:00,0.1269626949611729,0.08861321017035009
2016-03-01 01:00:00,0.11476123600486787,0.10251247032901428
2016-03-01 02:00:00,0.1099057542738758,0.11261134498880304
2016-03-01 03:00:00,0.11065457571279555,0.1334036663218267
2016-03-01 04:00:00,0.11188954557834958,0.16192186612326423
2016-03-01 05:00:00,0.12703236277236907,0.177539241115001
2016-03-01 06:00:00,0.180796169288943,0.1902354276156855
2016-03-01 07:00:00,0.286709573047056,0.16296690077875023
2016-03-01 08:00:00,0.2645463776077885,0.09086955941462936
2016-03-01 09:00:00,0.28775341358078377,0.1112110986556327
2016-03-01 10:00:00,0.30958776783437647,0.12641765180378445
2016-03-01 11:00:00,0.29526311084550294,0.12392490170418538
2016-03-01 12:00:00,0.2959457837129115,0.13143095714927633
2016-03-01 13:00:00,0.26830727475950394,0.12119603780608254
2016-03-01 14:00:00,0.3007227937673851,0.09217316895667906
2016-03-01 15:00:00,0.24682093092257773,0.05042990686402308
2016-03-01 16:00:00,0.24829857324988416,0.0435081720175044
2016-03-01 17:00:00,0.23632718603674088,0.029202758624046546
2016-03-01 18:00:00,0.28043356959898014,0.022867538735722663
2016-03-01 19:00:00,0.25500059527121,0.022012135801046353
2016-03-01 20:00:00,0.23582738880679188,0.020419639617445726
2016-03-01 21:00:00,0.21076421840229492,0.021639382799335027
2016-03-01 22:00:00,0.17560238267848866,0.026380224624291022
2016-03-01 23:00:00,0.1545598661480065,0.033637025189810286
2016-03-02 00:00:00,0.1350097527236903,0.04713066374295912
2016-03-02 01:00:00,0.1219615135894761,0.06057470985678662
2016-03-02 02:00:00,0.1125350048244089,0.06198168722931742
2016-03-02 03:00:00,0.11269419606223922,0.05440472605133971
2016-03-02 04:00:00,0.11208513953117757,0.04661674448357128
2016-03-02 05:00:00,0.12721552445526196,0.0401389291575885
2016-03-02 06:00:00,0.18725859518428367,0.03784821533160572
2016-03-02 07:00:00,0.24208229115959665,0.03425808115695286
2016-03-02 08:00:00,0.2928818431560038,0.0347995631226286
2016-03-02 09:00:00,0.3020120622247334,0.05902660162341092
2016-03-02 10:00:00,0.29031452939557245,0.06871005248723841
2016-03-02 11:00:00,0.31492241346488187,0.0877278723586935
2016-03-02 12:00:00,0.29524472990554,0.1109929068774203
2016-03-02 13:00:00,0.2894031226385026,0.1105275497205652
2016-03-02 14:00:00,0.26305960620943436,0.0885918648127811
2016-03-02 15:00:00,0.27478584035987486,0.05870541791061998
2016-03-02 16:00:00,0.24711427161566993,0.07586783590729515
2016-03-02 17:00:00,0.2784796221169449,0.09004404149599061
2016-03-02 18:00:00,0.3121825437528976,0.11155519053716018
2016-03-02 19:00:00,0.29656967940136775,0.13540982932123996
2016-03-02 20:00:00,0.2721690970676866,0.1581621373246626
2016-03-02 21:00:00,0.2590611835883169,0.15516924386803246
2016-03-02 22:00:00,0.21150845565310616,0.1318315200515842
2016-03-02 23:00:00,0.17089864589128423,0.10597526801990025
2016-03-03 00:00:00,0.13911524771094114,0.08817685620883042
2016-03-03 01:00:00,0.12202878910234122,0.05863475015098767
2016-03-03 02:00:00,0.11054621478036628,0.04305580511817915
2016-03-03 03:00:00,0.11396489768776077,0.04296441373704282
2016-03-03 04:00:00,0.11405825872160408,0.04970292326946019
2016-03-03 05:00:00,0.13279304265183128,0.05563407740626833
2016-03-03 06:00:00,0.18712206364452943,0.07844098196728926
2016-03-03 07:00:00,0.29088582113467787,0.11244660850122239
2016-03-03 08:00:00,0.2760086835738295,0.19518602300132015
2016-03-03 09:00:00,0.298768779018892,0.35903489960820456
2016-03-03 10:00:00,0.3012328687847706,0.3632130126943576
2016-03-03 11:00:00,0.298860893413885,0.36637594332925877
2016-03-03 12:00:00,0.30578119264313874,0.36569926751193044
2016-03-03 13:00:00,0.29674009248956873,0.35734809908013876
2016-03-03 14:00:00,0.27490003684225794,0.311095042648494
2016-03-03 15:00:00,0.27229260733947613,0.26796685686685895
2016-03-03 16:00:00,0.2629106099762401,0.3250407748840211
2016-03-03 17:00:00,0.25702183957753827,0.356176957421328
2016-03-03 18:00:00,0.3153551023122393,0.37728231156097203
2016-03-03 19:00:00,0.28991483281177555,0.3886915457114708
2016-03-03 20:00:00,0.272276445265415,0.3995327786794445
2016-03-03 21:00:00,0.2598033599327771,0.3975565604253374
2016-03-03 22:00:00,0.20388016999884095,0.2670925239945726
2016-03-03 23:00:00,0.1823231875434632,0.033307805826080575
2016-03-04 00:00:00,0.15087850922867407,0.03641481549848426
2016-03-04 01:00:00,0.12727579507127962,0.043396899954527675
2016-03-04 02:00:00,0.1112636966562355,0.04944166632700958
2016-03-04 03:00:00,0.11754847331363003,0.049235210100821436
2016-03-04 04:00:00,0.12155478253940667,0.047184042097985525
2016-03-04 05:00:00,0.13415191048041256,0.04372857909158029
2016-03-04 06:00:00,0.19849991042246173,0.052571514079063165
2016-03-04 07:00:00,0.24771666126274916,0.06779829168941912
2016-03-04 08:00:00,0.25416876322728316,0.09504131114355563
2016-03-04 09:00:00,0.3316773726240149,0.13892109449442597
2016-03-04 10:00:00,0.336253832435095,0.14395476897374337
2016-03-04 11:00:00,0.28035893484874835,0.13495658977459418
2016-03-04 12:00:00,0.2906052888270747,0.1280044471723548
2016-03-04 13:00:00,0.29037985778859526,0.14351200993203603
2016-03-04 14:00:00,0.309272022369031,0.18074401490049868
2016-03-04 15:00:00,0.29295865751043115,0.21801601871376886
2016-03-04 16:00:00,0.2774801983223226,0.2313466545658126
2016-03-04 17:00:00,0.2953729389922347,0.23236931819548207
2016-03-04 18:00:00,0.28384068638444604,0.24376392368389396
2016-03-04 19:00:00,0.2902625648180345,0.25195321332026205
2016-03-04 20:00:00,0.2918616868190774,0.21689780254493443
2016-03-04 21:00:00,0.2727470802184747,0.17896956069885583
2016-03-04 22:00:00,0.22806019149860907,0.1820806995130061
2016-03-04 23:00:00,0.17528900966330557,0.15332830967440836
2016-03-05 00:00:00,0.15800327260083447,0.09471243682480932
2016-03-05 01:00:00,0.1453869342692397,0.07941916202249168
2016-03-05 02:00:00,0.1327518556589013,0.06775088300816545
2016-03-05 03:00:00,0.11996364119726478,0.06803416633884218
2016-03-05 04:00:00,0.12137755361903108,0.06455502093540974
2016-03-05 05:00:00,0.1254921386329393,0.06422723437145512
2016-03-05 06:00:00,0.17176712966504407,0.06779165931082534
2016-03-05 07:00:00,0.20813607411914695,0.08103911851149033
2016-03-05 08:00:00,0.25102689765878533,0.11185950781928417
2016-03-05 09:00:00,0.2913347408582521,0.1452200763340505
2016-03-05 10:00:00,0.27648238154844695,0.1250125991483473
2016-03-05 11:00:00,0.3134544909306908,0.1207339257298064
2016-03-05 12:00:00,0.31772438392443214,0.1207001258513593
2016-03-05 13:00:00,0.30864734417014367,0.12326384034602972
2016-03-05 14:00:00,0.2678873498638155,0.11737497952679446
2016-03-05 15:00:00,0.24384308918636988,0.10451849595374532
2016-03-05 16:00:00,0.25247292243277697,0.12171838205784273
2016-03-05 17:00:00,0.3050827230383634,0.11982660227161158
2016-03-05 18:00:00,0.32106698076031515,0.10375933190783297
2016-03-05 19:00:00,0.29630243028511816,0.11017030416648738
2016-03-05 20:00:00,0.28526682598806213,0.0918593316283493
2016-03-05 21:00:00,0.23345485205146024,0.0728790801827694
2016-03-05 22:00:00,0.19770604873667122,0.06290497137389986
2016-03-05 23:00:00,0.17135594102051455,0.05843218669073929
2016-03-06 00:00:00,0.17152604263734347,0.06250263954415217
2016-03-06 01:00:00,0.15638847457406113,0.06470193048498923
2016-03-06 02:00:00,0.1375188245827538,0.054853985556913745
2016-03-06 03:00:00,0.1277680964736904,0.04678789422609035
2016-03-06 04:00:00,0.12598562976645808,0.045181617056571484
2016-03-06 05:00:00,0.12790649623319422,0.06005746156742617
2016-03-06 06:00:00,0.16695761015009272,0.08564109017675532
2016-03-06 07:00:00,0.19910477785987488,0.1221094063043712
2016-03-06 08:00:00,0.21208906241307354,0.14381532161969485
2016-03-06 09:00:00,0.24423974575509963,0.16578034813377657
2016-03-06 10:00:00,0.2809036896876449,0.19526500275371608
2016-03-06 11:00:00,0.2868057554328929,0.22285827665925095
2016-03-06 12:00:00,0.2573042188659017,0.23379575564575586
2016-03-06 13:00:00,0.26605723519355573,0.22419195189981417
2016-03-06 14:00:00,0.24851124626216964,0.1760306087205163
2016-03-06 15:00:00,0.19844638631490488,0.13232451679923724
2016-03-06 16:00:00,0.2100585236149745,0.12730412974418154
2016-03-06 17:00:00,0.19820512914348626,0.07425947238724818
2016-03-06 18:00:00,0.2735722774831943,0.057720554964062185
2016-03-06 19:00:00,0.27666875804068153,0.04918643163592802
2016-03-06 20:00:00,0.24302497200973572,0.03390655633590847
2016-03-06 21:00:00,0.22942313956015298,0.03228334940294347
2016-03-06 22:00:00,0.20822562891168284,0.03370536134852337
2016-03-06 23:00:00,0.18570557362656467,0.02945358020863485
2016-03-07 00:00:00,0.16017961810384793,0.030045415409348717
2016-03-07 01:00:00,0.13306767951726936,0.030201832493105808
2016-03-07 02:00:00,0.12024303080088082,0.031138209951105025
2016-03-07 03:00:00,0.12033235907800185,0.03195951025625855
2016-03-07 04:00:00,0.12272169309225779,0.03144969743658321
2016-03-07 05:00:00,0.1439277263850256,0.030597041060287503
2016-03-07 06:00:00,0.21126911075857666,0.042111570624046545
2016-03-07 07:00:00,0.2657509790217895,0.07070075514497362
2016-03-07 08:00:00,0.3322541637691238,0.10921386236661448
2016-03-07 09:00:00,0.3238341492089709,0.16853683994699786
2016-03-07 10:00:00,0.2979322694280251,0.18436532345359868
2016-03-07 11:00:00,0.31748387114626797,0.18885495206498137
2016-03-07 12:00:00,0.3255625873754056,0.18402606515025421
2016-03-07 13:00:00,0.31032342560558646,0.16946849590675725
2016-03-07 14:00:00,0.2807599062934631,0.12253424369367302
2016-03-07 15:00:00,0.2887515919390358,0.06188696296768041
2016-03-07 16:00:00,0.28910866288537335,0.09331367464947199
2016-03-07 17:00:00,0.29089792521441815,0.11363126404703697
2016-03-07 18:00:00,0.275636688716968,0.057659040770731466
2016-03-07 19:00:00,0.2548464365148356,0.06918225240519264
2016-03-07 20:00:00,0.25217078945004634,0.08211390540206337
2016-03-07 21:00:00,0.23542546556270272,0.09700449585840017
2016-03-07 22:00:00,0.19788769946685203,0.10968828793995697
2016-03-07 23:00:00,0.16472543894877137,0.12802210311333853
2016-03-08 00:00:00,0.13979646360686138,0.15635351174623507
2016-03-08 01:00:00,0.11977811152642562,0.20689658863245647
2016-03-08 02:00:00,0.11434145978210478,0.2831653149843047
2016-03-08 03:00:00,0.12035866059631431,0.3264760849346274
2016-03-08 04:00:00,0.11724927628071398,0.32533376045193624
2016-03-08 05:00:00,0.13252812586926288,0.2938342898097007
2016-03-08 06:00:00,0.2147788195844923,0.24289405230207317
2016-03-08 07:00:00,0.27426070655134455,0.257208648167563
2016-03-08 08:00:00,0.3256829371522949,0.31727888444196173
2016-03-08 09:00:00,0.32066754346314336,0.428582420739341
2016-03-08 10:00:00,0.3154179708217433,0.4766923595958342
2016-03-08 11:00:00,0.31017984085245714,0.46601623120315844
2016-03-08 12:00:00,0.29455246467895224,0.47614329122555255
2016-03-08 13:00:00,0.3141282326147426,0.40818433395638554
2016-03-08 14:00:00,0.30937398061543797,0.3436545746266867
2016-03-08 15:00:00,0.276436795810153,0.27567309056742617
2016-03-08 16:00:00,0.24558206448481693,0.20822373800386262
2016-03-08 17:00:00,0.23980033050822885,0.1466530305911891
2016-03-08 18:00:00,0.29058692811196096,0.12893048942528845
2016-03-08 19:00:00,0.29982928488641625,0.1401899125162331
2016-03-08 20:00:00,0.2706978537754984,0.14258659722873068
2016-03-08 21:00:00,0.25952808891110335,0.13948387929723252
2016-03-08 22:00:00,0.21916910035639772,0.1542189209482691
2016-03-08 23:00:00,0.16603516066875287,0.17358135932212007
2016-03-09 00:00:00,0.14220804498435324,0.1807111830427831
2016-03-09 01:00:00,0.12429456406467317,0.18143938872706822
2016-03-09 02:00:00,0.11648960910697731,0.1642713251699589
2016-03-09 03:00:00,0.12010347203871118,0.13551637815313905
2016-03-09 04:00:00,0.11717051919622164,0.12674641609681203
2016-03-09 05:00:00,0.1339078073133982,0.12091222863881283
2016-03-09 06:00:00,0.2014122998377375,0.11251401105138857
2016-03-09 07:00:00,0.2513817318613815,0.13468007964624484
2016-03-09 08:00:00,0.2917278707406119,0.16513856356811069
2016-03-09 09:00:00,0.3113560377260083,0.19000283500435172
2016-03-09 10:00:00,0.3537576320555169,0.23947279619176595
2016-03-09 11:00:00,0.33476515598922113,0.2509436777890671
2016-03-09 12:00:00,0.32274867280945757,0.23137345286700567
2016-03-09 13:00:00,0.3004098160205146,0.22674709148053973
2016-03-09 14:00:00,0.2991934448452712,0.1867725212907295
2016-03-09 15:00:00,0.2943334991307372,0.1495113737317622
2016-03-09 16:00:00,0.2668491824292999,0.13045591178246627
2016-03-09 17:00:00,0.30027420132127963,0.07302641792641307
2016-03-09 18:00:00,0.36411184829914234,0.05566896708277918
2016-03-09 19:00:00,0.31190710347125655,0.051765374357324465
2016-03-09 20:00:00,0.28756476648701895,0.03854128583977117
2016-03-09 21:00:00,0.27501702638212794,0.030299327356004303
2016-03-09 22:00:00,0.24672814806444135,0.02882097579659691
2016-03-09 23:00:00,0.177456838273644,0.026664655547525912
2016-03-10 00:00:00,0.1496945858686834,0.030830710277381185
2016-03-10 01:00:00,0.12904633449235045,0.030041326253764912
2016-03-10 02:00:00,0.11606889970155308,0.033337386107960096
2016-03-10 03:00:00,0.11758364981745481,0.035226569153872477
2016-03-10 04:00:00,0.11733609480760314,0.03983037946381772
2016-03-10 05:00:00,0.13159871591040795,0.04741641559016232
2016-03-10 06:00:00,0.1961681270717431,0.05175099131429689
2016-03-10 07:00:00,0.2711057500144878,0.05355446904302757
2016-03-10 08:00:00,0.2858694382968243,0.05515993230662038
2016-03-10 09:00:00,0.29028156023991664,0.06495693204522787
2016-03-10 10:00:00,0.3094698106455726,0.08902934007075101
2016-03-10 11:00:00,0.3214751746783728,0.11626627948841191
2016-03-10 12:00:00,0.29564229195642094,0.15674342015201448
2016-03-10 13:00:00,0.29939436765472865,0.15714295121821828
2016-03-10 14:00:00,0.30128229999710254,0.15095375700484065
2016-03-10 15:00:00,0.2940327254433242,0.14421128513988854
2016-03-10 16:00:00,0.27565446036161334,0.12029967518805003
2016-03-10 17:00:00,0.30074292325857666,0.06961301463230979
2016-03-10 18:00:00,0.3518473899947844,0.060799884451593976
2016-03-10 19:00:00,0.35562225205725556,0.0699968057644729
2016-03-10 20:00:00,0.31136074966678245,0.07821932192230589
2016-03-10 21:00:00,0.27292422064789057,0.09496139030231762
2016-03-10 22:00:00,0.2179853627578812,0.11629039070281633
2016-03-10 23:00:00,0.17972352959840057,0.12593346310047915
2016-03-11 00:00:00,0.1499942475805518,0.13746092507593388
2016-03-11 01:00:00,0.1288413140212101,0.16720477002200274
2016-03-11 02:00:00,0.11750066171186835,0.18944901296249753
2016-03-11 03:00:00,0.12059702029728793,0.2007969310703599
2016-03-11 04:00:00,0.12294409696627265,0.21864931547291216
2016-03-11 05:00:00,0.12819026024281407,0.2277506300026892
2016-03-11 06:00:00,0.19122315451147417,0.25375663731644826
2016-03-11 07:00:00,0.2695364997826842,0.27479893731415017
2016-03-11 08:00:00,0.3018734472067688,0.23709654312585565
2016-03-11 09:00:00,0.3103192972734121,0.14975694559182473
2016-03-11 10:00:00,0.32714197758750585,0.11953685298093095
2016-03-11 11:00:00,0.3292534045694251,0.14837977134495403
2016-03-11 12:00:00,0.34011991120479823,0.18408733524383922
2016-03-11 13:00:00,0.3531252707753828,0.20558572982568946
2016-03-11 14:00:00,0.31083770565310614,0.23624568830530018
2016-03-11 15:00:00,0.27735981358657846,0.22829654182397807
2016-03-11 16:00:00,0.27871109824119156,0.22265596700034226
2016-03-11 17:00:00,0.2607205959086696,0.23738507795579894
2016-03-11 18:00:00,0.29535714225486803,0.23522516396621357
2016-03-11 19:00:00,0.3010922709202595,0.2141763851903481
2016-03-11 20:00:00,0.2722908005331478,0.20469127536294737
2016-03-11 21:00:00,0.24144498862714425,0.2043423841531879
2016-03-11 22:00:00,0.21041605276425587,0.22496969670653233
2016-03-11 23:00:00,0.16854836548157157,0.2753635739280755
2016-03-12 00:00:00,0.16519195881142784,0.33784992439917855
2016-03-12 01:00:00,0.1580485208478211,0.388867868231322
2016-03-12 02:00:00,0.13315742133171068,0.420753786601506
2016-03-12 03:00:00,0.11794496291145104,0.4378029807640817
2016-03-12 04:00:00,0.11581613056328229,0.43297778354610794
2016-03-12 05:00:00,0.12122377199235052,0.4172246051112849
2016-03-12 06:00:00,0.1906132705580667,0.42510898597516134
2016-03-12 07:00:00,0.21682141521789522,0.4086747870241052
2016-03-12 08:00:00,0.2588941796911221,0.3921445380379424
2016-03-12 09:00:00,0.28371164755737127,0.4556221397175337
2016-03-12 10:00:00,0.28083149401657387,0.46983535210923133
2016-03-12 11:00:00,0.28467273520804354,0.4814062714603461
2016-03-12 12:00:00,0.3328908984121464,0.5162287388192843
2016-03-12 13:00:00,0.29289386917593874,0.5231501557650107
2016-03-12 14:00:00,0.25989020017675024,0.4886803557814394
2016-03-12 15:00:00,0.22862060202248502,0.4409172088892041
2016-03-12 16:00:00,0.24365244128129346,0.3800581945359866
2016-03-12 17:00:00,0.2689820650208623,0.29084476242035007
2016-03-12 18:00:00,0.27656261501796464,0.22669110522706826
2016-03-12 19:00:00,0.28475770497218356,0.18441475303212398
2016-03-12 20:00:00,0.26195458365206314,0.17668351243032465
2016-03-12 21:00:00,0.2288598995856515,0.16532139645086055
2016-03-12 22:00:00,0.18953524033669442,0.1885950901137297
2016-03-12 23:00:00,0.17333376881954105,0.24576959966751416
2016-03-13 00:00:00,0.1507996712302967,0.30366303564908076
2016-03-13 01:00:00,0.13247683462273985,0.35322027532182676
2016-03-13 02:00:00,0.12654911123667129,0.38143837056820845
2016-03-13 03:00:00,0.11291842265009272,0.3890768808614316
2016-03-13 04:00:00,0.1084924802822207,0.39178639248665165
2016-03-13 05:00:00,0.11421978440832176,0.39644083579933503
2016-03-13 06:00:00,0.1595543506171766,0.40027909337673573
2016-03-13 07:00:00,0.16354287867987952,0.41724382712786034
2016-03-13 08:00:00,0.2044379251999306,0.45694861235517303
2016-03-13 09:00:00,0.21559866614510897,0.48512284477914125
2016-03-13 10:00:00,0.2547274574785582,0.49331812657016433
2016-03-13 11:00:00,0.24285455674837744,0.5017932467860845
2016-03-13 12:00:00,0.2342345337563746,0.510148441675533
2016-03-13 13:00:00,0.2708740775527352,0.5203462742065325
2016-03-13 14:00:00,0.2701226227399166,0.5092935111699097
2016-03-13 15:00:00,0.27160924392964764,0.48852568236563665
2016-03-13 16:00:00,0.2593524715171535,0.48155678048894984
2016-03-13 17:00:00,0.252727753752318,0.46074644119445535
2016-03-13 18:00:00,0.2781095242958971,0.45550124718814783
2016-03-13 19:00:00,0.3148806330406814,0.45125154638661247
2016-03-13 20:00:00,0.29200680777700516,0.45477355435380407
2016-03-13 21:00:00,0.28018625315832174,0.45352883489419127
2016-03-13 22:00:00,0.2343410908814325,0.453635546907833
2016-03-13 23:00:00,0.19119146535987475,0.45176416017660864
2016-03-14 00:00:00,0.1409206588288131,0.44310758911588105
2016-03-14 01:00:00,0.12442474410350024,0.4351590304327694
2016-03-14 02:00:00,0.11372721296940197,0.41283452296308426
2016-03-14 03:00:00,0.11289523386068616,0.39996688025029337
2016-03-14 04:00:00,0.11730282619089016,0.39219553977346955
2016-03-14 05:00:00,0.14395555002607785,0.38477587454645024
2016-03-14 06:00:00,0.21573769652584618,0.3710464134151672
2016-03-14 07:00:00,0.2614042090287437,0.382921230674115
2016-03-14 08:00:00,0.29556755683530356,0.45347279006258556
2016-03-14 09:00:00,0.2933303694512054,0.5056410375249852
2016-03-14 10:00:00,0.27819801316933246,0.4988170471649228
2016-03-14 11:00:00,0.2932371680574872,0.5182985493051047
2016-03-14 12:00:00,0.30285481965693095,0.5340333656669762
2016-03-14 13:00:00,0.29127970721777935,0.5281601657539116
2016-03-14 14:00:00,0.2802031130186602,0.46837243867797773
2016-03-14 15:00:00,0.277902774701553,0.3322924423150792
2016-03-14 16:00:00,0.2594412499275615,0.23085684251525534
2016-03-14 17:00:00,0.2733294392240381,0.1869239495887933
2016-03-14 18:00:00,0.28480658401425607,0.13973997544988265
2016-03-14 19:00:00,0.25873208389835417,0.10809295417460395
2016-03-14 20:00:00,0.25717825315832166,0.08781914875440053
2016-03-14 21:00:00,0.24563271896731584,0.0751379217382652
2016-03-14 22:00:00,0.22600796744610557,0.08000527262610013
2016-03-14 23:00:00,0.18482186261300418,0.10020363905461567
2016-03-15 00:00:00,0.1439343745508807,0.10137712721430667
2016-03-15 01:00:00,0.13233530224269818,0.11538545106874633
2016-03-15 02:00:00,0.12009538482267039,0.14960797309363386
2016-03-15 03:00:00,0.12161011963954571,0.17388495175787205
2016-03-15 04:00:00,0.11854096634503936,0.19074998591937217
2016-03-15 05:00:00,0.1372821669129578,0.22169067316526508
2016-03-15 06:00:00,0.21502520469691713,0.27332432901105025
2016-03-15 07:00:00,0.2415052138386648,0.33090008605945614
2016-03-15 08:00:00,0.30895209908147886,0.29859695362526883
2016-03-15 09:00:00,0.3234594664754288,0.2232858437497555
2016-03-15 10:00:00,0.3041845917362076,0.264263564293321
2016-03-15 11:00:00,0.3426568100950394,0.28164629615455705
2016-03-15 12:00:00,0.31518493119784424,0.2670287813655389
2016-03-15 13:00:00,0.31736667027410753,0.24279079721269303
2016-03-15 14:00:00,0.292715207739337,0.20798471267846652
2016-03-15 15:00:00,0.286611295752202,0.16370661710781342
2016-03-15 16:00:00,0.2916357569251276,0.14738253685351066
2016-03-15 17:00:00,0.2855739439615208,0.12689723910370623
2016-03-15 18:00:00,0.301070235338433,0.0953275717422257
2016-03-15 19:00:00,0.2949198565716273,0.08577075683874437
2016-03-15 20:00:00,0.2728440473893138,0.09404322502752786
2016-03-15 21:00:00,0.24136200492582294,0.10851373734529629
2016-03-15 22:00:00,0.20857243680458976,0.11886057490841971
2016-03-15 23:00:00,0.17845583253650912,0.11285395749379035
2016-03-16 00:00:00,0.14640400811312007,0.0990105395429787
2016-03-16 01:00:00,0.1300051048331015,0.09474528144108155
2016-03-16 02:00:00,0.11996846809805287,0.08440592668061803
2016-03-16 03:00:00,0.1203220398701901,0.07362847662292196
2016-03-16 04:00:00,0.11789273313630041,0.07590097527762565
2016-03-16 05:00:00,0.12592902370190084,0.0869461764912967
2016-03-16 06:00:00,0.2073986501216968,0.07373124738475453
2016-03-16 07:00:00,0.2725361672461751,0.08346422923225112
2016-03-16 08:00:00,0.301682061732151,0.11445040108771762
2016-03-16 09:00:00,0.27530171806907755,0.1625679627797281
2016-03-16 10:00:00,0.30178441502955494,0.1950248054302757
2016-03-16 11:00:00,0.31864386527874355,0.2135058957847643
2016-03-16 12:00:00,0.30130378619031056,0.21778768965612166
2016-03-16 13:00:00,0.2888887115206305,0.2031825624959418
2016-03-16 14:00:00,0.2974710944454104,0.16422542927684333
2016-03-16 15:00:00,0.27307010586172925,0.10466433735991587
2016-03-16 16:00:00,0.27695434221430226,0.06903824185179931
2016-03-16 17:00:00,0.3275244757475661,0.042323995825640504
2016-03-16 18:00:00,0.3337894966678257,0.02029414907412478
2016-03-16 19:00:00,0.3307967835970098,0.018532371016184233
2016-03-16 20:00:00,0.28522995107498816,0.020377386807207118
2016-03-16 21:00:00,0.26870566453697264,0.01880422646068844
2016-03-16 22:00:00,0.21784267935790452,0.017084896294543322
2016-03-16 23:00:00,0.17964785066063985,0.01722317465348132
2016-03-17 00:00:00,0.14896371831536853,0.017402100469734012
2016-03-17 01:00:00,0.12280898980064903,0.017969467063563463
2016-03-17 02:00:00,0.10897618970213259,0.018626012494719343
2016-03-17 03:00:00,0.1119944944656931,0.019652976049628398
2016-03-17 04:00:00,0.11166205124304592,0.02003239645130061
2016-03-17 05:00:00,0.1279180548649745,0.02599896660483083
2016-03-17 06:00:00,0.20713024611729255,0.041788705554273414
2016-03-17 07:00:00,0.25912099886995826,0.060863860861138284
2016-03-17 08:00:00,0.2949118303054011,0.1065957945243986
2016-03-17 09:00:00,0.27102046133229013,0.16700413848557594
2016-03-17 10:00:00,0.28094902152874357,0.1878574309546744
2016-03-17 11:00:00,0.26410039581884565,0.192871122612165
2016-03-17 12:00:00,0.274757162595619,0.19001067200044014
2016-03-17 13:00:00,0.2691335498522254,0.17612380533321928
2016-03-17 14:00:00,0.25700397539986086,0.13832907053275964
2016-03-17 15:00:00,0.28010755809573484,0.09544386866712301
2016-03-17 16:00:00,0.24757583200046354,0.10362145965088987
2016-03-17 17:00:00,0.22816441456594802,0.10616937267655974
2016-03-17 18:00:00,0.2684013917188224,0.08552393831292783
2016-03-17 19:00:00,0.29034948956884565,0.08746656892558184
2016-03-17 20:00:00,0.2889777677909134,0.0769110387625171
2016-03-17 21:00:00,0.27874734763270737,0.07506378316399373
2016-03-17 22:00:00,0.2187537727167362,0.07874603646318208
2016-03-17 23:00:00,0.17859648783031998,0.06849866586328965
2016-03-18 00:00:00,0.14456836764024109,0.0847539304622042
2016-03-18 01:00:00,0.12289090942280936,0.08895117567670645
2016-03-18 02:00:00,0.11439951176402412,0.08064086952449637
2016-03-18 03:00:00,0.12021641994089015,0.09148494677493643
2016-03-18 04:00:00,0.11508325070989803,0.12045134454679249
2016-03-18 05:00:00,0.12241148510662957,0.15969769202816353
2016-03-18 06:00:00,0.212677172939847,0.19480227619083712
2016-03-18 07:00:00,0.2561250105615438,0.20607152382676508
2016-03-18 08:00:00,0.2954480821018777,0.234640672417612
2016-03-18 09:00:00,0.30703146669274456,0.27657246954263637
2016-03-18 10:00:00,0.277076271905424,0.2767681394064637
2016-03-18 11:00:00,0.3033713781583217,0.2594389972240856
2016-03-18 12:00:00,0.2719212422635607,0.24199489205803842
2016-03-18 13:00:00,0.25221998729427453,0.2492041478070115
2016-03-18 14:00:00,0.23391631286219286,0.2828084098515059
2016-03-18 15:00:00,0.2252930538363467,0.3167363919033346
2016-03-18 16:00:00,0.2120171568874595,0.3204173132009094
2016-03-18 17:00:00,0.21901336797345858,0.31657816908346376
2016-03-18 18:00:00,0.24667370755099688,0.2829052218878349
2016-03-18 19:00:00,0.2663185246725776,0.2883315246604733
2016-03-18 20:00:00,0.2833554981021093,0.27533087465216116
2016-03-18 21:00:00,0.23425741558008814,0.27175284472472133
2016-03-18 22:00:00,0.1970831955551692,0.28002684424520824
2016-03-18 23:00:00,0.15693304189847015,0.2624927729270976
2016-03-19 00:00:00,0.14072102956942517,0.23395062291570506
2016-03-19 01:00:00,0.12374464581884563,0.2363324202558674
2016-03-19 02:00:00,0.11936202575915622,0.24919409950308039
2016-03-19 03:00:00,0.11102414351529903,0.2757729564827401
2016-03-19 04:00:00,0.11192927119552629,0.3007578241303539
2016-03-19 05:00:00,0.11632013906757074,0.3207401419474868
2016-03-19 06:00:00,0.1591093629172462,0.28035815707407585
2016-03-19 07:00:00,0.18922137678198883,0.2460560855830236
2016-03-19 08:00:00,0.18664198010836813,0.3209624330385291
2016-03-19 09:00:00,0.1954152206189152,0.4011113615010757
2016-03-19 10:00:00,0.2474671846459201,0.3952120009593194
2016-03-19 11:00:00,0.24118858207290209,0.4118235441831116
2016-03-19 12:00:00,0.22903950062297168,0.45682455823748275
2016-03-19 13:00:00,0.22521194397600838,0.48987385463543887
2016-03-19 14:00:00,0.22107186682892915,0.46170501783845086
2016-03-19 15:00:00,0.20590699184341682,0.40137729859382953
2016-03-19 16:00:00,0.18083604627375977,0.3849353789588793
2016-03-19 17:00:00,0.2134243544274455,0.33280974878183067
2016-03-19 18:00:00,0.2382135951118452,0.28247216274286135
2016-03-19 19:00:00,0.2680630534451783,0.3050388812136221
2016-03-19 20:00:00,0.24298879002955484,0.30294418340235674
2016-03-19 21:00:00,0.2135608728413304,0.2582743165627322
2016-03-19 22:00:00,0.18528493664522483,0.23579974093628983
2016-03-19 23:00:00,0.16451984790797403,0.21696249076906904
2016-03-20 00:00:00,0.1455999134503941,0.18056389344787796
2016-03-20 01:00:00,0.12452146121638855,0.16489587890020535
2016-03-20 02:00:00,0.11553289432661104,0.16145312881077645
2016-03-20 03:00:00,0.1048895757707464,0.15448023112800705
2016-03-20 04:00:00,0.10522560242814098,0.15543133783708196
2016-03-20 05:00:00,0.1046639220416087,0.16288556539164872
2016-03-20 06:00:00,0.11496082449582753,0.1782636801687365
2016-03-20 07:00:00,0.16235498415044042,0.18996201760835124
2016-03-20 08:00:00,0.16132999672577653,0.211965631131723
2016-03-20 09:00:00,0.184775713780714,0.2465992816281047
2016-03-20 10:00:00,0.17953747564615213,0.233558904305349
2016-03-20 11:00:00,0.24903165548215117,0.22611108713314104
2016-03-20 12:00:00,0.23766073985859992,0.22056475047618807
2016-03-20 13:00:00,0.22965046727225313,0.19874989848283792
2016-03-20 14:00:00,0.2307043553111963,0.15266311321548015
2016-03-20 15:00:00,0.21050080002607782,0.0855027148997653
2016-03-20 16:00:00,0.19538284603905887,0.07668159240753959
2016-03-20 17:00:00,0.23379299222009742,0.05979328549936437
2016-03-20 18:00:00,0.2505464569280251,0.03365204205197536
2016-03-20 19:00:00,0.2599905573568615,0.032752767784862115
2016-03-20 20:00:00,0.2467839775875058,0.03543769096948953
2016-03-20 21:00:00,0.2055120704827308,0.0435885486264424
2016-03-20 22:00:00,0.18284822599385725,0.05092752294132602
2016-03-20 23:00:00,0.15398081678836348,0.06468930619474868
2016-03-21 00:00:00,0.1289858096748957,0.07665652691780754
2016-03-21 01:00:00,0.11140337417420029,0.0878195482225699
2016-03-21 02:00:00,0.10328760855644417,0.10669716393726775
2016-03-21 03:00:00,0.1106726799953639,0.13916848901760218
2016-03-21 04:00:00,0.11360235248609182,0.16244070044015255
2016-03-21 05:00:00,0.11919474530598052,0.16949294141643848
2016-03-21 06:00:00,0.16353989113931378,0.17040853180877175
2016-03-21 07:00:00,0.2257425055632824,0.13975695955192644
2016-03-21 08:00:00,0.2588768894297636,0.14610072831943088
2016-03-21 09:00:00,0.2522965902874362,0.19386160715211223
2016-03-21 10:00:00,0.2693205718735512,0.22034038359079788
2016-03-21 11:00:00,0.28810220097357453,0.2878107700960787
2016-03-21 12:00:00,0.2674844619262865,0.3364835437132799
2016-03-21 13:00:00,0.24962930648759846,0.3427491561463427
2016-03-21 14:00:00,0.2562027564615206,0.3053605604365833
2016-03-21 15:00:00,0.2545443466040798,0.20066587227131819
2016-03-21 16:00:00,0.24848675992408442,0.18104536732681398
2016-03-21 17:00:00,0.23196963890820577,0.17801469619117932
2016-03-21 18:00:00,0.2326966995537783,0.16372449006273224
2016-03-21 19:00:00,0.2317562263850255,0.17244418113778603
2016-03-21 20:00:00,0.22503890914754288,0.17744271838959513
2016-03-21 21:00:00,0.22032267234585076,0.1760576821729415
2016-03-21 22:00:00,0.18594040165739456,0.16913313276413064
2016-03-21 23:00:00,0.15218554917130284,0.16980735354380988
2016-03-22 00:00:00,0.1273931095995596,0.17297120815196557
2016-03-22 01:00:00,0.11130188046186835,0.19120927485101702
2016-03-22 02:00:00,0.11170713338838668,0.20087033563558573
2016-03-22 03:00:00,0.11035066208854895,0.17111911717108352
2016-03-22 04:00:00,0.11323730861729255,0.17980043617626637
2016-03-22 05:00:00,0.13000432947960128,0.1905273249168785
2016-03-22 06:00:00,0.17752164163189607,0.201008417739292
2016-03-22 07:00:00,0.2257242056386185,0.18724333610600435
2016-03-22 08:00:00,0.2506613190629347,0.15565959148337571
2016-03-22 09:00:00,0.26070615238178024,0.19961957088318993
2016-03-22 10:00:00,0.2815332604021789,0.22051478213094078
2016-03-22 11:00:00,0.26808014326900786,0.2700444303263251
2016-03-22 12:00:00,0.27465469452654145,0.3252267441481029
2016-03-22 13:00:00,0.2765524626941355,0.3445152924710053
2016-03-22 14:00:00,0.24997951214070468,0.3132011793187952
2016-03-22 15:00:00,0.2611470276280713,0.2185838590556913
2016-03-22 16:00:00,0.2457597370334957,0.18835508646528454
2016-03-22 17:00:00,0.2459591552068846,0.15431365742079012
2016-03-22 18:00:00,0.26118040233831724,0.1259117326252689
2016-03-22 19:00:00,0.26681011829218826,0.13038558384681204
2016-03-22 20:00:00,0.24677226609585062,0.13908005992000783
2016-03-22 21:00:00,0.22495019174490033,0.13743010948665166
2016-03-22 22:00:00,0.1861411298968475,0.1328557434442597
2016-03-22 23:00:00,0.15399107587216046,0.12197146350493837
2016-03-23 00:00:00,0.12477615845213258,0.11140870899907099
2016-03-23 01:00:00,0.11333645491423268,0.10262718617822218
2016-03-23 02:00:00,0.10860100076784888,0.07620476929385879
2016-03-23 03:00:00,0.10786479402816414,0.05611881603833366
2016-03-23 04:00:00,0.10764786827770051,0.04643032188939957
2016-03-23 05:00:00,0.12245974220560965,0.04674073125312928
2016-03-23 06:00:00,0.1605379070468243,0.061033817746821824
2016-03-23 07:00:00,0.2368175888531524,0.0789235790379425
2016-03-23 08:00:00,0.2623497732382939,0.12156077638592803
2016-03-23 09:00:00,0.24612997283553534,0.18238156984417175
2016-03-23 10:00:00,0.26925886933530374,0.21893579011842362
2016-03-23 11:00:00,0.26871944900324535,0.2391400005731957
2016-03-23 12:00:00,0.24808514532626338,0.23806715470619022
2016-03-23 13:00:00,0.24993927709202596,0.21997853584920793
2016-03-23 14:00:00,0.24563444046998162,0.17840403839443586
2016-03-23 15:00:00,0.23914642180980536,0.11878221025498725
2016-03-23 16:00:00,0.22569627906235512,0.08649975150679638
2016-03-23 17:00:00,0.2505267400179647,0.05779427447071189
2016-03-23 18:00:00,0.24708268665971264,0.027528029866125566
2016-03-23 19:00:00,0.2456261633634678,0.024607166529434774
2016-03-23 20:00:00,0.24456381897600835,0.025696167122970858
2016-03-23 21:00:00,0.21199803646557724,0.03284049605065519
2016-03-23 22:00:00,0.18587979165217888,0.043260184400352036
2016-03-23 23:00:00,0.15767100392617062,0.05498484789800508
2016-03-24 00:00:00,0.12167939161740843,0.05935363125811656
2016-03-24 01:00:00,0.10852031435442744,0.08453068444709563
2016-03-24 02:00:00,0.10480317241828933,0.11313481928207508
2016-03-24 03:00:00,0.10633420827538248,0.1101029678190397
2016-03-24 04:00:00,0.10343771754751968,0.13004842453163504
2016-03-24 05:00:00,0.1193736461810385,0.16434153002708776
2016-03-24 06:00:00,0.15442294303430695,0.2259591908696948
2016-03-24 07:00:00,0.2072652600689615,0.27007964947305885
2016-03-24 08:00:00,0.2527917954479601,0.26145910100606296
2016-03-24 09:00:00,0.26601298675822904,0.2906112503618717
2016-03-24 10:00:00,0.2941941392848865,0.34259077667352833
2016-03-24 11:00:00,0.283327553111961,0.3695710478135146
2016-03-24 12:00:00,0.2697817385691932,0.3528525889254352
2016-03-24 13:00:00,0.2961210355238758,0.29177803531092317
2016-03-24 14:00:00,0.25830294697496525,0.23269257690401912
2016-03-24 15:00:00,0.24759826561775616,0.18802793495457654
2016-03-24 16:00:00,0.216961187456537,0.17435798790044985
2016-03-24 17:00:00,0.22494403929068146,0.15609566510043024
2016-03-24 18:00:00,0.25197354873667127,0.1205861853307256
2016-03-24 19:00:00,0.2659509875260778,0.11262027232925874
2016-03-24 20:00:00,0.2422143760431154,0.13417371509275375
2016-03-24 21:00:00,0.2367720923591794,0.1537552218960493
2016-03-24 22:00:00,0.18850613398238283,0.16254277208170348
2016-03-24 23:00:00,0.16885291333449226,0.16387342535649324
2016-03-25 00:00:00,0.130874762329045,0.17248728013490122
2016-03-25 01:00:00,0.11293749503071397,0.20194791568306278
2016-03-25 02:00:00,0.1101858489945526,0.23408524064570702
2016-03-25 03:00:00,0.10667012615901718,0.23604391742528846
2016-03-25 04:00:00,0.10389204846140476,0.22327099350117346
2016-03-25 05:00:00,0.10674595087216039,0.25559896633478385
2016-03-25 06:00:00,0.1271686685935327,0.31193164149594177
2016-03-25 07:00:00,0.16733984464823828,0.2753569085459124
2016-03-25 08:00:00,0.18430165603268425,0.1956436455021025
2016-03-25 09:00:00,0.2023888269007881,0.28681485152312736
2016-03-25 10:00:00,0.19692558660755677,0.33204011267514166
2016-03-25 11:00:00,0.22961935687586932,0.4231135365231762
2016-03-25 12:00:00,0.21690009162030593,0.5024645038633876
2016-03-25 13:00:00,0.2359958911682895,0.4702518040388226
2016-03-25 14:00:00,0.20476003800127493,0.38994212875679635
2016-03-25 15:00:00,0.17705940633692632,0.3047486727937121
2016-03-25 16:00:00,0.20773080967489577,0.2765038184713964
2016-03-25 17:00:00,0.2221438469372971,0.25974666592088785
2016-03-25 18:00:00,0.2641895446076726,0.22479250188856834
2016-03-25 19:00:00,0.2854051899629115,0.2087636803269607
2016-03-25 20:00:00,0.23368611768370415,0.21509398188123408
2016-03-25 21:00:00,0.21352451725486782,0.2199746149690495
2016-03-25 22:00:00,0.17781058846198422,0.18039387546988067
2016-03-25 23:00:00,0.15578790259909603,0.1985333303424115
2016-03-26 00:00:00,0.1389083548910524,0.273833729560532
2016-03-26 01:00:00,0.12787642944483082,0.2767874406697633
2016-03-26 02:00:00,0.12303378987019009,0.2253046724365832
2016-03-26 03:00:00,0.115047418781873,0.19819642803173282
2016-03-26 04:00:00,0.11237003663942982,0.16144704476119698
2016-03-26 05:00:00,0.11437592499710243,0.14490280829527669
2016-03-26 06:00:00,0.12972387702828003,0.15762612838059842
2016-03-26 07:00:00,0.1865444292420027,0.14536651517421284
2016-03-26 08:00:00,0.19556933809979143,0.14488221572496573
2016-03-26 09:00:00,0.2012252030163421,0.20160334383620168
2016-03-26 10:00:00,0.21156466698539636,0.24629124187727358
2016-03-26 11:00:00,0.22525439512343526,0.2808620098693037
2016-03-26 12:00:00,0.2418059331826613,0.30807520399750626
2016-03-26 13:00:00,0.23222229385431153,0.3056609121519654
2016-03-26 14:00:00,0.20709950704102925,0.2710359380086542
2016-03-26 15:00:00,0.2019406062094345,0.22834395721631137
2016-03-26 16:00:00,0.1759822898412147,0.22956449447726385
2016-03-26 17:00:00,0.19055196492524337,0.21042874302430079
2016-03-26 18:00:00,0.2636618235106628,0.18058461012389987
2016-03-26 19:00:00,0.24671137576784888,0.21111697857656955
2016-03-26 20:00:00,0.21580893506606383,0.2673656549430373
2016-03-26 21:00:00,0.20636101166261023,0.31747519709270483
2016-03-26 22:00:00,0.1921791909625637,0.3791548344597594
2016-03-26 23:00:00,0.17231196475139093,0.3869769975658126
2016-03-27 00:00:00,0.17095140180227164,0.35502723533757086
2016-03-27 01:00:00,0.12477092004230414,0.33300504949828863
2016-03-27 02:00:00,0.10858387712969404,0.31374308828544883
2016-03-27 03:00:00,0.10656427231108023,0.2540298493340016
2016-03-27 04:00:00,0.10386895543579047,0.22191756025127124
2016-03-27 05:00:00,0.1176292648354195,0.24305197161896142
2016-03-27 06:00:00,0.1646843116597126,0.24460556045159398
2016-03-27 07:00:00,0.18741439707927682,0.2662265212615881
2016-03-27 08:00:00,0.23056622923910516,0.36064563147296114
2016-03-27 09:00:00,0.27520431296360687,0.48684968734089606
2016-03-27 10:00:00,0.24889835651367626,0.5136444926182769
2016-03-27 11:00:00,0.24526981962795544,0.5891915307876489
2016-03-27 12:00:00,0.28886239350081133,0.6160765350722666
2016-03-27 13:00:00,0.25856507866828937,0.5891597635868375
2016-03-27 14:00:00,0.20161468845618918,0.5207293931871209
2016-03-27 15:00:00,0.19724424569714882,0.3995569042974282
2016-03-27 16:00:00,0.21693407616191462,0.31911735611485426
2016-03-27 17:00:00,0.21892168260315248,0.2608953439173185
2016-03-27 18:00:00,0.2440006187702829,0.18544427681273223
2016-03-27 19:00:00,0.23986238944425117,0.18016399832916097
2016-03-27 20:00:00,0.23467917498261467,0.22597900774427926
2016-03-27 21:00:00,0.24192763979195642,0.26104733012277526
2016-03-27 22:00:00,0.19054668663073718,0.27756140518653427
2016-03-27 23:00:00,0.16822093076321276,0.288204242916194
2016-03-28 00:00:00,0.12645153684225774,0.3042047250610698
2016-03-28 01:00:00,0.10780592611265645,0.3247500195653237
2016-03-28 02:00:00,0.10571897645746406,0.31313539351178366
2016-03-28 03:00:00,0.10290021194077424,0.24565047720819477
2016-03-28 04:00:00,0.10058476863120072,0.18806958053158615
2016-03-28 05:00:00,0.11854672867408439,0.18857545368330725
2016-03-28 06:00:00,0.16192061788653228,0.19560638921479562
2016-03-28 07:00:00,0.19585722406699116,0.16177808621890277
2016-03-28 08:00:00,0.22389087553604542,0.2368150562922453
2016-03-28 09:00:00,0.2700433723487483,0.33788711762883816
2016-03-28 10:00:00,0.2505684923504867,0.39103100324242124
2016-03-28 11:00:00,0.2364908658003014,0.46435239213851925
2016-03-28 12:00:00,0.2645494776454568,0.4975025768823587
2016-03-28 13:00:00,0.21233110415217887,0.4369695663191862
2016-03-28 14:00:00,0.183304101558878,0.367979819942255
2016-03-28 15:00:00,0.19008501187992588,0.31304407001897133
2016-03-28 16:00:00,0.20135133133402877,0.27274900905833155
2016-03-28 17:00:00,0.21204565929242014,0.24855485492758658
2016-03-28 18:00:00,0.23764797818150213,0.18796437258028553
2016-03-28 19:00:00,0.22455732985628182,0.18502545134079795
2016-03-28 20:00:00,0.2261247459579277,0.19353977649276352
2016-03-28 21:00:00,0.23160265145456657,0.19936352341692742
2016-03-28 22:00:00,0.18785494397600833,0.21150820792431055
2016-03-28 23:00:00,0.14930638615554018,0.19147089996352434
2016-03-29 00:00:00,0.12178224743567448,0.15396433195090944
2016-03-29 01:00:00,0.10532409209840049,0.1207104410631723
2016-03-29 02:00:00,0.10934502460013903,0.09579442887932721
2016-03-29 03:00:00,0.108936407365554,0.0717908500028848
2016-03-29 04:00:00,0.10931568399397308,0.058964705525229796
2016-03-29 05:00:00,0.14839551690716274,0.05249319689815177
2016-03-29 06:00:00,0.22315485351471948,0.04275542163182085
2016-03-29 07:00:00,0.2594781130621234,0.04494796724036768
2016-03-29 08:00:00,0.2895284155366249,0.06687243464717384
2016-03-29 09:00:00,0.3023427018138619,0.08309304067822215
2016-03-29 10:00:00,0.2989706845589941,0.07380373271073734
2016-03-29 11:00:00,0.27764077787436253,0.09003165901510855
2016-03-29 12:00:00,0.2867676798070237,0.10833576083889108
2016-03-29 13:00:00,0.26420697144471483,0.1007899611146098
2016-03-29 14:00:00,0.2686445119378766,0.09477641548723839
2016-03-29 15:00:00,0.23146990387401484,0.07726777403696458
2016-03-29 16:00:00,0.2154837740061427,0.10319760921582238
2016-03-29 17:00:00,0.2334320990669912,0.1608353206524545
2016-03-29 18:00:00,0.2053492324843532,0.17403223186901035
2016-03-29 19:00:00,0.23669201687818728,0.14163015044318403
2016-03-29 20:00:00,0.22938968468938356,0.10044256073630942
2016-03-29 21:00:00,0.19659055673388973,0.0680745426283493
2016-03-29 22:00:00,0.15783849923215115,0.06004447199501271
2016-03-29 23:00:00,0.15011628143834027,0.058613517929493444
2016-03-30 00:00:00,0.12698853343764488,0.057389458790338355
2016-03-30 01:00:00,0.11088337271094109,0.05970901264736944
2016-03-30 02:00:00,0.10819326073539642,0.05479091947237434
2016-03-30 03:00:00,0.10663780506780252,0.057666077141991
2016-03-30 04:00:00,0.1102321558733194,0.06936946639150204
2016-03-30 05:00:00,0.13897404621580897,0.07205681964717386
2016-03-30 06:00:00,0.20977696085419562,0.07006261455481126
2016-03-30 07:00:00,0.2549432737308763,0.06224231027141598
2016-03-30 08:00:00,0.2774635207464071,0.07570577034842557
2016-03-30 09:00:00,0.27482180261937883,0.14171951955588694
2016-03-30 10:00:00,0.29352580941411693,0.1652677726645805
2016-03-30 11:00:00,0.28692836133808536,0.17103146108986894
2016-03-30 12:00:00,0.3076438998898934,0.16837685970462557
2016-03-30 13:00:00,0.24399490365669915,0.15574824913754148
2016-03-30 14:00:00,0.2688096873840983,0.12683205776408174
2016-03-30 15:00:00,0.23823181670143725,0.0922155891061999
2016-03-30 16:00:00,0.24350515245421872,0.08454918143316058
2016-03-30 17:00:00,0.2459773398528048,0.06175055844342853
2016-03-30 18:00:00,0.24374287581131204,0.03786130751760219
2016-03-30 19:00:00,0.25151675130389417,0.035021852822902405
2016-03-30 20:00:00,0.2072307115351182,0.03483977859084686
2016-03-30 21:00:00,0.18232313454740376,0.03876265059593194
2016-03-30 22:00:00,0.15231325928662498,0.05295277746582241
2016-03-30 23:00:00,0.1362237997508113,0.08040292370027381
2016-03-31 00:00:00,0.11691387411624948,0.12790972636407197
2016-03-31 01:00:00,0.10565935649918873,0.18875446778818697
2016-03-31 02:00:00,0.10918675281061661,0.2379755404640622
2016-03-31 03:00:00,0.10575334122913767,0.2852865949042636
2016-03-31 04:00:00,0.1065210252955494,0.32615140256238995
2016-03-31 05:00:00,0.13894207535060274,0.328067718196949
2016-03-31 06:00:00,0.22352681722299483,0.3064776119130158
2016-03-31 07:00:00,0.251113620233542,0.253929259933454
2016-03-31 08:00:00,0.26191531490496056,0.2532764985321728
2016-03-31 09:00:00,0.2781095130099675,0.3118600725633678
2016-03-31 10:00:00,0.2543504508286973,0.3020906651796401
2016-03-31 11:00:00,0.25868544054242004,0.31843490776197925
2016-03-31 12:00:00,0.2773445011735049,0.34326587698816735
2016-03-31 13:00:00,0.30343507598806224,0.30333504478197737
2016-03-31 14:00:00,0.23744976977573015,0.21389197259177586
2016-03-31 15:00:00,0.2283914860917941,0.11290043280466458
2016-03-31 16:00:00,0.24797987429010207,0.08503211431996872
2016-03-31 17:00:00,0.24962198268718133,0.08017740455598475
2016-03-31 18:00:00,0.25465536546708384,0.0894004256098181
2016-03-31 19:00:00,0.2190035679763561,0.09500298216502052
2016-03-31 20:00:00,0.2186006637111729,0.08453440124496381
2016-03-31 21:00:00,0.1711227555487947,0.08017630260439076
2016-03-31 22:00:00,0.1686161705928373,0.08130577344694896
2016-03-31 23:00:00,0.16165112883924432,0.07861211723890082
2016-04-01 00:00:00,0.13114959318497912,0.08574391526393507
2016-04-01 01:00:00,0.1081257184312703,0.09978691659950127
2016-04-01 02:00:00,0.11180561768370421,0.11014839531292782
2016-04-01 03:00:00,0.10411074288653224,0.1320381252014962
2016-04-01 04:00:00,0.10655579885257299,0.15902769293927244
2016-04-01 05:00:00,0.14615475654844695,0.1841001092147956
2016-04-01 06:00:00,0.21959000714244314,0.22549470207945432
2016-04-01 07:00:00,0.23230256484700978,0.22608335163260315
2016-04-01 08:00:00,0.2750738492843068,0.1933784911157344
2016-04-01 09:00:00,0.287138362975197,0.25462095313602584
2016-04-01 10:00:00,0.2937758075596894,0.26501293065235676
2016-04-01 11:00:00,0.30318399261126555,0.23005858136749466
2016-04-01 12:00:00,0.2906159167246175,0.1854468748401623
2016-04-01 13:00:00,0.23203291476877605,0.16738863951613536
2016-04-01 14:00:00,0.20929009641573942,0.13498361617993349
2016-04-01 15:00:00,0.21995503262633295,0.09370912025611186
2016-04-01 16:00:00,0.20949777565774233,0.0749025810213671
2016-04-01 17:00:00,0.21606790142559096,0.04657215945306083
2016-04-01 18:00:00,0.20601436503245246,0.024092102938490116
2016-04-01 19:00:00,0.211200844054242,0.023186943444895365
2016-04-01 20:00:00,0.21002023774339362,0.02283006847506356
2016-04-01 21:00:00,0.1909923050967779,0.02242166647545472
2016-04-01 22:00:00,0.15957477839592024,0.02575120278667123
2016-04-01 23:00:00,0.15727886409075104,0.033488867782319576
2016-04-02 00:00:00,0.1359450705551692,0.0460704538511148
2016-04-02 01:00:00,0.12127168113989333,0.058073847443379616
2016-04-02 02:00:00,0.11352889683298563,0.058600918192890664
2016-04-02 03:00:00,0.1108627167941586,0.05104783221269313
2016-04-02 04:00:00,0.10705354905540101,0.043859586156415026
2016-04-02 05:00:00,0.11979033389835417,0.04172910597731272
2016-04-02 06:00:00,0.1661139197815252,0.05364966089301779
2016-04-02 07:00:00,0.19323174949293004,0.06240964903642675
2016-04-02 08:00:00,0.20074637318903563,0.09245177373141988
2016-04-02 09:00:00,0.24149132653859526,0.14030030534358495
2016-04-02 10:00:00,0.234306019732267,0.13817055430393116
2016-04-02 11:00:00,0.2547419044824988,0.14640989713602584
2016-04-02 12:00:00,0.25518415445352344,0.14984179910238604
2016-04-02 13:00:00,0.22027862917246172,0.1279056273487189
2016-04-02 14:00:00,0.2508038530076496,0.09620550391961666
2016-04-02 15:00:00,0.21728288774918872,0.06555545939140427
2016-04-02 16:00:00,0.199234734527121,0.08378204168203598
2016-04-02 17:00:00,0.20337626228558187,0.10639676547545467
2016-04-02 18:00:00,0.21329174394413536,0.11284630600596518
2016-04-02 19:00:00,0.21529788325799726,0.13594592594406413
2016-04-02 20:00:00,0.19068485053025028,0.1572111045923137
2016-04-02 21:00:00,0.18064760899107557,0.15402461690064542
2016-04-02 22:00:00,0.1460480992553314,0.12828405516233132
2016-04-02 23:00:00,0.13642744638096896,0.10304636589952082
2016-04-03 00:00:00,0.12054664732556788,0.08416013670046939
2016-04-03 01:00:00,0.10971508539058877,0.05764411660292392
2016-04-03 02:00:00,0.11285936855296705,0.04174271220100724
2016-04-03 03:00:00,0.10380536309109872,0.038831238464600036
2016-04-03 04:00:00,0.09905290241075569,0.04807110416775865
2016-04-03 05:00:00,0.10448064893370422,0.05548276548489145
2016-04-03 06:00:00,0.13996395897079278,0.08399682799559945
2016-04-03 07:00:00,0.16631166232035233,0.11862728976031683
2016-04-03 08:00:00,0.20066751205377836,0.1902817145252787
2016-04-03 09:00:00,0.21147785452885942,0.3207649773399178
2016-04-03 10:00:00,0.2241790953581363,0.30137641518301383
2016-04-03 11:00:00,0.1969300963433009,0.28169076214996086
2016-04-03 12:00:00,0.22535643313919798,0.2747950222240368
2016-04-03 13:00:00,0.18113910613699585,0.2848375546053198
2016-04-03 14:00:00,0.18084377497681964,0.27715509729165855
2016-04-03 15:00:00,0.1917911251593648,0.27576121447995305
2016-04-03 16:00:00,0.20618625233252208,0.3330968132949345
2016-04-03 17:00:00,0.20615510765820586,0.3682942856736262
2016-04-03 18:00:00,0.2043634310964303,0.37988641767944453
2016-04-03 19:00:00,0.21333119503361148,0.3901616490764228
2016-04-03 20:00:00,0.19896043409538702,0.39900017108942887
2016-04-03 21:00:00,0.18231367690948075,0.3950586835816057
2016-04-03 22:00:00,0.15748923449814559,0.394917866033982
2016-04-03 23:00:00,0.13830819255621238,0.4059050138202621
2016-04-04 00:00:00,0.11804644907568387,0.4328778775461568
2016-04-04 01:00:00,0.10547127394819189,0.4327598812787013
2016-04-04 02:00:00,0.11264403885605007,0.4144586931671719
2016-04-04 03:00:00,0.10751972928256834,0.4008172139147271
2016-04-04 04:00:00,0.11480538285234122,0.4083691144836691
2016-04-04 05:00:00,0.14858535735396383,0.39998192593511633
2016-04-04 06:00:00,0.22825313257707452,0.387963961709466
2016-04-04 07:00:00,0.2705095601095271,0.3952337473615782
2016-04-04 08:00:00,0.30953449856571635,0.41537951908928217
2016-04-04 09:00:00,0.2759430206305052,0.44439911721073744
2016-04-04 10:00:00,0.25852100353500235,0.42442043331952845
2016-04-04 11:00:00,0.25497375320178495,0.372115669247653
2016-04-04 12:00:00,0.27043808963548904,0.3547814937459417
2016-04-04 13:00:00,0.27453269491770993,0.3671512045306083
2016-04-04 14:00:00,0.2868504679531756,0.31311005448635826
2016-04-04 15:00:00,0.2650685927358601,0.21546084641458044
2016-04-04 16:00:00,0.21333085875927207,0.17884414138734595
2016-04-04 17:00:00,0.2146067599385721,0.1761976104240172
2016-04-04 18:00:00,0.2198772711086,0.16676290179498335
2016-04-04 19:00:00,0.2528339081044273,0.12223468711769017
2016-04-04 20:00:00,0.24529834712563742,0.1157175436856542
2016-04-04 21:00:00,0.2098967252404961,0.11867130217162133
2016-04-04 22:00:00,0.17953836493103847,0.10370965233566398
2016-04-04 23:00:00,0.15625804239105243,0.0938698073112165
2016-04-05 00:00:00,0.13098245353789997,0.0783100429026501
2016-04-05 01:00:00,0.11166525411451088,0.06288888270741247
2016-04-05 02:00:00,0.11362337292825678,0.046188368129522775
2016-04-05 03:00:00,0.11559695216156697,0.045681112092704874
2016-04-05 04:00:00,0.11551799536393142,0.06576882766052221
2016-04-05 05:00:00,0.15039535370305981,0.07695842328750244
2016-04-05 06:00:00,0.24930916927445523,0.07876109778515547
2016-04-05 07:00:00,0.27425270518949935,0.07573394098406025
2016-04-05 08:00:00,0.27530228669738077,0.09986271753099941
2016-04-05 09:00:00,0.31580407482904505,0.15149557821518678
2016-04-05 10:00:00,0.289452726211173,0.17176182644034804
2016-04-05 11:00:00,0.31254969129578114,0.19469608001814
2016-04-05 12:00:00,0.3045001341852109,0.20713436654204959
2016-04-05 13:00:00,0.28528350015936477,0.20018620403525328
2016-04-05 14:00:00,0.272900189224038,0.16957448293477415
2016-04-05 15:00:00,0.24607833872276313,0.14328937192264815
2016-04-05 16:00:00,0.2522783160929532,0.15076222166951883
2016-04-05 17:00:00,0.27493512556502075,0.15170419239076863
2016-04-05 18:00:00,0.2451752031901947,0.1492121994767749
2016-04-05 19:00:00,0.23175748993103856,0.16063957230026402
2016-04-05 20:00:00,0.24401659540159948,0.1902032220613632
2016-04-05 21:00:00,0.2238841550040564,0.24578734675479172
2016-04-05 22:00:00,0.1830156369813398,0.30479722653280855
2016-04-05 23:00:00,0.18877032604601293,0.32188143412497555
2016-04-06 00:00:00,0.14259109392385252,0.30924962845765697
2016-04-06 01:00:00,0.10607655461868334,0.30569043950640523
2016-04-06 02:00:00,0.11144235196453407,0.2693521456611089
2016-04-06 03:00:00,0.10893410539812237,0.21700762978319968
2016-04-06 04:00:00,0.10780489013966157,0.15308699510448853
2016-04-06 05:00:00,0.14414586172925362,0.1292993513127811
2016-04-06 06:00:00,0.21562209524223458,0.1367400093373264
2016-04-06 07:00:00,0.2802923376941354,0.11993662761695677
2016-04-06 08:00:00,0.266042256186254,0.1314349989157539
2016-04-06 09:00:00,0.30648253401715353,0.1801489352216899
2016-04-06 10:00:00,0.29902867993741306,0.21163240536573436
2016-04-06 11:00:00,0.28299111283031997,0.20693210215929983
2016-04-06 12:00:00,0.2916035239916551,0.18302490326251714
2016-04-06 13:00:00,0.28614384357614725,0.1743058644519853
2016-04-06 14:00:00,0.2650841430372044,0.13712438428931145
2016-04-06 15:00:00,0.2585547887836115,0.08762042900669859
2016-04-06 16:00:00,0.24011493832579964,0.06270931570433208
2016-04-06 17:00:00,0.24777142838722754,0.04846256744049483
2016-04-06 18:00:00,0.25819179749072774,0.03432427200743204
2016-04-06 19:00:00,0.2627077187500001,0.02769688641321142
2016-04-06 20:00:00,0.22189848062992584,0.02180202721680031
2016-04-06 21:00:00,0.21689413990785814,0.01620283751149032
2016-04-06 22:00:00,0.16785375592547516,0.013949576082632505
2016-04-06 23:00:00,0.14097937137807143,0.014345132253129278
2016-04-07 00:00:00,0.12002693328407504,0.023830998554028947
2016-04-07 01:00:00,0.1096211005737135,0.047195270665802855
2016-04-07 02:00:00,0.10691961697380623,0.06357341985541756
2016-04-07 03:00:00,0.10433369977109411,0.05464260428999608
2016-04-07 04:00:00,0.11136737594170142,0.04990623634407393
2016-04-07 05:00:00,0.1552557584463375,0.07953934258434382
2016-04-07 06:00:00,0.23654271744610586,0.09147275994117932
2016-04-07 07:00:00,0.25701137231977295,0.0815418118734598
2016-04-07 08:00:00,0.260062949626217,0.10832497601564642
2016-04-07 09:00:00,0.27407917585187763,0.1537072845368668
2016-04-07 10:00:00,0.2682599290536627,0.18755151364536474
2016-04-07 11:00:00,0.2713859376448772,0.24659580126158792
2016-04-07 12:00:00,0.2913320944888735,0.27476532291673184
2016-04-07 13:00:00,0.2525501124391516,0.25137911635370624
2016-04-07 14:00:00,0.240574747160408,0.23630180449344806
2016-04-07 15:00:00,0.22932676619726466,0.17745261256018968
2016-04-07 16:00:00,0.20940197926808074,0.13943623083639742
2016-04-07 17:00:00,0.226977383678141,0.09416500707153334
2016-04-07 18:00:00,0.2343419269819193,0.07640494081273225
2016-04-07 19:00:00,0.2313226906438341,0.094357519863583
2016-04-07 20:00:00,0.21137388906757074,0.1053352900933405
2016-04-07 21:00:00,0.18397625389719519,0.08676842802302953
2016-04-07 22:00:00,0.19501945747855817,0.07250222587937609
2016-04-07 23:00:00,0.16560298294796008,0.06827345798547818
2016-04-08 00:00:00,0.12998123610628196,0.08666938822760611
2016-04-08 01:00:00,0.1039189635344228,0.1277344910234207
2016-04-08 02:00:00,0.10533462449292999,0.175244106520487
2016-04-08 03:00:00,0.10193532180111271,0.2374733609612263
2016-04-08 04:00:00,0.10953569342547524,0.29309620768692546
2016-04-08 05:00:00,0.14268662991133524,0.2824756060845395
2016-04-08 06:00:00,0.21875478643660162,0.21318450779713471
2016-04-08 07:00:00,0.23360552336868318,0.22968833067142572
2016-04-08 08:00:00,0.2754117347009737,0.3226014255806277
2016-04-08 09:00:00,0.28332654512923033,0.4255286458557597
2016-04-08 10:00:00,0.2826111871233194,0.525869820095394
2016-04-08 11:00:00,0.3024936953523411,0.6262000315307057
2016-04-08 12:00:00,0.31044402619378764,0.6550611775267456
2016-04-08 13:00:00,0.24892712055227167,0.5882699753237334
2016-04-08 14:00:00,0.216016078523412,0.44270048919108146
2016-04-08 15:00:00,0.22860058547751505,0.3128735534965774
2016-04-08 16:00:00,0.21503450809863237,0.3129196377642285
2016-04-08 17:00:00,0.21654418296534533,0.29001846052097596
2016-04-08 18:00:00,0.20776580928372743,0.2556673128486212
2016-04-08 19:00:00,0.22118237434805277,0.2709511684507627
2016-04-08 20:00:00,0.21780869016573942,0.22679270742514177
2016-04-08 21:00:00,0.19650030758866488,0.18745029995775472
2016-04-08 22:00:00,0.17045429210129803,0.19292775600909448
2016-04-08 23:00:00,0.1675452033640474,0.22725657715504594
2016-04-09 00:00:00,0.15456116883982385,0.2753859699199589
2016-04-09 01:00:00,0.12270772728326376,0.27405186727151376
2016-04-09 02:00:00,0.11003518838375054,0.275710005538627
2016-04-09 03:00:00,0.10958253918926747,0.29784819887566005
2016-04-09 04:00:00,0.11026118373319418,0.31151388214658715
2016-04-09 05:00:00,0.12623829837447845,0.31962396800425386
2016-04-09 06:00:00,0.17430534789348634,0.3235100792223743
2016-04-09 07:00:00,0.20028763724211868,0.3551673143714063
2016-04-09 08:00:00,0.22007591773875756,0.35999610794333076
2016-04-09 09:00:00,0.21185919342547532,0.36628448453393314
2016-04-09 10:00:00,0.2217971392124478,0.3972886170980345
2016-04-09 11:00:00,0.2299596707377145,0.45018172718335614
2016-04-09 12:00:00,0.2337374197235743,0.4558279831055153
2016-04-09 13:00:00,0.18101516437760784,0.4569693335848817
2016-04-09 14:00:00,0.17999807335129803,0.420027058158664
2016-04-09 15:00:00,0.19181402005099685,0.3571888243659299
2016-04-09 16:00:00,0.2360102908698424,0.2925893486345589
2016-04-09 17:00:00,0.2643765262517386,0.21245235596244866
2016-04-09 18:00:00,0.2442881971343301,0.21548265721396437
2016-04-09 19:00:00,0.2503781334753128,0.2738428945983767
2016-04-09 20:00:00,0.2433347728181502,0.3120748546048797
2016-04-09 21:00:00,0.19879125980818263,0.3067927601388617
2016-04-09 22:00:00,0.17445920513154842,0.3145079590375024
2016-04-09 23:00:00,0.15868271473690307,0.3182264771315275
2016-04-10 00:00:00,0.13390679979427444,0.3394960411300606
2016-04-10 01:00:00,0.11401596602630971,0.38123045548445134
2016-04-10 02:00:00,0.10170210781757064,0.3829713653871015
2016-04-10 03:00:00,0.10131979560732496,0.37999906712595344
2016-04-10 04:00:00,0.10018384370653688,0.3828467189360454
2016-04-10 05:00:00,0.11502061306212337,0.3951458524419127
2016-04-10 06:00:00,0.15034837181270286,0.4264323938874437
2016-04-10 07:00:00,0.16956705970387115,0.4308625584949149
2016-04-10 08:00:00,0.17490941233483998,0.4373328875766674
2016-04-10 09:00:00,0.23115780322786283,0.4561619890818014
2016-04-10 10:00:00,0.22648131999014834,0.41369546130261114
2016-04-10 11:00:00,0.23126584011358373,0.4414764888004594
2016-04-10 12:00:00,0.2549443125724386,0.49548099763162534
2016-04-10 13:00:00,0.24720404933066756,0.5212773934951104
2016-04-10 14:00:00,0.21114943933993974,0.5311945020184823
2016-04-10 15:00:00,0.1955126190310616,0.5221527585243987
2016-04-10 16:00:00,0.2052954874971025,0.49516367398689615
2016-04-10 17:00:00,0.23034507436543813,0.46192741586343655
2016-04-10 18:00:00,0.2366260113004173,0.4406585758695482
2016-04-10 19:00:00,0.22273932055516926,0.4455652580820458
2016-04-10 20:00:00,0.23072716436311996,0.43940908864013295
2016-04-10 21:00:00,0.20636343444309221,0.4276814372472129
2016-04-10 22:00:00,0.1945110063021557,0.4219455777212986
2016-04-10 23:00:00,0.13895438251912384,0.42365445574506155
2016-04-11 00:00:00,0.12163144401947143,0.4169004490872286
2016-04-11 01:00:00,0.10564476931212331,0.40441752943697434
2016-04-11 02:00:00,0.10692015010720907,0.3905235473238803
2016-04-11 03:00:00,0.10835422767443209,0.3762277997741541
2016-04-11 04:00:00,0.11559738805343067,0.3660690854967729
2016-04-11 05:00:00,0.14455305650208616,0.3706218096533346
2016-04-11 06:00:00,0.22342198029670837,0.3954276281138274
2016-04-11 07:00:00,0.2617180492727168,0.43698267823689607
2016-04-11 08:00:00,0.31351705131548446,0.5029253129043123
2016-04-11 09:00:00,0.28281890690194716,0.5447958269604928
2016-04-11 10:00:00,0.26681110399281405,0.5448238690073344
2016-04-11 11:00:00,0.24884453313340285,0.5656270201302562
2016-04-11 12:00:00,0.2686010643399397,0.6021140294010854
2016-04-11 13:00:00,0.27027619155656013,0.5818606258014375
2016-04-11 14:00:00,0.278211804082638,0.5478567873161059
2016-04-11 15:00:00,0.2555197574756608,0.5143519050593095
2016-04-11 16:00:00,0.21235832127955503,0.4969095321869744
2016-04-11 17:00:00,0.23370998086172923,0.47827136194890474
2016-04-11 18:00:00,0.215768796983658,0.45492573596684915
2016-04-11 19:00:00,0.22782862391342157,0.45425056737707803
2016-04-11 20:00:00,0.2355545344952479,0.4455488947058478
2016-04-11 21:00:00,0.19638122786277235,0.4332937532342558
2016-04-11 22:00:00,0.16115039203755227,0.4302274902375807
2016-04-11 23:00:00,0.13471359093938354,0.40145708934739877
2016-04-12 00:00:00,0.11539526192338898,0.3720305347529826
2016-04-12 01:00:00,0.10145263089649974,0.33264805868663205
2016-04-12 02:00:00,0.10307061574235052,0.27195342477835904
2016-04-12 03:00:00,0.09798561882823364,0.24161252610326617
2016-04-12 04:00:00,0.10205345763792305,0.2507812904686094
2016-04-12 05:00:00,0.1478662147369031,0.2447568153750733
2016-04-12 06:00:00,0.2365627807574177,0.1923068572431058
2016-04-12 07:00:00,0.2794418801576262,0.1746655107625171
2016-04-12 08:00:00,0.30366600307139535,0.2128050149602972
2016-04-12 09:00:00,0.27417391494262855,0.24069826698489138
2016-04-12 10:00:00,0.26686780004056565,0.24018816495839038
2016-04-12 11:00:00,0.27369882952306435,0.286917297558625
2016-04-12 12:00:00,0.2747767241973805,0.31210831275933887
2016-04-12 13:00:00,0.24912730797983307,0.25057686050973016
2016-04-12 14:00:00,0.25113308717257765,0.18654740233527284
2016-04-12 15:00:00,0.23322631613641637,0.10259661935121256
2016-04-12 16:00:00,0.21432422968822426,0.07569017492538628
2016-04-12 17:00:00,0.2507619208391285,0.05111943325014667
2016-04-12 18:00:00,0.25031142562007425,0.029996387091482495
2016-04-12 19:00:00,0.24804135635431152,0.04249968725591629
2016-04-12 20:00:00,0.2371973871696801,0.054849019000733426
2016-04-12 21:00:00,0.2310869662001623,0.05316911295477214
2016-04-12 22:00:00,0.18766829108715813,0.052885940982740076
2016-04-12 23:00:00,0.15138450889545663,0.04872193506478584
2016-04-13 00:00:00,0.1137446262749189,0.03814094780970076
2016-04-13 01:00:00,0.11067652874362541,0.02959745796024839
2016-04-13 02:00:00,0.10353308527468709,0.027573830857422252
2016-04-13 03:00:00,0.0998341309979138,0.027024194631771956
2016-04-13 04:00:00,0.10373076906583213,0.025940353598572267
2016-04-13 05:00:00,0.15159468092257766,0.031711120584930565
2016-04-13 06:00:00,0.21569487229079742,0.04584305725625856
2016-04-13 07:00:00,0.2701048106310848,0.05879111333258359
2016-04-13 08:00:00,0.2699739889893372,0.09722143654889494
2016-04-13 09:00:00,0.33192951579160856,0.14658091651994917
2016-04-13 10:00:00,0.2717779910031295,0.168805594863143
2016-04-13 11:00:00,0.28035819036856746,0.21410323092250164
2016-04-13 12:00:00,0.27346576334318506,0.2492033846432623
2016-04-13 13:00:00,0.25642895563861856,0.21120659361822797
2016-04-13 14:00:00,0.24762722141573956,0.15266415798308233
2016-04-13 15:00:00,0.2453476257243858,0.09338692021724038
2016-04-13 16:00:00,0.22898108998319422,0.08005823445266964
2016-04-13 17:00:00,0.22658468742756138,0.05110700361231174
2016-04-13 18:00:00,0.20869372789174775,0.01968897112458439
2016-04-13 19:00:00,0.21368026921070915,0.023303874638568353
2016-04-13 20:00:00,0.21494979030482153,0.019754046420839035
2016-04-13 21:00:00,0.2026206037899861,0.019512025178906708
2016-04-13 22:00:00,0.17311882139545662,0.017478821509583416
2016-04-13 23:00:00,0.1466798522542883,0.016371067288675923
2016-04-14 00:00:00,0.1154870980963143,0.01766320835727557
2016-04-14 01:00:00,0.10229510842605469,0.019713483360844903
2016-04-14 02:00:00,0.10367314860048679,0.022890483805006842
2016-04-14 03:00:00,0.09983314839765878,0.025095452621015056
2016-04-14 04:00:00,0.12026356717953177,0.02735936330574027
2016-04-14 05:00:00,0.1454582008866481,0.03910850050660082
2016-04-14 06:00:00,0.227544727935211,0.06971689465964208
2016-04-14 07:00:00,0.2534662542449004,0.09863615420178953
2016-04-14 08:00:00,0.3073615023470098,0.1497430800641502
2016-04-14 09:00:00,0.30201562856397773,0.21640375915998428
2016-04-14 10:00:00,0.28210105414058867,0.24730053084945225
2016-04-14 11:00:00,0.2784204095966621,0.27538622748890085
2016-04-14 12:00:00,0.2710006015588781,0.28055373766399366
2016-04-14 13:00:00,0.2428742598081826,0.23845289572838838
2016-04-14 14:00:00,0.2450433312905655,0.16911990537590452
2016-04-14 15:00:00,0.25635974045259613,0.09717095833053
2016-04-14 16:00:00,0.24423569493219743,0.07600175374408369
2016-04-14 17:00:00,0.21323509380795078,0.05010142640392135
2016-04-14 18:00:00,0.20495601493683363,0.02628378315445922
2016-04-14 19:00:00,0.21974138950220212,0.034522550818355174
2016-04-14 20:00:00,0.19824836914696334,0.030901986581165657
2016-04-14 21:00:00,0.17586575993857206,0.045875083840113434
2016-04-14 22:00:00,0.15285029318787674,0.08404110657666733
2016-04-14 23:00:00,0.15657989064673167,0.13805497814771173
2016-04-15 00:00:00,0.12539253393022717,0.19603531106356348
2016-04-15 01:00:00,0.101836657365554,0.23511107857925875
2016-04-15 02:00:00,0.10257240161393141,0.2603349821128007
2016-04-15 03:00:00,0.09919127561427912,0.2773927980292391
2016-04-15 04:00:00,0.10380409027294854,0.3355802118723352
2016-04-15 05:00:00,0.13861058463722764,0.40734540520863494
2016-04-15 06:00:00,0.22633201761706076,0.4498401546380795
2016-04-15 07:00:00,0.27889179740380154,0.4994440527312733
2016-04-15 08:00:00,0.2693748814470327,0.5663421971086445
2016-04-15 09:00:00,0.26256313577885954,0.6238933104803445
2016-04-15 10:00:00,0.2893529756606397,0.6474329761880011
2016-04-15 11:00:00,0.29600603371291145,0.671834822903188
2016-04-15 12:00:00,0.2820003093706538,0.6695073166971935
2016-04-15 13:00:00,0.23435466431965693,0.6225117587431059
2016-04-15 14:00:00,0.22979017615611969,0.5739093251741147
2016-04-15 15:00:00,0.2300233982382939,0.5199932707244279
2016-04-15 16:00:00,0.25211445446511366,0.5068769980756405
2016-04-15 17:00:00,0.2564409330957347,0.48831670555104645
2016-04-15 18:00:00,0.21129118274802966,0.4606528758437316
2016-04-15 19:00:00,0.2231077730644414,0.4584114380432231
2016-04-15 20:00:00,0.22684369782974045,0.45968872509876785
2016-04-15 21:00:00,0.1932872561283031,0.46118576163646585
2016-04-15 22:00:00,0.16639086052677327,0.46037433050308035
2016-04-15 23:00:00,0.14926583405771904,0.46327805129439664
2016-04-16 00:00:00,0.13573475795375523,0.46383893803975157
2016-04-16 01:00:00,0.12090072132881312,0.4624962532828574
2016-04-16 02:00:00,0.10601735109527119,0.46159647511460977
2016-04-16 03:00:00,0.10188155544448307,0.46093943314820063
2016-04-16 04:00:00,0.10443473594691698,0.4605269275895756
2016-04-16 05:00:00,0.12548689806444135,0.46842152217343036
2016-04-16 06:00:00,0.15596398060095043,0.48566894331165666
2016-04-16 07:00:00,0.17190554415855352,0.4948234801252199
2016-04-16 08:00:00,0.1837667257185907,0.5176683616352924
2016-04-16 09:00:00,0.20729610796244782,0.5558660368986894
2016-04-16 10:00:00,0.20825777065948084,0.5509486601791026
2016-04-16 11:00:00,0.19938248829392682,0.5062354024422062
2016-04-16 12:00:00,0.19694788677851183,0.44549763621733807
2016-04-16 13:00:00,0.1717143154989568,0.4140901221788089
2016-04-16 14:00:00,0.15704852680227158,0.39633731057573823
2016-04-16 15:00:00,0.15331820720329153,0.390104512261637
2016-04-16 16:00:00,0.19003525514313863,0.387425142381674
2016-04-16 17:00:00,0.1994378126014139,0.28651782827131816
2016-04-16 18:00:00,0.20742915948076024,0.15929649381767066
2016-04-16 19:00:00,0.2149256507446684,0.11802323636436533
2016-04-16 20:00:00,0.18500308528917472,0.09577875283835321
2016-04-16 21:00:00,0.18055806016747797,0.0977409050077254
2016-04-16 22:00:00,0.16161945701495134,0.1087113120291414
2016-04-16 23:00:00,0.14664410764371813,0.11599237666614512
2016-04-17 00:00:00,0.12482125933008807,0.12765534689815178
2016-04-17 01:00:00,0.12139213435906351,0.12364101556527476
2016-04-17 02:00:00,0.09973608045027814,0.11073299446660473
2016-04-17 03:00:00,0.09777020113293933,0.11935150413690593
2016-04-17 04:00:00,0.09339310867234585,0.1301895423436339
2016-04-17 05:00:00,0.1136651553807371,0.11639235674559942
2016-04-17 06:00:00,0.1421080548359991,0.09834029429865049
2016-04-17 07:00:00,0.14854822960129815,0.12166776290871309
2016-04-17 08:00:00,0.1819381872392211,0.18459523124002547
2016-04-17 09:00:00,0.19544273713490953,0.24655162366736758
2016-04-17 10:00:00,0.20869480122855827,0.2721492943696948
2016-04-17 11:00:00,0.2147095714389197,0.2785921671708878
2016-04-17 12:00:00,0.21225856739684748,0.2728135065003422
2016-04-17 13:00:00,0.20740861017906814,0.2616611888010464
2016-04-17 14:00:00,0.16156465498956885,0.2153056034460199
2016-04-17 15:00:00,0.16028550860570234,0.14390538424070998
2016-04-17 16:00:00,0.1798862011039639,0.10989694349095444
2016-04-17 17:00:00,0.19664264116828928,0.06915474239145314
2016-04-17 18:00:00,0.19205551600892448,0.02719502698005085
2016-04-17 19:00:00,0.19765643667420033,0.024406611366076664
2016-04-17 20:00:00,0.19859924918868788,0.021863632080383333
2016-04-17 21:00:00,0.16021795792767735,0.019876563543272052
2016-04-17 22:00:00,0.15132362617350484,0.02084423806747506
2016-04-17 23:00:00,0.1414224274889894,0.023830838195482103
2016-04-18 00:00:00,0.12119935444193324,0.023034039814736944
2016-04-18 01:00:00,0.09616296824293004,0.023494271813563464
2016-04-18 02:00:00,0.10058352225312933,0.022841416159886562
2016-04-18 03:00:00,0.10009607498840983,0.02179490643609427
2016-04-18 04:00:00,0.10206876612482613,0.023604272647516134
2016-04-18 05:00:00,0.13571635105180804,0.027680202136514766
2016-04-18 06:00:00,0.22387735155887814,0.042461650412331305
2016-04-18 07:00:00,0.23419800841736216,0.054296571765841975
2016-04-18 08:00:00,0.2913802212563747,0.08902999022242324
2016-04-18 09:00:00,0.2957364128274224,0.1379527546304029
2016-04-18 10:00:00,0.28594968697844236,0.15362460928911606
2016-04-18 11:00:00,0.2619263564412378,0.1788800008428515
2016-04-18 12:00:00,0.2632472793086462,0.19858745369562877
2016-04-18 13:00:00,0.2686587618219749,0.18183731442890672
2016-04-18 14:00:00,0.2345825607614742,0.16258961884368273
2016-04-18 15:00:00,0.2213401225805516,0.13522774607735188
2016-04-18 16:00:00,0.2022961639284886,0.10732071597428128
2016-04-18 17:00:00,0.19871237699930464,0.058404621730833176
2016-04-18 18:00:00,0.21563530309747342,0.019358436940005868
2016-04-18 19:00:00,0.20724248584550306,0.0185445440817035
2016-04-18 20:00:00,0.20317054427445527,0.020389366256454135
2016-04-18 21:00:00,0.19436778175706998,0.020562062165216118
2016-04-18 22:00:00,0.1925956903106166,0.022192950820359866
2016-04-18 23:00:00,0.16850553526309694,0.0225163118599159
2016-04-19 00:00:00,0.12807647987656468,0.023182364843878346
2016-04-19 01:00:00,0.10918061785755681,0.02487156823357129
2016-04-19 02:00:00,0.10093713754636072,0.027283424667220807
2016-04-19 03:00:00,0.10326610768718125,0.02926424977434969
2016-04-19 04:00:00,0.10741976093822438,0.0386406990894778
2016-04-19 05:00:00,0.1539817091736208,0.06168514777273616
2016-04-19 06:00:00,0.2196147733541956,0.08893667668443184
2016-04-19 07:00:00,0.24647728779844702,0.10899935803349309
2016-04-19 08:00:00,0.25157326411103387,0.16738589092851547
2016-04-19 09:00:00,0.2822059232151136,0.24769188858444166
2016-04-19 10:00:00,0.2634936515414928,0.257096294955261
2016-04-19 11:00:00,0.29186500105760294,0.2520608449467533
2016-04-19 12:00:00,0.26525835299316175,0.23858756544758453
2016-04-19 13:00:00,0.24149771572206769,0.20362455360844908
2016-04-19 14:00:00,0.2405045675127492,0.16835807797755714
2016-04-19 15:00:00,0.22516152131142797,0.11514716942357715
2016-04-19 16:00:00,0.23004727177503476,0.09222113844186386
2016-04-19 17:00:00,0.24295439402236907,0.053163012535155485
2016-04-19 18:00:00,0.23318749375579506,0.014906517930618032
2016-04-19 19:00:00,0.2147934520891285,0.014264707294103266
2016-04-19 20:00:00,0.24060322256026873,0.021624748002933698
2016-04-19 21:00:00,0.23589153855180797,0.024922750392920006
2016-04-19 22:00:00,0.16492073741017615,0.028417717121552902
2016-04-19 23:00:00,0.14788270066933237,0.034165272554273415
2016-04-20 00:00:00,0.12842611785755675,0.044775029602190486
2016-04-20 01:00:00,0.09769946433124717,0.06198748450977899
2016-04-20 02:00:00,0.10366337818729718,0.08106492116262468
2016-04-20 03:00:00,0.10257771843127027,0.08757929277058478
2016-04-20 04:00:00,0.1060033581652759,0.08640160328417759
2016-04-20 05:00:00,0.14955033463722767,0.08139423459236259
2016-04-20 06:00:00,0.20298687639082058,0.08929804687683351
2016-04-20 07:00:00,0.23568141991191474,0.11439220830427342
2016-04-20 08:00:00,0.25969664237076967,0.1325020918597692
2016-04-20 09:00:00,0.29097140214997685,0.17089091031630155
2016-04-20 10:00:00,0.32124661201900784,0.19715102853911595
2016-04-20 11:00:00,0.29362412643428387,0.19169626793922356
2016-04-20 12:00:00,0.26912286223632353,0.17737130984568744
2016-04-20 13:00:00,0.28461915381606384,0.15634299473440255
2016-04-20 14:00:00,0.27802806878766817,0.1344039468849012
2016-04-20 15:00:00,0.2377565794506259,0.09271863302024257
2016-04-20 16:00:00,0.2515099196076726,0.0716614814375611
2016-04-20 17:00:00,0.24310182620537774,0.04302967272203209
2016-04-20 18:00:00,0.2305287592721372,0.015592625107422256
2016-04-20 19:00:00,0.2339363930951554,0.016750335646733817
2016-04-20 20:00:00,0.21170836330841455,0.01785897304063172
2016-04-20 21:00:00,0.187874474124942,0.018528489709563854
2016-04-20 22:00:00,0.1652820522571859,0.017805832460541755
2016-04-20 23:00:00,0.138514719155656,0.017036425947437903
2016-04-21 00:00:00,0.11890226974675473,0.01772388543237825
2016-04-21 01:00:00,0.1006904170868104,0.017453025045863484
2016-04-21 02:00:00,0.10304907288769127,0.019607198735967137
2016-04-21 03:00:00,0.10412591692744558,0.019194675954087616
2016-04-21 04:00:00,0.1076820006229717,0.020818031323195776
2016-04-21 05:00:00,0.1460637542014371,0.029263635890573052
2016-04-21 06:00:00,0.21096790397542875,0.05324444201300603
2016-04-21 07:00:00,0.2619757233860687,0.0856655325663994
2016-04-21 08:00:00,0.2690907220097359,0.1350845708019265
2016-04-21 09:00:00,0.3090203957319195,0.18523609131639937
2016-04-21 10:00:00,0.29587245514603633,0.19523241405393116
2016-04-21 11:00:00,0.286989789116829,0.1913587964030902
2016-04-21 12:00:00,0.28196901576263333,0.17122770068770776
2016-04-21 13:00:00,0.2497136670288595,0.14200527327811457
2016-04-21 14:00:00,0.2482657782365553,0.12778765455011729
2016-04-21 15:00:00,0.2157914585796245,0.10930839098855864
2016-04-21 16:00:00,0.22254065591678263,0.08748013285840014
2016-04-21 17:00:00,0.223790521963375,0.06721742076515744
2016-04-21 18:00:00,0.2242298502549838,0.032593971185214156
2016-04-21 19:00:00,0.1976738216707234,0.028069277127958148
2016-04-21 20:00:00,0.191826031452828,0.02942130719680227
2016-04-21 21:00:00,0.190539508779555,0.034818314626149025
2016-04-21 22:00:00,0.15859212718764484,0.03658518346777821
2016-04-21 23:00:00,0.15122573904728792,0.030751291935165265
2016-04-22 00:00:00,0.11667364577538254,0.029574847483766865
2016-04-22 01:00:00,0.10776370795665283,0.031241924446606686
2016-04-22 02:00:00,0.10782180716852108,0.03185428428065715
2016-04-22 03:00:00,0.10267030261937872,0.03257413428124389
2016-04-22 04:00:00,0.1060539337911451,0.03271702411954821
2016-04-22 05:00:00,0.14487913396789523,0.04800557085292394
2016-04-22 06:00:00,0.24234767363525728,0.07590453400180912
2016-04-22 07:00:00,0.22930697112598522,0.08195240303936045
2016-04-22 08:00:00,0.26180319764140014,0.10347695101549975
2016-04-22 09:00:00,0.26976103753766806,0.1287803969848914
2016-04-22 10:00:00,0.2613107176779092,0.12275593103530219
2016-04-22 11:00:00,0.27300670353789974,0.12637581139873846
2016-04-22 12:00:00,0.24640397364684738,0.12967860153652452
2016-04-22 13:00:00,0.23687848722183572,0.12367542237580671
2016-04-22 14:00:00,0.2323867631983079,0.1109564455692842
2016-04-22 15:00:00,0.2237986158727399,0.09129034183556622
2016-04-22 16:00:00,0.2000823785205146,0.06839470627547427
2016-04-22 17:00:00,0.21701087860744084,0.06652289214717387
2016-04-22 18:00:00,0.2177039802677329,0.08943829929913943
2016-04-22 19:00:00,0.21043269590287428,0.08597896181767062
2016-04-22 20:00:00,0.1929100248174549,0.06276922480559358
2016-04-22 21:00:00,0.17997959700973581,0.05553521943169371
2016-04-22 22:00:00,0.15246232154033382,0.05794189296973401
2016-04-22 23:00:00,0.14362566288537315,0.06473714242827107
2016-04-23 00:00:00,0.13507779849038026,0.07033761858458829
2016-04-23 01:00:00,0.11444774843532682,0.07400305563162526
2016-04-23 02:00:00,0.10459717041898471,0.07585144075112457
2016-04-23 03:00:00,0.10423454592605469,0.09089873479840602
2016-04-23 04:00:00,0.10137071030366247,0.09024957456351457
2016-04-23 05:00:00,0.11845054950452022,0.06959607031234108
2016-04-23 06:00:00,0.15524902996059342,0.0754156541732838
2016-04-23 07:00:00,0.17581487995479833,0.08993445510972031
2016-04-23 08:00:00,0.18242425543289284,0.13502210810082146
2016-04-23 09:00:00,0.20124131809225776,0.2166263656349501
2016-04-23 10:00:00,0.20218232646615683,0.2392039755592608
2016-04-23 11:00:00,0.22269973497624013,0.22591089354708577
2016-04-23 12:00:00,0.21548103335071864,0.20112873174687065
2016-04-23 13:00:00,0.1907676523528049,0.17379207244044584
2016-04-23 14:00:00,0.20351190197612423,0.15203644627395851
2016-04-23 15:00:00,0.18674573297693553,0.13606027515587715
2016-04-23 16:00:00,0.2105613790130969,0.14445091328984944
2016-04-23 17:00:00,0.23342991175533134,0.13628974375528063
2016-04-23 18:00:00,0.22654887068266122,0.08384720808659299
2016-04-23 19:00:00,0.22680106648412152,0.07082474444054371
2016-04-23 20:00:00,0.24427028206131224,0.050602677607813416
2016-04-23 21:00:00,0.19224790472879,0.03464833588157637
2016-04-23 22:00:00,0.15911435518080666,0.02496245597921963
2016-04-23 23:00:00,0.1379111731861381,0.02400673606845296
2016-04-24 00:00:00,0.12385008647716737,0.020493320108400156
2016-04-24 01:00:00,0.10805363821279548,0.018870675639497358
2016-04-24 02:00:00,0.09996093397948536,0.01836050917294152
2016-04-24 03:00:00,0.09519089803546595,0.017482046570653238
2016-04-24 04:00:00,0.09176114783263795,0.018754754148787404
2016-04-24 05:00:00,0.10603606920781175,0.020522923386661455
2016-04-24 06:00:00,0.1474746088606861,0.03717286490157442
2016-04-24 07:00:00,0.16740525909828466,0.05556097582916095
2016-04-24 08:00:00,0.2174622733541956,0.08752889664272441
2016-04-24 09:00:00,0.23188772237192856,0.13698055180080188
2016-04-24 10:00:00,0.2209450315252666,0.16720655202772344
2016-04-24 11:00:00,0.18909037111729254,0.17597854672877955
2016-04-24 12:00:00,0.21533170139371813,0.17658406186617454
2016-04-24 13:00:00,0.1760305362772369,0.175780737790974
2016-04-24 14:00:00,0.14970090384503942,0.1537355020985233
2016-04-24 15:00:00,0.15046217611265653,0.15307225666443378
2016-04-24 16:00:00,0.16732820747855826,0.20958279442401723
2016-04-24 17:00:00,0.19858294104949006,0.22342539295081165
2016-04-24 18:00:00,0.21367507007707448,0.1922617339630354
2016-04-24 19:00:00,0.23250902969981455,0.1806570720322707
2016-04-24 20:00:00,0.21804687047983315,0.14877849915597494
2016-04-24 21:00:00,0.19459158382591563,0.12004876312991393
2016-04-24 22:00:00,0.17190188854601307,0.09472896712693135
2016-04-24 23:00:00,0.16703351466156696,0.07006367859026011
2016-04-25 00:00:00,0.1323511351993509,0.05750240184348718
2016-04-25 01:00:00,0.10770367020166897,0.05821057111842363
2016-04-25 02:00:00,0.1088154297056097,0.0621039103024643
2016-04-25 03:00:00,0.10074538154844688,0.0630622081418932
2016-04-25 04:00:00,0.10295393247276309,0.07137263719147272
2016-04-25 05:00:00,0.13159236083101528,0.07890153990548601
2016-04-25 06:00:00,0.19813009527121,0.08090075309739878
2016-04-25 07:00:00,0.2573297904352109,0.0898395129993155
2016-04-25 08:00:00,0.2741357649802967,0.15035196917768434
2016-04-25 09:00:00,0.28439450215866946,0.2149240667513202
2016-04-25 10:00:00,0.2838386515559806,0.24129968289003506
2016-04-25 11:00:00,0.27048467703987,0.2922299313341973
2016-04-25 12:00:00,0.262555086955262,0.3180317747682867
2016-04-25 13:00:00,0.24199092366423275,0.30099243936192055
2016-04-25 14:00:00,0.28061332216330565,0.3146668217735673
2016-04-25 15:00:00,0.23306116765183144,0.340864851432965
2016-04-25 16:00:00,0.23813668526889195,0.33507504654674364
2016-04-25 17:00:00,0.22485708888212802,0.268366648724819
2016-04-25 18:00:00,0.23044041585535469,0.30028424692944455
2016-04-25 19:00:00,0.24462316265356993,0.4051377663534128
2016-04-25 20:00:00,0.21585227923620776,0.40835982408253463
2016-04-25 21:00:00,0.20273771779381083,0.36920696734153136
2016-04-25 22:00:00,0.17314686558298567,0.3454089184314493
2016-04-25 23:00:00,0.14152737841910065,0.3363943976501076
2016-04-26 00:00:00,0.12088232059863237,0.3425306813325347
2016-04-26 01:00:00,0.10407377799026425,0.3645128773517993
2016-04-26 02:00:00,0.10772380882012053,0.36297275552654995
2016-04-26 03:00:00,0.10494974895688455,0.3802439364876784
2016-04-26 04:00:00,0.10202263827074641,0.4171334076482984
2016-04-26 05:00:00,0.13949087869436716,0.4089534032219342
2016-04-26 06:00:00,0.20868791786914687,0.30159879226183256
2016-04-26 07:00:00,0.2291110295549375,0.20380894110175035
2016-04-26 08:00:00,0.2554208451263329,0.25599748107823195
2016-04-26 09:00:00,0.25583396585245705,0.29193618534109134
2016-04-26 10:00:00,0.26551144310674546,0.2901590299049483
2016-04-26 11:00:00,0.27411895287146515,0.32993339303823577
2016-04-26 12:00:00,0.28023926215519246,0.3693926540193134
2016-04-26 13:00:00,0.2894295240206305,0.381856983618668
2016-04-26 14:00:00,0.2932277938543114,0.36017978088446123
2016-04-26 15:00:00,0.24911126767501168,0.29806739440309016
2016-04-26 16:00:00,0.245037455102573,0.26459308063798165
2016-04-26 17:00:00,0.24440007451031537,0.2633043145667416
2016-04-26 18:00:00,0.2334784024107556,0.30018785344411303
2016-04-26 19:00:00,0.20387336496001388,0.38684364112292197
2016-04-26 20:00:00,0.23149584554647645,0.40615822439424015
2016-04-26 21:00:00,0.24066724659538705,0.3768069614490025
2016-04-26 22:00:00,0.20003874901483543,0.3428121062795325
2016-04-26 23:00:00,0.19088951398064435,0.27088832583854877
2016-04-27 00:00:00,0.11893037904207232,0.17438618600547623
2016-04-27 01:00:00,0.09802414428314787,0.14031325259588304
2016-04-27 02:00:00,0.10302657803082985,0.13632697478324857
2016-04-27 03:00:00,0.09954319738062116,0.12497756915665947
2016-04-27 04:00:00,0.10230181552793226,0.12808616710184823
2016-04-27 05:00:00,0.13536834198249884,0.13250771655290433
2016-04-27 06:00:00,0.19999703992814086,0.13013046233023667
2016-04-27 07:00:00,0.25323504263734353,0.11209001250655198
2016-04-27 08:00:00,0.23589603879809928,0.1312892927177294
2016-04-27 09:00:00,0.2535787138821281,0.1564678539220125
2016-04-27 10:00:00,0.28212831719401943,0.16948647389502253
2016-04-27 11:00:00,0.27036811094691704,0.16661622692787992
2016-04-27 12:00:00,0.2712329132765414,0.16547794329185406
2016-04-27 13:00:00,0.2607884512778165,0.17023018653559546
2016-04-27 14:00:00,0.2613202517385258,0.17091906353349298
2016-04-27 15:00:00,0.2293494182313398,0.1680283142686289
2016-04-27 16:00:00,0.23384717887981,0.1778758125682085
2016-04-27 17:00:00,0.24240373865611953,0.15538166821592017
2016-04-27 18:00:00,0.26099225089823835,0.1254607846729415
2016-04-27 19:00:00,0.22473619328059816,0.13433226206106982
2016-04-27 20:00:00,0.20262473131084838,0.12916080093893018
2016-04-27 21:00:00,0.1764642753245248,0.11581992628197732
2016-04-27 22:00:00,0.15775878191643483,0.11511571103662233
2016-04-27 23:00:00,0.13838227264429756,0.1132041327685312
2016-04-28 00:00:00,0.1160444157539406,0.11039476539370231
2016-04-28 01:00:00,0.0963933564991887,0.10226909221645802
2016-04-28 02:00:00,0.0962696938166435,0.10099076526491296
2016-04-28 03:00:00,0.09693466546418635,0.11087669917401721
2016-04-28 04:00:00,0.09902735606455722,0.1096583334047037
2016-04-28 05:00:00,0.1335801969459898,0.10733460818081358
2016-04-28 06:00:00,0.21152600178198866,0.10041546543252496
2016-04-28 07:00:00,0.24411845801460358,0.08505340737683352
2016-04-28 08:00:00,0.2499283782742235,0.14521556849364367
2016-04-28 09:00:00,0.27638155522716723,0.2374956850473792
2016-04-28 10:00:00,0.28774136154091323,0.29188497261304513
2016-04-28 11:00:00,0.2728075657887112,0.3232914927258947
2016-04-28 12:00:00,0.27280231813572087,0.33804048493262273
2016-04-28 13:00:00,0.2432020391602921,0.34457539369690005
2016-04-28 14:00:00,0.2334647350197032,0.3005501151728925
2016-04-28 15:00:00,0.21496140103442285,0.24256754851466852
2016-04-28 16:00:00,0.23028406316643485,0.2102549869869939
2016-04-28 17:00:00,0.22636105780598056,0.14195358172178757
2016-04-28 18:00:00,0.20692340087505803,0.07171749073508703
2016-04-28 19:00:00,0.20195942050591104,0.061504688212399766
2016-04-28 20:00:00,0.21883300557777008,0.06341138432050655
2016-04-28 21:00:00,0.2045160371899629,0.053602276839917855
2016-04-28 22:00:00,0.1625575318439963,0.054954515561901035
2016-04-28 23:00:00,0.13258346056444134,0.0676419010087522
2016-04-29 00:00:00,0.11519550866365319,0.08735500855696264
2016-04-29 01:00:00,0.10268968425475193,0.10046449086456091
2016-04-29 02:00:00,0.09865459911045435,0.08838842560810678
2016-04-29 03:00:00,0.09805491936138157,0.07313331533825543
2016-04-29 04:00:00,0.09882496073829394,0.09531900138793271
2016-04-29 05:00:00,0.13801620771036163,0.14414590463186971
2016-04-29 06:00:00,0.19800764706478904,0.1607977481539214
2016-04-29 07:00:00,0.25283836246812696,0.13947365811177392
2016-04-29 08:00:00,0.25301875363641635,0.18564273233522388
2016-04-29 09:00:00,0.2763995926634214,0.2394589168230979
2016-04-29 10:00:00,0.2657514359932776,0.26343669324525726
2016-04-29 11:00:00,0.2839219841649281,0.2591936763395266
2016-04-29 12:00:00,0.2784048656119611,0.24501450808263248
2016-04-29 13:00:00,0.2503356352573018,0.24787492495667898
2016-04-29 14:00:00,0.21329747009735753,0.2375608177343047
2016-04-29 15:00:00,0.2171690669477283,0.23541933446000385
2016-04-29 16:00:00,0.21154953245248034,0.254952602576325
2016-04-29 17:00:00,0.22114028937760782,0.21117937261847247
2016-04-29 18:00:00,0.20392399650846085,0.11688578763509683
2016-04-29 19:00:00,0.2003303032278627,0.043262650328280854
2016-04-29 20:00:00,0.20955376183646263,0.01851320844787796
2016-04-29 21:00:00,0.19513697774687078,0.027878169927977703
2016-04-29 22:00:00,0.15303987242118677,0.04406162330486015
2016-04-29 23:00:00,0.14724261679995376,0.07167021301769998
2016-04-30 00:00:00,0.13110533712911454,0.10389266226007235
2016-04-30 01:00:00,0.11515298359990732,0.13056563631899082
2016-04-30 02:00:00,0.10257861155540102,0.17528868669601994
2016-04-30 03:00:00,0.10222854523064442,0.20517760086705455
2016-04-30 04:00:00,0.10266576741423272,0.22391205894337962
2016-04-30 05:00:00,0.11480662523180346,0.2151363568827009
2016-04-30 06:00:00,0.15347830474907279,0.14424852904346763
2016-04-30 07:00:00,0.17682191723168753,0.11029111104195188
2016-04-30 08:00:00,0.18113457119262868,0.12056228079767262
2016-04-30 09:00:00,0.20308000454914232,0.1554008081228242
2016-04-30 10:00:00,0.2166456936572786,0.18404812827175823
2016-04-30 11:00:00,0.21307888551808052,0.22072896935385294
2016-04-30 12:00:00,0.21333369884388026,0.24628941621538225
2016-04-30 13:00:00,0.17945760946917014,0.2352823508533639
2016-04-30 14:00:00,0.18729314368915148,0.21967531956991992
2016-04-30 15:00:00,0.16449599717489566,0.21895674700669865
2016-04-30 16:00:00,0.19164242467837272,0.23851553686338745
2016-04-30 17:00:00,0.20044476318382004,0.2108340849861627
2016-04-30 18:00:00,0.21665128590055632,0.16485590104615686
2016-04-30 19:00:00,0.2177975990669912,0.18375533126593974
2016-04-30 20:00:00,0.199376206928025,0.2499776618857813
2016-04-30 21:00:00,0.1816160098516458,0.28256210410038135
2016-04-30 22:00:00,0.16945441830377836,0.26782438126413066
2016-04-30 23:00:00,0.15084221172345844,0.22901730716785645
2016-05-01 00:00:00,0.12566421554821508,0.2155201097954234
2016-05-01 01:00:00,0.10762113645978211,0.20838118706072756
2016-05-01 02:00:00,0.09391270227746873,0.2710005014923724
2016-05-01 03:00:00,0.0933055608918637,0.3499829713314101
2016-05-01 04:00:00,0.0922559606079045,0.3543441712459906
2016-05-01 05:00:00,0.11284846669274454,0.26680398602092703
2016-05-01 06:00:00,0.14706770817396853,0.15102297997653047
2016-05-01 07:00:00,0.17184404850486792,0.17223045438636803
2016-05-01 08:00:00,0.16431707865380157,0.23197873463226087
2016-05-01 09:00:00,0.2023995608628882,0.3212766288745355
2016-05-01 10:00:00,0.21520826482093192,0.36411078015665954
2016-05-01 11:00:00,0.21848420161103382,0.4401356297518578
2016-05-01 12:00:00,0.24656345148064435,0.5119319105576472
2016-05-01 13:00:00,0.18243504882359762,0.5139610167977703
2016-05-01 14:00:00,0.17228089499304594,0.46714034643296487
2016-05-01 15:00:00,0.17083057937818732,0.3689806694840603
2016-05-01 16:00:00,0.17258487121870653,0.2997420576296205
2016-05-01 17:00:00,0.2043333337824525,0.24626133621997845
2016-05-01 18:00:00,0.23416286921940194,0.19048531193179152
2016-05-01 19:00:00,0.21730800059399627,0.1766673531282515
2016-05-01 20:00:00,0.19230314839765872,0.19552385475796988
2016-05-01 21:00:00,0.1681467014661568,0.21304646445956382
2016-05-01 22:00:00,0.1474711352428141,0.2077399518975161
2016-05-01 23:00:00,0.15520870589939728,0.26820126995775473
2016-05-02 00:00:00,0.12329253875463611,0.369176964659202
2016-05-02 01:00:00,0.10257797610975895,0.3860505951984158
2016-05-02 02:00:00,0.09732329539000932,0.35800712758165454
2016-05-02 03:00:00,0.0968690717431618,0.3208897472293174
2016-05-02 04:00:00,0.09940007478558181,0.3339360681066888
2016-05-02 05:00:00,0.11844319257070002,0.2501282290496773
2016-05-02 06:00:00,0.21723208091388502,0.19683921424618622
2016-05-02 07:00:00,0.2530833328262632,0.24643681691814978
2016-05-02 08:00:00,0.2803194828175706,0.317535040838842
2016-05-02 09:00:00,0.2600210007533611,0.429537134037258
2016-05-02 10:00:00,0.2896462793376217,0.5143537262611968
2016-05-02 11:00:00,0.27174417701089476,0.576005369115783
2016-05-02 12:00:00,0.2605259083941816,0.5947514159402014
2016-05-02 13:00:00,0.27103107633576723,0.5979771189542347
2016-05-02 14:00:00,0.26299658029091333,0.546604572543859
2016-05-02 15:00:00,0.22559420805806682,0.4776758249039702
2016-05-02 16:00:00,0.22998859080899403,0.38856227059392723
2016-05-02 17:00:00,0.24262041810095042,0.3177992749417173
2016-05-02 18:00:00,0.23483496724327774,0.3087753700186779
2016-05-02 19:00:00,0.21640148242640245,0.3220352719276843
2016-05-02 20:00:00,0.20368863418521108,0.3021534595742225
2016-05-02 21:00:00,0.2018839511908901,0.2957491213297966
2016-05-02 22:00:00,0.1768400977775847,0.3102876335240074
2016-05-02 23:00:00,0.15995129299953637,0.31680166296489337
2016-05-03 00:00:00,0.11310687104485395,0.3439844545147174
2016-05-03 01:00:00,0.09764059811080202,0.3732513870226384
2016-05-03 02:00:00,0.10021605790739452,0.3504663394288578
2016-05-03 03:00:00,0.09680448396210012,0.3307449586802268
2016-05-03 04:00:00,0.10076960557197491,0.3631487395383825
2016-05-03 05:00:00,0.13428833108773758,0.32210197841800314
2016-05-03 06:00:00,0.22341310864337044,0.21541687011431643
2016-05-03 07:00:00,0.2648697570989799,0.25982199135507533
2016-05-03 08:00:00,0.257564369625058,0.30116524697995295
2016-05-03 09:00:00,0.30366829850486776,0.32522233140509493
2016-05-03 10:00:00,0.309978805545897,0.3450525453324371
2016-05-03 11:00:00,0.3118759117698191,0.3484714055640036
2016-05-03 12:00:00,0.2603036704769356,0.34485014897965965
2016-05-03 13:00:00,0.25153090913305526,0.3286824680528555
2016-05-03 14:00:00,0.23454341827480293,0.3017972492096127
2016-05-03 15:00:00,0.2340533365930691,0.25212526101422844
2016-05-03 16:00:00,0.2369435830146037,0.24416362231791514
2016-05-03 17:00:00,0.2433087614308066,0.22394341253246625
2016-05-03 18:00:00,0.22588275804068156,0.1861684006527968
2016-05-03 19:00:00,0.21939432782800186,0.16494476941991001
2016-05-03 20:00:00,0.21516551767501157,0.1548719921586153
2016-05-03 21:00:00,0.18958602086230886,0.1524247338646098
2016-05-03 22:00:00,0.15841182849443675,0.16678179162072165
2016-05-03 23:00:00,0.13862145708738985,0.17870016438431446
2016-05-04 00:00:00,0.1167517507678489,0.1862741782491199
2016-05-04 01:00:00,0.09457073739568841,0.1894048890065519
2016-05-04 02:00:00,0.09802384080899401,0.18644877970853704
2016-05-04 03:00:00,0.09621105298157162,0.1824417191926462
2016-05-04 04:00:00,0.09953122296592493,0.21137166815685504
2016-05-04 05:00:00,0.1290540408843301,0.20279023316849207
2016-05-04 06:00:00,0.2029751177126797,0.14357162981043414
2016-05-04 07:00:00,0.24622928798678725,0.17329605092269704
2016-05-04 08:00:00,0.23801871753303194,0.22269740021885376
2016-05-04 09:00:00,0.25737775617176634,0.29027602413182074
2016-05-04 10:00:00,0.2593608116307372,0.3149522648073537
2016-05-04 11:00:00,0.2689174653888503,0.3403364566729904
2016-05-04 12:00:00,0.2781136710564443,0.3611359778890083
2016-05-04 13:00:00,0.24170616450799726,0.3373820893881284
2016-05-04 14:00:00,0.21972557795839137,0.2868805585746138
2016-05-04 15:00:00,0.20362377412204455,0.22321096276721092
2016-05-04 16:00:00,0.2176808710593418,0.21095687373709174
2016-05-04 17:00:00,0.2572348598893138,0.22795225433962443
2016-05-04 18:00:00,0.229991163204103,0.2262903719239683
2016-05-04 19:00:00,0.19755728361149744,0.19828224587033053
2016-05-04 20:00:00,0.1998900797838433,0.17949660039306667
2016-05-04 21:00:00,0.18128894442512755,0.17565185032832975
2016-05-04 22:00:00,0.15123088266400092,0.18748188688939954
2016-05-04 23:00:00,0.17207229712853503,0.194043451350088
2016-05-05 00:00:00,0.13196803230760312,0.21086730374369247
2016-05-05 01:00:00,0.10432046344749646,0.2548813151115783
2016-05-05 02:00:00,0.10080776792130268,0.2999659196366614
2016-05-05 03:00:00,0.09581727865669906,0.3263693750485037
2016-05-05 04:00:00,0.09533706390530824,0.3120098527708781
2016-05-05 05:00:00,0.11264598054299954,0.279384116789116
2016-05-05 06:00:00,0.1711574862656467,0.3025580878405046
2016-05-05 07:00:00,0.17741524390067223,0.2962353766733816
2016-05-05 08:00:00,0.17324116912957807,0.3335306611732349
2016-05-05 09:00:00,0.26157835363062115,0.3803724790148152
2016-05-05 10:00:00,0.22255468925301347,0.3596624744572169
2016-05-05 11:00:00,0.22395495069830784,0.33652306606556814
2016-05-05 12:00:00,0.24479460875927198,0.3430843384260708
2016-05-05 13:00:00,0.20035258833159483,0.3608282837646196
2016-05-05 14:00:00,0.16858385657162722,0.3502577276789068
2016-05-05 15:00:00,0.15327209428604538,0.3110653028880793
2016-05-05 16:00:00,0.17949166139313866,0.27972134354786815
2016-05-05 17:00:00,0.20661696147716743,0.24144497326149034
2016-05-05 18:00:00,0.23160642880737148,0.1797388170729024
2016-05-05 19:00:00,0.21250389703581357,0.15489954666467826
2016-05-05 20:00:00,0.19210085448539643,0.15746841800552513
2016-05-05 21:00:00,0.1719137608947613,0.15944973845482102
2016-05-05 22:00:00,0.15727319962621694,0.15670693970482102
2016-05-05 23:00:00,0.14350372244436715,0.15594132230471347
2016-05-06 00:00:00,0.11822370226298101,0.12958062645731466
2016-05-06 01:00:00,0.09714931591910063,0.09951345837913163
2016-05-06 02:00:00,0.09839588661914697,0.07377942126188147
2016-05-06 03:00:00,0.09777829189847007,0.0515007819494426
2016-05-06 04:00:00,0.09928934056270279,0.04189481999481713
2016-05-06 05:00:00,0.1298030241655076,0.04196736164345785
2016-05-06 06:00:00,0.20784558197148817,0.06234219113358107
2016-05-06 07:00:00,0.23485635802039873,0.08141453062184625
2016-05-06 08:00:00,0.27441319265762637,0.11864351100146692
2016-05-06 09:00:00,0.2628172188369263,0.15659132801701536
2016-05-06 10:00:00,0.2811408235831015,0.16202797505647354
2016-05-06 11:00:00,0.2944580847531294,0.16491540186221398
2016-05-06 12:00:00,0.25031122260373206,0.1576571838147369
2016-05-06 13:00:00,0.2602837486526425,0.13785475262072155
2016-05-06 14:00:00,0.25854241898470104,0.10557391707828082
2016-05-06 15:00:00,0.2642494663305518,0.06396872935219047
2016-05-06 16:00:00,0.23124103337969393,0.05303951336148051
2016-05-06 17:00:00,0.24120846802561427,0.03617886775997457
2016-05-06 18:00:00,0.22617481041376908,0.04318368577312732
2016-05-06 19:00:00,0.23271415280192398,0.0704914928647565
2016-05-06 20:00:00,0.20508207593011124,0.07571346927087816
2016-05-06 21:00:00,0.20336315962563745,0.09331357278285742
2016-05-06 22:00:00,0.17305815097647198,0.08750951186519657
2016-05-06 23:00:00,0.16139930414058884,0.08237305343228045
2016-05-07 00:00:00,0.14284149484237366,0.0887072584317915
2016-05-07 01:00:00,0.12080742108541957,0.08886889186969489
2016-05-07 02:00:00,0.10284359261995829,0.08581483201701545
2016-05-07 03:00:00,0.10268058685384795,0.09010884608155681
2016-05-07 04:00:00,0.10013729240554009,0.08722963593633873
2016-05-07 05:00:00,0.12040760810732495,0.0742545879816644
2016-05-07 06:00:00,0.17574091668115432,0.07767954180916292
2016-05-07 07:00:00,0.1846061676228558,0.06960529621347544
2016-05-07 08:00:00,0.20219508827364394,0.07603425006762175
2016-05-07 09:00:00,0.2183185031293463,0.08443661201916686
2016-05-07 10:00:00,0.23143756974385715,0.09817375214262666
2016-05-07 11:00:00,0.22838890115032456,0.12367706256160768
2016-05-07 12:00:00,0.23488067276599434,0.13164902731307448
2016-05-07 13:00:00,0.2005129587245017,0.11676144114565812
2016-05-07 14:00:00,0.20045171796766348,0.11287289639996087
2016-05-07 15:00:00,0.17945092123029666,0.10097845515265014
2016-05-07 16:00:00,0.19419073010836813,0.07678768940494815
2016-05-07 17:00:00,0.22250158223226707,0.05783934592973791
2016-05-07 18:00:00,0.22085157433646266,0.037043870010463525
2016-05-07 19:00:00,0.23576931087737607,0.036384555042440835
2016-05-07 20:00:00,0.21881964381954114,0.027234538656317232
2016-05-07 21:00:00,0.200749346488178,0.022826810298748286
2016-05-07 22:00:00,0.17862473116597133,0.02145785807050655
2016-05-07 23:00:00,0.17128676082232255,0.027562681608253474
2016-05-08 00:00:00,0.14415261897311085,0.03883214612042832
2016-05-08 01:00:00,0.12921980399571165,0.04363335193800117
2016-05-08 02:00:00,0.10739547793521098,0.04502745390304126
2016-05-08 03:00:00,0.1054910649629115,0.04091583280045961
2016-05-08 04:00:00,0.10153805350312936,0.04301588176505964
2016-05-08 05:00:00,0.12494541537726006,0.055499403659690985
2016-05-08 06:00:00,0.1674372532307603,0.08341412068897902
2016-05-08 07:00:00,0.1847277451176402,0.11571655808708199
2016-05-08 08:00:00,0.21247680514024106,0.16755454712913168
2016-05-08 09:00:00,0.23499377755563283,0.22741048605916278
2016-05-08 10:00:00,0.22880610571685217,0.24515691628359082
2016-05-08 11:00:00,0.24067022745711636,0.24369283846518675
2016-05-08 12:00:00,0.24873157437992593,0.22644332315597493
2016-05-08 13:00:00,0.20367182174316173,0.20615039404200075
2016-05-08 14:00:00,0.18127705458970797,0.16408025279816155
2016-05-08 15:00:00,0.17685520405945754,0.10955000739135536
2016-05-08 16:00:00,0.1923281058762169,0.0794465950991101
2016-05-08 17:00:00,0.21476607430748718,0.04840581909446508
2016-05-08 18:00:00,0.21326756744031056,0.022584283482104436
2016-05-08 19:00:00,0.21776541162494198,0.030161093237287304
2016-05-08 20:00:00,0.22176040824930454,0.03343262541389595
2016-05-08 21:00:00,0.2055189048881549,0.03647548679674359
2016-05-08 22:00:00,0.17229538350428847,0.04172653143252494
2016-05-08 23:00:00,0.14359277352804822,0.04933730889820066
2016-05-09 00:00:00,0.12045278716098747,0.061827389316106
2016-05-09 01:00:00,0.10341556393428374,0.0822420997520047
2016-05-09 02:00:00,0.1095370106484701,0.0888020157596323
2016-05-09 03:00:00,0.1046531817338897,0.09069132475322705
2016-05-09 04:00:00,0.1025040167622856,0.0860040942918052
2016-05-09 05:00:00,0.12866742777874368,0.10275591559876789
2016-05-09 06:00:00,0.21452036548157166,0.11539913397144533
2016-05-09 07:00:00,0.25153283927329617,0.09516657299589285
2016-05-09 08:00:00,0.27309008304357896,0.1274874923978584
2016-05-09 09:00:00,0.2879717445381317,0.14727789502234503
2016-05-09 10:00:00,0.3117494758779556,0.11991881374550165
2016-05-09 11:00:00,0.2795737726877608,0.12386930416189135
2016-05-09 12:00:00,0.25733092731513674,0.14957342475215127
2016-05-09 13:00:00,0.2585346126854428,0.1333425784907099
2016-05-09 14:00:00,0.2638405668318265,0.11824134846000392
2016-05-09 15:00:00,0.2573971445729022,0.10876567804292983
2016-05-09 16:00:00,0.22409947737019012,0.08637956514981422
2016-05-09 17:00:00,0.2638789604050766,0.07122777375640527
2016-05-09 18:00:00,0.23126267805401035,0.08290705714971641
2016-05-09 19:00:00,0.22493177394819197,0.11828488288490122
2016-05-09 20:00:00,0.24706637266747802,0.11081228575826324
2016-05-09 21:00:00,0.22127314744146964,0.08854099490661058
2016-05-09 22:00:00,0.18165096775034784,0.09004309249481712
2016-05-09 23:00:00,0.1455082286740843,0.10497950229028945
2016-05-10 00:00:00,0.12164915285987479,0.10588901311309407
2016-05-10 01:00:00,0.10947631554242007,0.10379812710409737
2016-05-10 02:00:00,0.10847027901889197,0.10128546052410523
2016-05-10 03:00:00,0.10444982669796009,0.10153279759182475
2016-05-10 04:00:00,0.10548829773701904,0.1233116897664776
2016-05-10 05:00:00,0.14065308026193787,0.16309351159441618
2016-05-10 06:00:00,0.24027174688514139,0.1645089146681009
2016-05-10 07:00:00,0.24286044480180813,0.12663681581566597
2016-05-10 08:00:00,0.27103206875869273,0.18190185286690788
2016-05-10 09:00:00,0.2782235878390124,0.24962275639536471
2016-05-10 10:00:00,0.26685894058588316,0.2528378666747507
2016-05-10 11:00:00,0.29199524292999557,0.23301709014443567
2016-05-10 12:00:00,0.26327880926923974,0.2108244460616077
2016-05-10 13:00:00,0.2520696683617292,0.21601344755588697
2016-05-10 14:00:00,0.2586143959347472,0.24297955749975558
2016-05-10 15:00:00,0.21841388822728333,0.27410283360820453
2016-05-10 16:00:00,0.2178742812644878,0.306707438283493
2016-05-10 17:00:00,0.24910420752202134,0.3184403382365538
2016-05-10 18:00:00,0.24198750657742232,0.3077321770035204
2016-05-10 19:00:00,0.22825636604659247,0.34668973571137296
2016-05-10 20:00:00,0.25261008914290684,0.40110108484744766
2016-05-10 21:00:00,0.22425419481629563,0.4277357115287991
2016-05-10 22:00:00,0.1979433308993973,0.4162920458776648
2016-05-10 23:00:00,0.14948182845097358,0.3451616242563563
2016-05-11 00:00:00,0.12828233937471026,0.26290324370814583
2016-05-11 01:00:00,0.10889692349038019,0.23340394666306474
2016-05-11 02:00:00,0.10852779662146497,0.20779739840455702
2016-05-11 03:00:00,0.10730500479543349,0.23212758655603363
2016-05-11 04:00:00,0.1032878732324989,0.2641585139940348
2016-05-11 05:00:00,0.13442894206363007,0.23108320734109133
2016-05-11 06:00:00,0.22307345643544277,0.17248198045648339
2016-05-11 07:00:00,0.2581142674866713,0.1399588987698025
2016-05-11 08:00:00,0.26797785689035697,0.18386014455393107
2016-05-11 09:00:00,0.2707334255910987,0.23617857059153138
2016-05-11 10:00:00,0.2746574312847703,0.28477893453383524
2016-05-11 11:00:00,0.28904332424953644,0.2883622909857716
2016-05-11 12:00:00,0.2714404152034075,0.2632422303776648
2016-05-11 13:00:00,0.2900593169767036,0.2772613762919519
2016-05-11 14:00:00,0.2718541475573714,0.29580536754728143
2016-05-11 15:00:00,0.26527528222067687,0.27953725661749457
2016-05-11 16:00:00,0.24654428530656,0.24938475292983575
2016-05-11 17:00:00,0.2680559551460362,0.24722720094406417
2016-05-11 18:00:00,0.28122075937355107,0.30465173315543714
2016-05-11 19:00:00,0.24774658452132603,0.33237550676012123
2016-05-11 20:00:00,0.25229728645108934,0.258453760583806
2016-05-11 21:00:00,0.23610198827943907,0.17575791848870526
2016-05-11 22:00:00,0.20250218570352346,0.1504099301856542
2016-05-11 23:00:00,0.15649878800127498,0.13772363937130844
2016-05-12 00:00:00,0.1238114770369727,0.14862599663455897
2016-05-12 01:00:00,0.10628160603558182,0.19509642892533735
2016-05-12 02:00:00,0.11072045776831244,0.23833032739052412
2016-05-12 03:00:00,0.10275967531583219,0.2585662658683258
2016-05-12 04:00:00,0.10731090015067225,0.28654568080525133
2016-05-12 05:00:00,0.14457790948076032,0.2552135214093487
2016-05-12 06:00:00,0.2361914287639082,0.16742214341697634
2016-05-12 07:00:00,0.26228803650904037,0.18576136416062
2016-05-12 08:00:00,0.28123860322496524,0.2548398771762663
2016-05-12 09:00:00,0.28485579539000916,0.3161690936650693
2016-05-12 10:00:00,0.28537662573887357,0.3322016527244278
2016-05-12 11:00:00,0.29691032678488655,0.34972217123049065
2016-05-12 12:00:00,0.2762951044419333,0.3536013473782026
2016-05-12 13:00:00,0.26236770474038007,0.3407210923327303
2016-05-12 14:00:00,0.2724246387053778,0.3172418901708879
2016-05-12 15:00:00,0.24714519475834504,0.255879419111774
2016-05-12 16:00:00,0.2776630161682892,0.1960341099043614
2016-05-12 17:00:00,0.26778596099907276,0.136066317615001
2016-05-12 18:00:00,0.2828844173186138,0.10072513767572852
2016-05-12 19:00:00,0.22843892756142792,0.08992872474291023
2016-05-12 20:00:00,0.21505693437065365,0.07343218060033248
2016-05-12 21:00:00,0.22211312447844234,0.07498624853046157
2016-05-12 22:00:00,0.19126609650266563,0.07810006961001369
2016-05-12 23:00:00,0.14785210260199352,0.08500626384456288
2016-05-13 00:00:00,0.13271262429010203,0.09138637631698611
2016-05-13 01:00:00,0.11211379197090868,0.08575960692455506
2016-05-13 02:00:00,0.11187643750000001,0.07862959131859965
2016-05-13 03:00:00,0.1049065046940195,0.0985742918986896
2016-05-13 04:00:00,0.10420463654670839,0.13272406352053587
2016-05-13 05:00:00,0.13203449261126562,0.1313832204831801
2016-05-13 06:00:00,0.19290130542999534,0.0989429117240368
2016-05-13 07:00:00,0.23146163856050064,0.10212380357109331
2016-05-13 08:00:00,0.27438647169100605,0.17010003195995496
2016-05-13 09:00:00,0.28140286533669456,0.24393595521440442
2016-05-13 10:00:00,0.2612547206334029,0.26915568190876193
2016-05-13 11:00:00,0.2692801987859296,0.27233728326911794
2016-05-13 12:00:00,0.25323388515588785,0.260915470725308
2016-05-13 13:00:00,0.25186451638560503,0.22816585319362404
2016-05-13 14:00:00,0.22085161820526192,0.18010970054835715
2016-05-13 15:00:00,0.1915400159944367,0.1146481541789067
2016-05-13 16:00:00,0.20801637589823818,0.08404792618330728
2016-05-13 17:00:00,0.2774686589736903,0.04476475980016624
2016-05-13 18:00:00,0.25241577730934167,0.008173147913504791
2016-05-13 19:00:00,0.25400797503766814,0.013041147576520633
2016-05-13 20:00:00,0.21498468167593868,0.014718614698366906
2016-05-13 21:00:00,0.21792586143949938,0.012121516085077253
2016-05-13 22:00:00,0.1855584288942977,0.010352637195628789
2016-05-13 23:00:00,0.154784650063746,0.013618326132407587
2016-05-14 00:00:00,0.13271167682255447,0.01304102415318795
2016-05-14 01:00:00,0.11907150938803887,0.0125032976906415
2016-05-14 02:00:00,0.1013283529496986,0.015062285756943086
2016-05-14 03:00:00,0.1002608614974502,0.016843625350528066
2016-05-14 04:00:00,0.09998582778453872,0.01911022259999022
2016-05-14 05:00:00,0.11610558825915619,0.03011101524696851
2016-05-14 06:00:00,0.17276347076379223,0.05748961659309601
2016-05-14 07:00:00,0.18298112108831704,0.09524337139194211
2016-05-14 08:00:00,0.1966867712534771,0.16495540273151768
2016-05-14 09:00:00,0.24218685810732504,0.23961345243316054
2016-05-14 10:00:00,0.24824364074814548,0.26088200383317034
2016-05-14 11:00:00,0.24139076605238757,0.26014005568056914
2016-05-14 12:00:00,0.2838009045694251,0.2401821886048797
2016-05-14 13:00:00,0.23342960276135835,0.2107770194936436
2016-05-14 14:00:00,0.23051563838664813,0.15871604228559558
2016-05-14 15:00:00,0.21547082012053778,0.09193222239052411
2016-05-14 16:00:00,0.21687850030424202,0.06927772079048503
2016-05-14 17:00:00,0.24167166304473797,0.041583741285106605
2016-05-14 18:00:00,0.23672067165044056,0.015676027254938392
2016-05-14 19:00:00,0.26925121696801124,0.017317255337962058
2016-05-14 20:00:00,0.23256974440774203,0.013950377925337376
2016-05-14 21:00:00,0.22905276673331018,0.013547697173332679
2016-05-14 22:00:00,0.20848936506142796,0.013756661708585957
2016-05-14 23:00:00,0.1781092213288132,0.015866140918149814
2016-05-15 00:00:00,0.1496180273383171,0.014602702925924114
2016-05-15 01:00:00,0.1171561085274687,0.011506913421230197
2016-05-15 02:00:00,0.10197806376043118,0.012391662674848423
2016-05-15 03:00:00,0.09330688601066292,0.012174708155437121
2016-05-15 04:00:00,0.08990864465982847,0.01189164575836104
2016-05-15 05:00:00,0.1029214001506722,0.029897409528994737
2016-05-15 06:00:00,0.16061146909770518,0.06948981828236851
2016-05-15 07:00:00,0.184400278149629,0.07985873372565033
2016-05-15 08:00:00,0.18785518707985627,0.08671692867827108
2016-05-15 09:00:00,0.2303792443787668,0.10208663043081362
2016-05-15 10:00:00,0.21980560774513214,0.12057426443658321
2016-05-15 11:00:00,0.20553122347299496,0.12309243401090364
2016-05-15 12:00:00,0.23006018721024568,0.13733493987267748
2016-05-15 13:00:00,0.20900778923273075,0.14397864797408572
2016-05-15 14:00:00,0.1853882123754057,0.12193202422931743
2016-05-15 15:00:00,0.18079592861903102,0.11782159988612365
2016-05-15 16:00:00,0.20179173151367638,0.10968973287844708
2016-05-15 17:00:00,0.20667065520688463,0.05549835959099354
2016-05-15 18:00:00,0.22929147965924881,0.027717219485282614
2016-05-15 19:00:00,0.21805775793926757,0.06060274907847644
2016-05-15 20:00:00,0.226971251724038,0.13061431080422453
2016-05-15 21:00:00,0.20975611349675477,0.18444574150146684
2016-05-15 22:00:00,0.16472296882243853,0.22017893713362996
2016-05-15 23:00:00,0.1473964673157163,0.21457672692323487
2016-05-16 00:00:00,0.1317030047229949,0.1755024998999609
2016-05-16 01:00:00,0.10559884030192394,0.1726179781895658
2016-05-16 02:00:00,0.09527515120827539,0.17175705174349698
2016-05-16 03:00:00,0.08983937883924437,0.1551179586710835
2016-05-16 04:00:00,0.09175841285639777,0.10157580171714256
2016-05-16 05:00:00,0.10489618684805288,0.08523236022926854
2016-05-16 06:00:00,0.14221588363467774,0.13057331248890083
2016-05-16 07:00:00,0.18663002131142786,0.17199741629830828
2016-05-16 08:00:00,0.17787595460999067,0.24736150894983377
2016-05-16 09:00:00,0.17690380374942044,0.3183993906584687
2016-05-16 10:00:00,0.199984114597821,0.32909267917964014
2016-05-16 11:00:00,0.20000238065020856,0.3342307850194114
2016-05-16 12:00:00,0.24336125695410285,0.30719309907207115
2016-05-16 13:00:00,0.20652228219170143,0.26266209680187763
2016-05-16 14:00:00,0.1630623245392907,0.26942289479659676
2016-05-16 15:00:00,0.1575212977515067,0.2441618533665168
2016-05-16 16:00:00,0.19311224853674086,0.16749078935184822
2016-05-16 17:00:00,0.2257479918289291,0.08469626618883241
2016-05-16 18:00:00,0.23105750457811783,0.03317349605671817
2016-05-16 19:00:00,0.19825217877839604,0.02159142238778604
2016-05-16 20:00:00,0.19376324122044505,0.016916581054811267
2016-05-16 21:00:00,0.15776241282742232,0.016740036239340894
2016-05-16 22:00:00,0.15324514515241067,0.015576928106982203
2016-05-16 23:00:00,0.13211209038885027,0.014235584408273027
2016-05-17 00:00:00,0.11630581971488178,0.015513755415411695
2016-05-17 01:00:00,0.09573583250753359,0.017913544460639544
2016-05-17 02:00:00,0.09357049462505798,0.02317739152459417
2016-05-17 03:00:00,0.09123378592953174,0.03565099092973792
2016-05-17 04:00:00,0.09092606452828002,0.053680620416927435
2016-05-17 05:00:00,0.11726838854601296,0.07754422334837668
2016-05-17 06:00:00,0.21101009459028752,0.09707626210448857
2016-05-17 07:00:00,0.2405643334202597,0.12838596936475646
2016-05-17 08:00:00,0.24325864513792314,0.2334055075344709
2016-05-17 09:00:00,0.27126208740438107,0.3544259090575981
2016-05-17 10:00:00,0.2591434032800185,0.3831195057790926
2016-05-17 11:00:00,0.25888095629056557,0.40829520578950707
2016-05-17 12:00:00,0.26496975485338436,0.37831048211822804
2016-05-17 13:00:00,0.27453549647948533,0.3606561285202912
2016-05-17 14:00:00,0.2616060148209318,0.30600648161588107
2016-05-17 15:00:00,0.2183127787291377,0.16839894469724231
2016-05-17 16:00:00,0.23480726512517386,0.12952718891174453
2016-05-17 17:00:00,0.24054308853442274,0.10330516378574223
2016-05-17 18:00:00,0.2172996012836115,0.08495468167035009
2016-05-17 19:00:00,0.21407143503708845,0.07740613965543713
2016-05-17 20:00:00,0.21317293951379232,0.0757773839707119
2016-05-17 21:00:00,0.1934914850197033,0.09070770364780949
2016-05-17 22:00:00,0.16723036336636526,0.11751589179894387
2016-05-17 23:00:00,0.12447986533669445,0.12595674367655973
2016-05-18 00:00:00,0.11164415555458973,0.12391809651877565
2016-05-18 01:00:00,0.10060588824177095,0.12668582657612948
2016-05-18 02:00:00,0.09905641421824295,0.12300625110942695
2016-05-18 03:00:00,0.09549625757707461,0.11717232786485429
2016-05-18 04:00:00,0.09398364600718587,0.10813914897486798
2016-05-18 05:00:00,0.11996025360744085,0.1340552260719734
2016-05-18 06:00:00,0.22010356735338432,0.20015939077342068
2016-05-18 07:00:00,0.23929633352167365,0.22687068180378442
2016-05-18 08:00:00,0.255405168839824,0.2975223437419812
2016-05-18 09:00:00,0.26963869439615207,0.3700875769559945
2016-05-18 10:00:00,0.2592265459550302,0.3770882930011247
2016-05-18 11:00:00,0.2646979214331248,0.407891943359378
2016-05-18 12:00:00,0.26706062166782574,0.39559143305515343
2016-05-18 13:00:00,0.27527559488004183,0.3692377439024545
2016-05-18 14:00:00,0.2606824963056327,0.30779200699227455
2016-05-18 15:00:00,0.230588762068266,0.22250692579356546
2016-05-18 16:00:00,0.22318961655366246,0.218024976906415
2016-05-18 17:00:00,0.25467020236439497,0.2095061371226774
2016-05-18 18:00:00,0.2473568162233427,0.17979751507006647
2016-05-18 19:00:00,0.22281126128592946,0.18396411299569723
2016-05-18 20:00:00,0.19529331804879463,0.18457108091482496
2016-05-18 21:00:00,0.17887405001159015,0.17677572763548796
2016-05-18 22:00:00,0.16791730945757993,0.18867847442538624
2016-05-18 23:00:00,0.14288913356223923,0.20990158793893016
2016-05-19 00:00:00,0.11368274711694487,0.23883862274119888
2016-05-19 01:00:00,0.09620509235917943,0.23234911051750443
2016-05-19 02:00:00,0.09664118915159943,0.1776093482073147
2016-05-19 03:00:00,0.09042038560500697,0.13651348132696067
2016-05-19 04:00:00,0.09129950152121,0.12985556381742616
2016-05-19 05:00:00,0.12407309666203063,0.15516686929126733
2016-05-19 06:00:00,0.21871825537494222,0.17520867630686485
2016-05-19 07:00:00,0.24700281599153912,0.2323194246844319
2016-05-19 08:00:00,0.2629140611671303,0.35900966278642676
2016-05-19 09:00:00,0.2696017545346546,0.48039238970751014
2016-05-19 10:00:00,0.2621344814702131,0.5645898681076177
2016-05-19 11:00:00,0.2775360432168521,0.6181754097757675
2016-05-19 12:00:00,0.2647292139400787,0.6136680015076272
2016-05-19 13:00:00,0.24855900954740384,0.5681618120089478
2016-05-19 14:00:00,0.2398400596314324,0.5275304474528651
2016-05-19 15:00:00,0.22242327144181737,0.43915418311720106
2016-05-19 16:00:00,0.25703387686891505,0.3873397956657539
2016-05-19 17:00:00,0.25959014538421415,0.3147494060884509
2016-05-19 18:00:00,0.29739461614800655,0.2773607900971054
2016-05-19 19:00:00,0.2265110043173389,0.2833740073867593
2016-05-19 20:00:00,0.2117183486323598,0.30998765024706626
2016-05-19 21:00:00,0.23166385987482635,0.3215491205322218
2016-05-19 22:00:00,0.19776251480644402,0.3007401882910229
2016-05-19 23:00:00,0.15279246449061196,0.28449276684558966
2016-05-20 00:00:00,0.12528629368045896,0.2568597030717289
2016-05-20 01:00:00,0.09760010225428836,0.26453160691252686
2016-05-20 02:00:00,0.09291267537378305,0.2992135306656072
2016-05-20 03:00:00,0.08976542576495133,0.3597885451333366
2016-05-20 04:00:00,0.09002675088375062,0.36597702893169365
2016-05-20 05:00:00,0.12453829715751044,0.36677948704292973
2016-05-20 06:00:00,0.1882161324756607,0.37931710510644434
2016-05-20 07:00:00,0.23901593652932324,0.3837617363659789
2016-05-20 08:00:00,0.2556962563601066,0.40843769790441037
2016-05-20 09:00:00,0.30323465332348165,0.4843537039309601
2016-05-20 10:00:00,0.2927916953088782,0.5423570595684527
2016-05-20 11:00:00,0.29650090662668066,0.5614614285392142
2016-05-20 12:00:00,0.27993159231571607,0.5424040793518973
2016-05-20 13:00:00,0.2629070075915623,0.4888261915641503
2016-05-20 14:00:00,0.23479794525092723,0.408303759685312
2016-05-20 15:00:00,0.19869666227688915,0.325290878662478
2016-05-20 16:00:00,0.21539124936254045,0.26400798143404075
2016-05-20 17:00:00,0.2542147438861845,0.1943043998260317
2016-05-20 18:00:00,0.22903100281061642,0.15109337497677489
2016-05-20 19:00:00,0.22254182587216045,0.13769420656468806
2016-05-20 20:00:00,0.21249907340924906,0.11958624703373753
2016-05-20 21:00:00,0.20395165907510432,0.0923500950543223
2016-05-20 22:00:00,0.18749333182661104,0.08678864785561313
2016-05-20 23:00:00,0.16094059206942515,0.0853652406672697
2016-05-21 00:00:00,0.14604447586346783,0.08996721657652063
2016-05-21 01:00:00,0.11938313661914701,0.10719788457559162
2016-05-21 02:00:00,0.10546485552851181,0.11517823797550361
2016-05-21 03:00:00,0.096798671722879,0.13002941224628398
2016-05-21 04:00:00,0.0963668464012517,0.1519633608895951
2016-05-21 05:00:00,0.11914091921650435,0.14108289108761976
2016-05-21 06:00:00,0.15979170168347243,0.141775656719245
2016-05-21 07:00:00,0.22732968674663892,0.1602990821978291
2016-05-21 08:00:00,0.19088301702306454,0.21118866399711528
2016-05-21 09:00:00,0.20677119968416788,0.27608998957319575
2016-05-21 10:00:00,0.2031105450857673,0.305399517297037
2016-05-21 11:00:00,0.29617497679068155,0.3043781732516624
2016-05-21 12:00:00,0.2460826483397079,0.2793719552524447
2016-05-21 13:00:00,0.2075988265675707,0.25537016018355174
2016-05-21 14:00:00,0.20807176802271674,0.20879925874515942
2016-05-21 15:00:00,0.21213106533959197,0.12809921816560732
2016-05-21 16:00:00,0.26535507533611497,0.10374959318883238
2016-05-21 17:00:00,0.2336314861352573,0.07018486277029143
2016-05-21 18:00:00,0.23640910478963834,0.02817634173288676
2016-05-21 19:00:00,0.2077293492843069,0.023690996825102676
2016-05-21 20:00:00,0.20912205874768203,0.023069713533150793
2016-05-21 21:00:00,0.22037862811485862,0.02730068460864463
2016-05-21 22:00:00,0.1818689527990265,0.038902138716800316
2016-05-21 23:00:00,0.15803332327885955,0.04976383553437316
2016-05-22 00:00:00,0.14360148827943903,0.05013872741966556
2016-05-22 01:00:00,0.1211550575452017,0.052247507231077635
2016-05-22 02:00:00,0.10912543164696338,0.06791875153980051
2016-05-22 03:00:00,0.09974667989395,0.08410650895262076
2016-05-22 04:00:00,0.09780468495016231,0.09662568218022687
2016-05-22 05:00:00,0.11632241934689388,0.09235247616624291
2016-05-22 06:00:00,0.13973919031061668,0.0871146272976237
2016-05-22 07:00:00,0.1689565601385025,0.10562139705349112
2016-05-22 08:00:00,0.18285550838838666,0.15020255659299825
2016-05-22 09:00:00,0.2091486468474732,0.22612883748582052
2016-05-22 10:00:00,0.2076215139082059,0.2591771342340603
2016-05-22 11:00:00,0.2024098724356745,0.3001718812918541
2016-05-22 12:00:00,0.23579118868799265,0.31993016989257783
2016-05-22 13:00:00,0.19347842380910993,0.28368125108683745
2016-05-22 14:00:00,0.17981008230470566,0.22303374624520833
2016-05-22 15:00:00,0.18864903794332408,0.14083463458937998
2016-05-22 16:00:00,0.18585776166261012,0.09645804033092117
2016-05-22 17:00:00,0.19740638663363483,0.047966782396147066
2016-05-22 18:00:00,0.2023691005737135,0.008377311314834735
2016-05-22 19:00:00,0.1831513897050301,0.008578539255916291
2016-05-22 20:00:00,0.18214980728442276,0.012005218351505965
2016-05-22 21:00:00,0.16874339984643028,0.015742440514326227
2016-05-22 22:00:00,0.16124374530598057,0.013225984790778408
2016-05-22 23:00:00,0.13073565523585998,0.010555971904801488
2016-05-23 00:00:00,0.11686434753129345,0.010669254643555642
2016-05-23 01:00:00,0.1065864490177329,0.011436286484744767
2016-05-23 02:00:00,0.10847142586636538,0.014141477840602386
2016-05-23 03:00:00,0.10130247679068152,0.013092436273469586
2016-05-23 04:00:00,0.1054901816469634,0.011075744661548993
2016-05-23 05:00:00,0.12906664109585073,0.02135235767538627
2016-05-23 06:00:00,0.20860703238004175,0.04286686700410719
2016-05-23 07:00:00,0.24673728840693096,0.05336505113172305
2016-05-23 08:00:00,0.23577814594923507,0.09281890003628009
2016-05-23 09:00:00,0.2543207885662959,0.15304107565025424
2016-05-23 10:00:00,0.2535352294853964,0.18079202760414623
2016-05-23 11:00:00,0.23195341531930916,0.20149614580329553
2016-05-23 12:00:00,0.24451230797983325,0.213730277576765
2016-05-23 13:00:00,0.2363912445526194,0.2024265921245356
2016-05-23 14:00:00,0.20874951992060736,0.177711891548455
2016-05-23 15:00:00,0.2018564265183125,0.13922760834505182
2016-05-23 16:00:00,0.20240306699119148,0.09793180114375118
2016-05-23 17:00:00,0.22585503049663874,0.049355847738900824
2016-05-23 18:00:00,0.22272878897195178,0.01837642147936632
2016-05-23 19:00:00,0.1886807235309457,0.013077400583512613
2016-05-23 20:00:00,0.2010515611671302,0.012623608121357323
2016-05-23 21:00:00,0.177943629665044,0.012456188937316644
2016-05-23 22:00:00,0.16580065752491896,0.011979205621455113
2016-05-23 23:00:00,0.13526076166261009,0.010552163501173478
2016-05-24 00:00:00,0.11593723739568843,0.010927459422599255
2016-05-24 01:00:00,0.10493955470560963,0.009814083347252103
2016-05-24 02:00:00,0.1084485170665276,0.010516029545472325
2016-05-24 03:00:00,0.09927693571801118,0.010502978800410718
2016-05-24 04:00:00,0.10240715039696341,0.011116680042734205
2016-05-24 05:00:00,0.14229171677967087,0.01970905517675533
2016-05-24 06:00:00,0.21104923058646272,0.04739568344993157
2016-05-24 07:00:00,0.2690663899078581,0.08555593958429494
2016-05-24 08:00:00,0.25720355640067216,0.1478043184061706
2016-05-24 09:00:00,0.2683477024802967,0.2158642995679152
2016-05-24 10:00:00,0.26265707395978205,0.25847437917460403
2016-05-24 11:00:00,0.26631734503940657,0.2798787004378545
2016-05-24 12:00:00,0.25793786903106164,0.28006723421562674
2016-05-24 13:00:00,0.25717384176518304,0.26591131992362593
2016-05-24 14:00:00,0.22624875018834031,0.2107446883163016
2016-05-24 15:00:00,0.22681010449988423,0.14644007850581856
2016-05-24 16:00:00,0.2225473938630042,0.11213858474046548
2016-05-24 17:00:00,0.24054521922809452,0.08440678240480146
2016-05-24 18:00:00,0.23734435718011124,0.07383328999379032
2016-05-24 19:00:00,0.2186799818468938,0.1174301168745355
2016-05-24 20:00:00,0.21361486839360222,0.15983197238661256
2016-05-24 21:00:00,0.18079401057603156,0.17896221266423823
2016-05-24 22:00:00,0.1706943880534307,0.2181625618986407
2016-05-24 23:00:00,0.16523357356861385,0.23082988751398398
2016-05-25 00:00:00,0.12263486701726935,0.20444402137575785
2016-05-25 01:00:00,0.10075120447960129,0.23584612217455506
2016-05-25 02:00:00,0.10353541291434863,0.25461411205671813
2016-05-25 03:00:00,0.09916911054126103,0.20593463444381968
2016-05-25 04:00:00,0.10132544031061659,0.2187027176950421
2016-05-25 05:00:00,0.13601300825799723,0.22336015540069432
2016-05-25 06:00:00,0.20089790471430236,0.19382048336436525
2016-05-25 07:00:00,0.2553511953958043,0.22730645876178365
2016-05-25 08:00:00,0.25794053836346775,0.2845299166748483
2016-05-25 09:00:00,0.2892446674345157,0.3935652564866029
2016-05-25 10:00:00,0.2912717008286975,0.4978703633922842
2016-05-25 11:00:00,0.2671925448249884,0.5215397922614899
2016-05-25 12:00:00,0.2641643486903106,0.4528848623577645
2016-05-25 13:00:00,0.24926496880795077,0.4229687164645022
2016-05-25 14:00:00,0.2376390086346779,0.3107790445485037
2016-05-25 15:00:00,0.22132636071511352,0.19771261673987878
2016-05-25 16:00:00,0.23583516402990273,0.13522107723386462
2016-05-25 17:00:00,0.24577529215924884,0.12126248272256993
2016-05-25 18:00:00,0.23714294120885493,0.1446042070413162
2016-05-25 19:00:00,0.21997832188803895,0.1517832585972521
2016-05-25 20:00:00,0.22422853214823818,0.10714970532906318
2016-05-25 21:00:00,0.20171671217257758,0.10150453209055348
2016-05-25 22:00:00,0.1777319551750116,0.097827527522345
2016-05-25 23:00:00,0.16080608146441816,0.11675654609270487
2016-05-26 00:00:00,0.12393954660697723,0.13722553814795618
2016-05-26 01:00:00,0.09679875727283263,0.15616721707226675
2016-05-26 02:00:00,0.0916908728847937,0.1608340329346763
2016-05-26 03:00:00,0.08977744762691241,0.16580918110908469
2016-05-26 04:00:00,0.08785716888328698,0.15728805430094855
2016-05-26 05:00:00,0.10177371527294853,0.10781717539580482
2016-05-26 06:00:00,0.14078387521731575,0.10327874209050462
2016-05-26 07:00:00,0.19268463472125638,0.15355818317499503
2016-05-26 08:00:00,0.1753148167593881,0.24426065676515749
2016-05-26 09:00:00,0.17641378213375053,0.31993580898958535
2016-05-26 10:00:00,0.1914185298736671,0.361874171282613
2016-05-26 11:00:00,0.19630519193324059,0.3869937246057109
2016-05-26 12:00:00,0.197584678575568,0.4039573079028945
2016-05-26 13:00:00,0.19498501205377838,0.39227656109211806
2016-05-26 14:00:00,0.18413381251448774,0.33897452076432627
2016-05-26 15:00:00,0.18447740710477506,0.275731036123851
2016-05-26 16:00:00,0.1992915308153686,0.22737313042768434
2016-05-26 17:00:00,0.21990658213085304,0.16757114942367496
2016-05-26 18:00:00,0.24465802783089963,0.11894849987267747
2016-05-26 19:00:00,0.2403731783437646,0.11095491746728925
2016-05-26 20:00:00,0.2340433129636068,0.1410001716062977
2016-05-26 21:00:00,0.20465548006490492,0.17706132174188344
2016-05-26 22:00:00,0.17812100102862768,0.19735619083292583
2016-05-26 23:00:00,0.13860453921824298,0.21758420833106787
2016-05-27 00:00:00,0.12185442157800185,0.25771037576691763
2016-05-27 01:00:00,0.10349246664928141,0.314972155690886
2016-05-27 02:00:00,0.10607714280540101,0.33976322199858205
2016-05-27 03:00:00,0.10154267540275852,0.3038016341780266
2016-05-27 04:00:00,0.10331342654728791,0.2267672959701741
2016-05-27 05:00:00,0.13583920353789988,0.18137481726276156
2016-05-27 06:00:00,0.20287090022311086,0.2599384729468022
2016-05-27 07:00:00,0.2756957760778858,0.3061360657647662
2016-05-27 08:00:00,0.2881703801141632,0.3489723690226384
2016-05-27 09:00:00,0.2735008494436718,0.4876793889048503
2016-05-27 10:00:00,0.2408719063369263,0.5894656147081946
2016-05-27 11:00:00,0.27863033922983316,0.6474555691788091
2016-05-27 12:00:00,0.244003883315948,0.6347422502760123
2016-05-27 13:00:00,0.24953128122102453,0.5714806788487676
2016-05-27 14:00:00,0.26210385057371344,0.55555856270487
2016-05-27 15:00:00,0.24660596789522482,0.5088824106008215
2016-05-27 16:00:00,0.24464819312123304,0.4382585100990123
2016-05-27 17:00:00,0.24550318474733418,0.32571538364722274
2016-05-27 18:00:00,0.2463696222328465,0.24722468875048895
2016-05-27 19:00:00,0.2220283889806444,0.25878827279405436
2016-05-27 20:00:00,0.2263767615467084,0.23268821924022098
2016-05-27 21:00:00,0.2099821325915623,0.20438472171161745
2016-05-27 22:00:00,0.17201317039000924,0.20179380127366517
2016-05-27 23:00:00,0.15309005483599908,0.22815185101598867
2016-05-28 00:00:00,0.14246662294274448,0.2583116128374731
2016-05-28 01:00:00,0.11983699323423737,0.2675461771976334
2016-05-28 02:00:00,0.10908760628187299,0.2869763187994328
2016-05-28 03:00:00,0.10592508286972654,0.3337886782339624
2016-05-28 04:00:00,0.10522833385489103,0.27311696464448465
2016-05-28 05:00:00,0.12524263763328708,0.17761402132803641
2016-05-28 06:00:00,0.18290638612656465,0.25106887676545075
2016-05-28 07:00:00,0.18613421722879,0.35567150935766656
2016-05-28 08:00:00,0.20339275091272607,0.42272526760013696
2016-05-28 09:00:00,0.20637876742872038,0.4751931893311656
2016-05-28 10:00:00,0.19785214231281872,0.481163605761246
2016-05-28 11:00:00,0.2268883118480528,0.4628045596386172
2016-05-28 12:00:00,0.19608920647890588,0.4349155294176606
2016-05-28 13:00:00,0.20520778734932776,0.38403698464619584
2016-05-28 14:00:00,0.1819993020688456,0.30212421570570114
2016-05-28 15:00:00,0.15639949262575337,0.19187803634959905
2016-05-28 16:00:00,0.18111186236671292,0.12676343267157247
2016-05-28 17:00:00,0.19793593122681968,0.07094873126466852
2016-05-28 18:00:00,0.20373463898064448,0.028505878880060627
2016-05-28 19:00:00,0.19772566995537785,0.019012894744034812
2016-05-28 20:00:00,0.20969074223458506,0.017141216330481126
2016-05-28 21:00:00,0.21853191175533151,0.024684766662233522
2016-05-28 22:00:00,0.16397559524223465,0.047584997522345004
2016-05-28 23:00:00,0.1364598567744552,0.08885319274672404
2016-05-29 00:00:00,0.12373129388328698,0.13009207503965384
2016-05-29 01:00:00,0.11453178181502088,0.16177672381503033
2016-05-29 02:00:00,0.09728150126043118,0.17985862763543908
2016-05-29 03:00:00,0.0937900971546129,0.20725568844381964
2016-05-29 04:00:00,0.09270710197902182,0.26124101571914726
2016-05-29 05:00:00,0.10991967556212329,0.24589047967685304
2016-05-29 06:00:00,0.13656902212273997,0.2108014564169275
2016-05-29 07:00:00,0.16176077078987017,0.29884441723542937
2016-05-29 08:00:00,0.1770611926866018,0.4097591374411793
2016-05-29 09:00:00,0.17669228242350485,0.5580260582657441
2016-05-29 10:00:00,0.23937730370595722,0.6313020169308134
2016-05-29 11:00:00,0.20260170214707932,0.6649728024251421
2016-05-29 12:00:00,0.19436906164522494,0.65379779775973
2016-05-29 13:00:00,0.17793382345271208,0.6199589060069922
2016-05-29 14:00:00,0.17286877516516,0.5373757256068842
2016-05-29 15:00:00,0.16895579780945746,0.376369673372433
2016-05-29 16:00:00,0.17821416143660182,0.26586201943633875
2016-05-29 17:00:00,0.20323581662899853,0.20100460704904166
2016-05-29 18:00:00,0.2076826216243625,0.061586803054713465
2016-05-29 19:00:00,0.2390463303923274,0.01447367938279875
2016-05-29 20:00:00,0.19289751198133986,0.012880919358351263
2016-05-29 21:00:00,0.1621585295259619,0.03203556314648934
2016-05-29 22:00:00,0.16087179275324523,0.09220618943814786
2016-05-29 23:00:00,0.13954089819483084,0.16203417481561705
2016-05-30 00:00:00,0.12863044738062127,0.21525231198117545
2016-05-30 01:00:00,0.11503292522890583,0.27379203636612554
2016-05-30 02:00:00,0.11523226360396388,0.3014081050368668
2016-05-30 03:00:00,0.10827516702885953,0.28192228424550164
2016-05-30 04:00:00,0.11099728332174312,0.281256065708537
2016-05-30 05:00:00,0.1359734092489569,0.33408499036099154
2016-05-30 06:00:00,0.20656348675822897,0.4040709259007921
2016-05-30 07:00:00,0.24896878960941116,0.44102922080461565
2016-05-30 08:00:00,0.2508412375985165,0.43850112887458437
2016-05-30 09:00:00,0.26350621111497446,0.46285045283693516
2016-05-30 10:00:00,0.26113457537957807,0.514146835304958
2016-05-30 11:00:00,0.24703957223574408,0.5476325194705164
2016-05-30 12:00:00,0.2551279877433935,0.5681163184085174
2016-05-30 13:00:00,0.24122874675475203,0.564217289554322
2016-05-30 14:00:00,0.2206139763705378,0.523608588752249
2016-05-30 15:00:00,0.20126946814151608,0.48592962677674556
2016-05-30 16:00:00,0.209335860237019,0.42490113042846656
2016-05-30 17:00:00,0.23734227877260086,0.29208340314252884
2016-05-30 18:00:00,0.23296598386068615,0.21232235619963813
2016-05-30 19:00:00,0.196757840910408,0.22922020617768432
2016-05-30 20:00:00,0.2070499642153454,0.24135195108644625
2016-05-30 21:00:00,0.1808278312326147,0.1970165941079601
2016-05-30 22:00:00,0.17090635410871596,0.15682231595638568
2016-05-30 23:00:00,0.1427596999449467,0.15268651110140816
2016-05-31 00:00:00,0.1170116292738758,0.15244115293937022
2016-05-31 01:00:00,0.10589264791956421,0.15563771246621355
2016-05-31 02:00:00,0.10410115981397773,0.13067434048621163
2016-05-31 03:00:00,0.10274890716272604,0.09705827661148055
2016-05-31 04:00:00,0.10314007016400098,0.08490172423914531
2016-05-31 05:00:00,0.14192651053256838,0.09141451870946604
2016-05-31 06:00:00,0.22446784512633283,0.13230178197770384
2016-05-31 07:00:00,0.26608343241481225,0.16827060248141992
2016-05-31 08:00:00,0.24944238224385717,0.22002911176090345
2016-05-31 09:00:00,0.2599998721024572,0.2623515084437708
2016-05-31 10:00:00,0.24472973791724617,0.25368671219098365
2016-05-31 11:00:00,0.24902445828987024,0.25093326106165653
2016-05-31 12:00:00,0.23367880811022249,0.2287661153088696
2016-05-31 13:00:00,0.22218332114916547,0.21941617379865053
2016-05-31 14:00:00,0.2405032646181038,0.21676804806175431
2016-05-31 15:00:00,0.2243414684022949,0.14947448030471341
2016-05-31 16:00:00,0.2409622075944598,0.11782089579557012
2016-05-31 17:00:00,0.2390551271441817,0.11887431289037748
2016-05-31 18:00:00,0.24067121231745475,0.08341708130432231
2016-05-31 19:00:00,0.2297110029699815,0.05891623046469783
2016-05-31 20:00:00,0.21960781546998145,0.05594740843218267
2016-05-31 21:00:00,0.21150023671476584,0.09123679961847253
2016-05-31 22:00:00,0.20048394822090868,0.1487625516243888
2016-05-31 23:00:00,0.16248575483889655,0.23576177764531586
2016-06-01 00:00:00,0.12123371928604545,0.25541106954268533
2016-06-01 01:00:00,0.11209774717489566,0.21434005377699
2016-06-01 02:00:00,0.1060324566672462,0.1691831155778408
2016-06-01 03:00:00,0.10138747948539642,0.1837765437111285
2016-06-01 04:00:00,0.10125322011184516,0.18003434510140814
2016-06-01 05:00:00,0.13255336522079275,0.16919704227914145
2016-06-01 06:00:00,0.21596772403801578,0.16844368544342847
2016-06-01 07:00:00,0.24921866878187304,0.16499191950464498
2016-06-01 08:00:00,0.2582247351211173,0.21699202762859382
2016-06-01 09:00:00,0.2601026692309921,0.3105282161588597
2016-06-01 10:00:00,0.27682106457174305,0.3365023974301291
2016-06-01 11:00:00,0.2788552025817107,0.383876010529288
2016-06-01 12:00:00,0.2717103168173388,0.4326391861246821
2016-06-01 13:00:00,0.2666312932603154,0.4043912739255817
2016-06-01 14:00:00,0.23144999146673625,0.36915118658077456
2016-06-01 15:00:00,0.21469290720618922,0.28894602470125175
2016-06-01 16:00:00,0.2143505145311775,0.23944237239922744
2016-06-01 17:00:00,0.23918755600950403,0.204218624114512
2016-06-01 18:00:00,0.2532273580783495,0.1570915103265206
2016-06-01 19:00:00,0.2739638186283033,0.1329256149131136
2016-06-01 20:00:00,0.22529926005447376,0.13941587802879912
2016-06-01 21:00:00,0.18977024161161338,0.15284806863495012
2016-06-01 22:00:00,0.18776055454624477,0.12770522633204576
2016-06-01 23:00:00,0.16618991469633748,0.08493538960365735
2016-06-02 00:00:00,0.11784244359932777,0.04909914619440641
2016-06-02 01:00:00,0.10308953072844232,0.03021562318570311
2016-06-02 02:00:00,0.10222530558936024,0.01514573360135928
2016-06-02 03:00:00,0.0991579646065137,0.007523604653432428
2016-06-02 04:00:00,0.10281065065774223,0.008009566665216116
2016-06-02 05:00:00,0.13427499223458503,0.018461845472814403
2016-06-02 06:00:00,0.20345912878129344,0.053856900851310396
2016-06-02 07:00:00,0.23293484293868794,0.09492590605045961
2016-06-02 08:00:00,0.24975124802967083,0.14641191458449052
2016-06-02 09:00:00,0.2520095489250116,0.19124385355828288
2016-06-02 10:00:00,0.2428749152323831,0.20397479868663204
2016-06-02 11:00:00,0.2558384858165274,0.22888214449144337
2016-06-02 12:00:00,0.2641071613496756,0.24814550140949546
2016-06-02 13:00:00,0.253280588737251,0.2240702993229513
2016-06-02 14:00:00,0.22632214229833095,0.192410344910571
2016-06-02 15:00:00,0.2298852720937645,0.14343943193770783
2016-06-02 16:00:00,0.21667805754520167,0.1035332275567671
2016-06-02 17:00:00,0.23902026640009272,0.05903198872965969
2016-06-02 18:00:00,0.22347441613062113,0.024260365639399564
2016-06-02 19:00:00,0.23010703414754297,0.024221529681595928
2016-06-02 20:00:00,0.2101247087100139,0.04414012336945042
2016-06-02 21:00:00,0.2039915009706769,0.08040245993492079
2016-06-02 22:00:00,0.18353229366597124,0.10598834480842947
2016-06-02 23:00:00,0.1546268240611961,0.13373067455486015
2016-06-03 00:00:00,0.11723342914058879,0.15970735632011537
2016-06-03 01:00:00,0.1033349611149745,0.1829997105320751
2016-06-03 02:00:00,0.10219060586172923,0.20405730525909446
2016-06-03 03:00:00,0.09647103193092255,0.1958143620948562
2016-06-03 04:00:00,0.10445081320989798,0.1394886123236847
2016-06-03 05:00:00,0.1346964891487019,0.07474931292978682
2016-06-03 06:00:00,0.19800689200857674,0.0912948704588793
2016-06-03 07:00:00,0.2590183463722764,0.09830975427190497
2016-06-03 08:00:00,0.256104057733542,0.11083878617685315
2016-06-03 09:00:00,0.27060219522195184,0.11843222684842554
2016-06-03 10:00:00,0.2584109976385025,0.12721490547154318
2016-06-03 11:00:00,0.25207777163015765,0.14550535736211617
2016-06-03 12:00:00,0.2439678451263329,0.18102746098464692
2016-06-03 13:00:00,0.23762460744089026,0.20847563534050456
2016-06-03 14:00:00,0.21428333013154854,0.22131850795032268
2016-06-03 15:00:00,0.23939826981919338,0.24334102717651082
2016-06-03 16:00:00,0.22572507671244796,0.22594348647041843
2016-06-03 17:00:00,0.21314629234758933,0.2511369391137297
2016-06-03 18:00:00,0.2286023231050069,0.21718813411739682
2016-06-03 19:00:00,0.2123662518689152,0.18374980175914335
2016-06-03 20:00:00,0.1871408700162262,0.18441647909265596
2016-06-03 21:00:00,0.1799518819975661,0.224227604141062
2016-06-03 22:00:00,0.22078876663189623,0.22624317874012317
2016-06-03 23:00:00,0.1564001910060268,0.18453736809583415
2016-06-04 00:00:00,0.13610220962273997,0.15845273141912772
2016-06-04 01:00:00,0.11495490822032918,0.16266803123498924
2016-06-04 02:00:00,0.10522196921360687,0.17402136240705066
2016-06-04 03:00:00,0.10921540383055171,0.17283012327048697
2016-06-04 04:00:00,0.10703062985338434,0.16155598358869547
2016-06-04 05:00:00,0.1240061510344228,0.1899723554578036
2016-06-04 06:00:00,0.17751171873551225,0.21419821802733233
2016-06-04 07:00:00,0.2043440483744785,0.221264266243497
2016-06-04 08:00:00,0.22075222534190997,0.23780786149574631
2016-06-04 09:00:00,0.2040660815948078,0.23044531607163124
2016-06-04 10:00:00,0.20590757291666661,0.21586933618247606
2016-06-04 11:00:00,0.21086903598748263,0.21604978043726786
2016-06-04 12:00:00,0.2085096242176633,0.2123308545943673
2016-06-04 13:00:00,0.21691925537494205,0.19373184593316056
2016-06-04 14:00:00,0.1855025042738757,0.16218234172579699
2016-06-04 15:00:00,0.17596336784306912,0.12766863877210055
2016-06-04 16:00:00,0.19282250817107094,0.0917285034573147
2016-06-04 17:00:00,0.22390727759909596,0.08299379430050849
2016-06-04 18:00:00,0.21005426673331018,0.06226003313719929
2016-06-04 19:00:00,0.20285973681617986,0.03850182932808526
2016-06-04 20:00:00,0.1820077937384098,0.03292582756527479
2016-06-04 21:00:00,0.1630245647600834,0.04158488274985331
2016-06-04 22:00:00,0.1568769574206073,0.050745246971640914
2016-06-04 23:00:00,0.1472886025295549,0.05107054067880891
2016-06-05 00:00:00,0.13307923023875753,0.03922144086402308
2016-06-05 01:00:00,0.11452596457753823,0.034148932926608644
2016-06-05 02:00:00,0.10227300376680573,0.029558513065470367
2016-06-05 03:00:00,0.10045553878361146,0.016721998769509094
2016-06-05 04:00:00,0.09633922038711173,0.012871450236896148
2016-06-05 05:00:00,0.10611429078291612,0.024566312603510658
2016-06-05 06:00:00,0.14142839421070935,0.057645259241590086
2016-06-05 07:00:00,0.17041839768776074,0.09087887031943087
2016-06-05 08:00:00,0.16076535468822445,0.13904142747853515
2016-06-05 09:00:00,0.18692995549374128,0.19928954991462927
2016-06-05 10:00:00,0.20717141530482144,0.20417301633380602
2016-06-05 11:00:00,0.21275917276599432,0.2302514450365245
2016-06-05 12:00:00,0.2169642174316181,0.25062182123093096
2016-06-05 13:00:00,0.20973938062123326,0.2296887060269412
2016-06-05 14:00:00,0.17816461839360226,0.20379657671787602
2016-06-05 15:00:00,0.17893361274339364,0.16104726206791511
2016-06-05 16:00:00,0.19487903433588316,0.11661305870149614
2016-06-05 17:00:00,0.20707858040681504,0.06752318415460593
2016-06-05 18:00:00,0.1912129817020167,0.01936128664512028
2016-06-05 19:00:00,0.18233224053952257,0.017695084292831995
2016-06-05 20:00:00,0.1652208441991191,0.017251545673674946
2016-06-05 21:00:00,0.15193548843880395,0.019236115591775866
2016-06-05 22:00:00,0.15219127019587386,0.021729910885830237
2016-06-05 23:00:00,0.13663222387865093,0.026601708216066885
2016-06-06 00:00:00,0.11941349782684285,0.03350155585365734
2016-06-06 01:00:00,0.10685778284364857,0.03787013426295717
2016-06-06 02:00:00,0.10749899889893375,0.032524164981175434
2016-06-06 03:00:00,0.10668969937992584,0.02679327013754156
2016-06-06 04:00:00,0.10693175543289288,0.028290779061558774
2016-06-06 05:00:00,0.12741626025730185,0.04107764439331115
2016-06-06 06:00:00,0.1984127137807139,0.07304946378906708
2016-06-06 07:00:00,0.26977251857324985,0.08400589238240762
2016-06-06 08:00:00,0.25494324982614747,0.11003214707260908
2016-06-06 09:00:00,0.2473723403743624,0.1434852377322022
2016-06-06 10:00:00,0.24859467489568837,0.14301686902405625
2016-06-06 11:00:00,0.24934624406003703,0.10855021070555446
2016-06-06 12:00:00,0.2517717451031525,0.06260221667729318
2016-06-06 13:00:00,0.25461447135778853,0.06531033475743202
2016-06-06 14:00:00,0.2606911071945989,0.07224677701041463
2016-06-06 15:00:00,0.26291278997160417,0.06246270689243105
2016-06-06 16:00:00,0.239562538001275,0.04947559078183063
2016-06-06 17:00:00,0.21844992599675478,0.050725131898445144
2016-06-06 18:00:00,0.21804897858715808,0.04466637887365539
2016-06-06 19:00:00,0.18892234018602222,0.03559266299721299
2016-06-06 20:00:00,0.19698286304763557,0.020470508684871894
2016-06-06 21:00:00,0.17625966759388034,0.015301871984940348
2016-06-06 22:00:00,0.15465701130041729,0.007910844511099158
2016-06-06 23:00:00,0.1387921196685211,0.006862383615392137
2016-06-07 00:00:00,0.11952719590287438,0.006931640203892039
2016-06-07 01:00:00,0.10563191453697264,0.008025150218609427
2016-06-07 02:00:00,0.10869751928314789,0.007742324283688636
2016-06-07 03:00:00,0.10583831707811772,0.006426815920594563
2016-06-07 04:00:00,0.10273148642501154,0.008413763760219049
2016-06-07 05:00:00,0.13584677223864167,0.016582834472618813
2016-06-07 06:00:00,0.22408488018660178,0.03962551307652064
2016-06-07 07:00:00,0.24576874897137233,0.05669367786641894
2016-06-07 08:00:00,0.263947453421998,0.07968551700229806
2016-06-07 09:00:00,0.28117700437528975,0.12145343276515742
2016-06-07 10:00:00,0.27898088624246636,0.13808495404024046
2016-06-07 11:00:00,0.26860511201900805,0.1657425166320163
2016-06-07 12:00:00,0.28980876292304114,0.20131236867499502
2016-06-07 13:00:00,0.2628685598632359,0.20671685322931738
2016-06-07 14:00:00,0.25465509547403803,0.1794144807957656
2016-06-07 15:00:00,0.2347396336781409,0.14217863138362996
2016-06-07 16:00:00,0.2472047147369031,0.1348760725644924
2016-06-07 17:00:00,0.24274745371175238,0.14980185678305305
2016-06-07 18:00:00,0.24563265543868812,0.13892796313553687
2016-06-07 19:00:00,0.2235061713461985,0.11743598671684921
2016-06-07 20:00:00,0.19580854350660645,0.08137833410683552
2016-06-07 21:00:00,0.1825918489510895,0.059944279107275567
2016-06-07 22:00:00,0.16549664061775615,0.051019659668834344
2016-06-07 23:00:00,0.1417785338577886,0.04597939747931742
2016-06-08 00:00:00,0.12380906664348625,0.04826199622926852
2016-06-08 01:00:00,0.10526590243973112,0.060454776604635246
2016-06-08 02:00:00,0.10404979717199818,0.07752268082803637
2016-06-08 03:00:00,0.10472005487946226,0.09434996839927635
2016-06-08 04:00:00,0.10613769807603153,0.09351223721191082
2016-06-08 05:00:00,0.14356885564441343,0.06356120662169959
2016-06-08 06:00:00,0.21219826415449694,0.054300726317475095
2016-06-08 07:00:00,0.24809067612714425,0.08928711076447286
2016-06-08 08:00:00,0.24615421990901723,0.14858673158243696
2016-06-08 09:00:00,0.2743250131838202,0.21070082499423037
2016-06-08 10:00:00,0.26985671259272137,0.2359928243862703
2016-06-08 11:00:00,0.272219094561312,0.2756262309002053
2016-06-08 12:00:00,0.2626717544477283,0.316403762477557
2016-06-08 13:00:00,0.23355014887575337,0.32315816215915305
2016-06-08 14:00:00,0.24532652286161333,0.28175041431503023
2016-06-08 15:00:00,0.22246736707522025,0.24909210711627214
2016-06-08 16:00:00,0.22601260683240612,0.24940479075215127
2016-06-08 17:00:00,0.23843640197612423,0.22653125834803453
2016-06-08 18:00:00,0.2217450542709782,0.21616557786876583
2016-06-08 19:00:00,0.20651613669158553,0.2599441093451495
2016-06-08 20:00:00,0.1865551185674549,0.2667019632728828
2016-06-08 21:00:00,0.1776021665217895,0.29397484568981025
2016-06-08 22:00:00,0.16063827318034307,0.29656918109329156
2016-06-08 23:00:00,0.13324301345908673,0.21660755612678464
2016-06-09 00:00:00,0.11925743329856282,0.17397017738690593
2016-06-09 01:00:00,0.10417101279265184,0.1672160568956581
2016-06-09 02:00:00,0.10325702081884566,0.15058327987111286
2016-06-09 03:00:00,0.1006827096662031,0.12569857196455114
2016-06-09 04:00:00,0.10119646436022253,0.09470238945281635
2016-06-09 05:00:00,0.13330539057429294,0.06715706685038138
2016-06-09 06:00:00,0.22711051671882243,0.07506344349594167
2016-06-09 07:00:00,0.2550265139951322,0.10214263035443968
2016-06-09 08:00:00,0.2700728045462446,0.15475479395174063
2016-06-09 09:00:00,0.26219415469981455,0.2221390454882163
2016-06-09 10:00:00,0.26066642204160884,0.25940694018443194
2016-06-09 11:00:00,0.2527542708623087,0.28098309639468
2016-06-09 12:00:00,0.24616796324466844,0.27774281930979844
2016-06-09 13:00:00,0.2676037873203523,0.24488965149530606
2016-06-09 14:00:00,0.23689105557487244,0.2022569571072754
2016-06-09 15:00:00,0.2348371363004173,0.13041886565348135
2016-06-09 16:00:00,0.2316353125579509,0.07971712589844512
2016-06-09 17:00:00,0.24577345862308764,0.05716720916878546
2016-06-09 18:00:00,0.24020407569830787,0.04445723642445726
2016-06-09 19:00:00,0.19402262843358822,0.03577392192044788
2016-06-09 20:00:00,0.18573461791550772,0.022570533909544298
2016-06-09 21:00:00,0.19287201818208155,0.006406508013739487
2016-06-09 22:00:00,0.1769045326408206,0.00919521642812439
2016-06-09 23:00:00,0.14253893973110793,0.012996046409495405
2016-06-10 00:00:00,0.12878515086057024,0.007570148800899667
2016-06-10 01:00:00,0.10077483337679649,0.01221865141653628
2016-06-10 02:00:00,0.1036160231803431,0.021828541460835127
2016-06-10 03:00:00,0.09996500521557722,0.019834529670398983
2016-06-10 04:00:00,0.10154899035118227,0.015062087179248975
2016-06-10 05:00:00,0.12334970119089009,0.03223815820218071
2016-06-10 06:00:00,0.18445949655192392,0.0647519866780266
2016-06-10 07:00:00,0.2514197720792767,0.08706748778828474
2016-06-10 08:00:00,0.2451434855702365,0.14319284110800895
2016-06-10 09:00:00,0.268965920911567,0.192421879871504
2016-06-10 10:00:00,0.2528534209260548,0.1940810346566105
2016-06-10 11:00:00,0.27379774700104303,0.21724299952806583
2016-06-10 12:00:00,0.27899110932429305,0.23411501540978885
2016-06-10 13:00:00,0.257378461795897,0.21463962309099352
2016-06-10 14:00:00,0.26234752157220687,0.18135426067504395
2016-06-10 15:00:00,0.22475533904149272,0.1360563109214746
2016-06-10 16:00:00,0.22276026331420953,0.09849913803324857
2016-06-10 17:00:00,0.23055399639255902,0.05439926781688832
2016-06-10 18:00:00,0.22031718539928136,0.02200955394337962
2016-06-10 19:00:00,0.19892102591852107,0.015274407511392522
2016-06-10 20:00:00,0.2219434324872507,0.005533036227361628
2016-06-10 21:00:00,0.19495981455725547,0.006637411464404459
2016-06-10 22:00:00,0.1603936489626796,0.006708558490318795
2016-06-10 23:00:00,0.15364931880215577,0.005200747929053393
2016-06-11 00:00:00,0.14246622910871581,0.01096150696195971
2016-06-11 01:00:00,0.12448546793868796,0.020057164045863482
2016-06-11 02:00:00,0.11170115684399626,0.02049705328266184
2016-06-11 03:00:00,0.11582138357672692,0.03910241434294934
2016-06-11 04:00:00,0.10587962588375056,0.06870823072584588
2016-06-11 05:00:00,0.11731812631838201,0.0754128996583219
2016-06-11 06:00:00,0.15625436087447847,0.09054001418071582
2016-06-11 07:00:00,0.1914097057690079,0.11428587722662822
2016-06-11 08:00:00,0.20330221088317108,0.14307632248626054
2016-06-11 09:00:00,0.2153722756722299,0.17006437036827682
2016-06-11 10:00:00,0.22874790801750106,0.1806382630332486
2016-06-11 11:00:00,0.24539596879346315,0.24646717534588297
2016-06-11 12:00:00,0.22153507072902187,0.2924971581821337
2016-06-11 13:00:00,0.2108393397369031,0.23986617293961468
2016-06-11 14:00:00,0.18187433405771897,0.16742054959148253
2016-06-11 15:00:00,0.17296592263560503,0.137415108606591
2016-06-11 16:00:00,0.1727869311688688,0.24013034765636615
2016-06-11 17:00:00,0.1839323260025499,0.30787672289106194
2016-06-11 18:00:00,0.18283002234005563,0.36184076741057103
2016-06-11 19:00:00,0.19403217708333326,0.4083859473097008
2016-06-11 20:00:00,0.18343201214070465,0.43387199954904165
2016-06-11 21:00:00,0.17488951363293928,0.42495662867748873
2016-06-11 22:00:00,0.16884749973922109,0.39611461084309607
2016-06-11 23:00:00,0.13897705524165516,0.37123248607133774
2016-06-12 00:00:00,0.12129771662030607,0.36542825795227846
2016-06-12 01:00:00,0.10904038375057949,0.34294801507818307
2016-06-12 02:00:00,0.10300070588490962,0.29360735480339334
2016-06-12 03:00:00,0.10598924314731102,0.22514869256341677
2016-06-12 04:00:00,0.1045220474182893,0.1873289667034031
2016-06-12 05:00:00,0.11358591240727867,0.19152058824423038
2016-06-12 06:00:00,0.14121164787610108,0.2196721708672502
2016-06-12 07:00:00,0.16972925431733887,0.24098441966839435
2016-06-12 08:00:00,0.1894713217431617,0.22495289499907095
2016-06-12 09:00:00,0.18825820450857672,0.2260173073890085
2016-06-12 10:00:00,0.19896492463490967,0.20786711454248974
2016-06-12 11:00:00,0.18597353840693093,0.19929507296543125
2016-06-12 12:00:00,0.1879163755795086,0.2057132491108937
2016-06-12 13:00:00,0.17893854454972183,0.18929331059871893
2016-06-12 14:00:00,0.17541595678314792,0.17072118954684137
2016-06-12 15:00:00,0.15085488718416779,0.15510820630740269
2016-06-12 16:00:00,0.16862297128535003,0.12534090421831606
2016-06-12 17:00:00,0.19579726235802045,0.10920745323097986
2016-06-12 18:00:00,0.20147676611033838,0.0896158124027968
2016-06-12 19:00:00,0.1894412261966852,0.0869081838336593
2016-06-12 20:00:00,0.17312107016400094,0.09084577397653039
2016-06-12 21:00:00,0.1666939606658554,0.1014018507422257
2016-06-12 22:00:00,0.16096734135952703,0.10556314305500683
2016-06-12 23:00:00,0.13452813650324524,0.08426145967968901
2016-06-13 00:00:00,0.1165185978789986,0.07311418462869156
2016-06-13 01:00:00,0.10197446669274454,0.07467985926765108
2016-06-13 02:00:00,0.10372317630099677,0.06181711173601605
2016-06-13 03:00:00,0.10130463871986553,0.05279526298415803
2016-06-13 04:00:00,0.09963550730180805,0.04754778578936045
2016-06-13 05:00:00,0.13289426923968473,0.047738137065176975
2016-06-13 06:00:00,0.19863536959608255,0.09133770635747111
2016-06-13 07:00:00,0.23543239826726944,0.13300414183307252
2016-06-13 08:00:00,0.25842761435153,0.19203211261901043
2016-06-13 09:00:00,0.2552462606484701,0.24412031515416593
2016-06-13 10:00:00,0.24740498894587393,0.264893961007432
2016-06-13 11:00:00,0.25242412598516456,0.2625958636673674
2016-06-13 12:00:00,0.2700079921476589,0.2540711900816545
2016-06-13 13:00:00,0.24159229349211864,0.2437469497862313
2016-06-13 14:00:00,0.2271659764719518,0.19793567623293565
2016-06-13 15:00:00,0.2010385856948308,0.12516981327615886
2016-06-13 16:00:00,0.19628822387865094,0.0933669866254645
2016-06-13 17:00:00,0.21189748342605477,0.05253973049457265
2016-06-13 18:00:00,0.19653596473690307,0.012419267709368277
2016-06-13 19:00:00,0.17964445781177568,0.011216770420398982
2016-06-13 20:00:00,0.17379663795201666,0.007199005392186582
2016-06-13 21:00:00,0.1550014616510199,0.005836829327205163
2016-06-13 22:00:00,0.15463432727746868,0.006816992776794445
2016-06-13 23:00:00,0.12078293545723229,0.008890864059749657
2016-06-14 00:00:00,0.11027344474385721,0.011992466270291414
2016-06-14 01:00:00,0.10985317459144646,0.015072700081067866
2016-06-14 02:00:00,0.10710703096024574,0.020926455291022883
2016-06-14 03:00:00,0.0999334928720445,0.026642477091189123
2016-06-14 04:00:00,0.10151627900440426,0.034112980017895554
2016-06-14 05:00:00,0.13867074369784418,0.047271628179248966
2016-06-14 06:00:00,0.21995298439673164,0.06548869066257579
2016-06-14 07:00:00,0.25160059295317555,0.07510423375004888
2016-06-14 08:00:00,0.2607279762256607,0.09871278940128111
2016-06-14 09:00:00,0.2546117983310152,0.12992826562610013
2016-06-14 10:00:00,0.2417000868683357,0.14689777628016817
2016-06-14 11:00:00,0.25260354591156714,0.1810752846874144
2016-06-14 12:00:00,0.24264534540159946,0.19528172530026405
2016-06-14 13:00:00,0.2242643477341214,0.16788318347110304
2016-06-14 14:00:00,0.20758899689962912,0.14212533700777422
2016-06-14 15:00:00,0.23145947666029218,0.11818943385913354
2016-06-14 16:00:00,0.22960832810326845,0.09105930397794833
2016-06-14 17:00:00,0.23764250447670365,0.05172308018149814
2016-06-14 18:00:00,0.21178205769007885,0.012558344682622725
2016-06-14 19:00:00,0.2289743129346315,0.009421803600821434
2016-06-14 20:00:00,0.21415425867814095,0.008749426053686681
2016-06-14 21:00:00,0.18688828798678725,0.010332856945482104
2016-06-14 22:00:00,0.14688438060674555,0.00822394158810874
2016-06-14 23:00:00,0.12890241476877606,0.006902613291169569
2016-06-15 00:00:00,0.11247306810674546,0.00774710098024643
2016-06-15 01:00:00,0.10382454182603156,0.008489585675484058
2016-06-15 02:00:00,0.10356544738062125,0.011486133690739291
2016-06-15 03:00:00,0.10334753643660173,0.010388596910033248
2016-06-15 04:00:00,0.10349996601182197,0.011369000458879328
2016-06-15 05:00:00,0.14182444484527124,0.030944564096274184
2016-06-15 06:00:00,0.20685708053720453,0.07069150430148642
2016-06-15 07:00:00,0.2291193076321279,0.09171889162957164
2016-06-15 08:00:00,0.2518295450567919,0.1247623130696753
2016-06-15 09:00:00,0.2631470409277932,0.16956295190348133
2016-06-15 10:00:00,0.2459501497305286,0.1728568233918443
2016-06-15 11:00:00,0.24510386484411217,0.1561361387201253
2016-06-15 12:00:00,0.25292407294564223,0.12411773281263444
2016-06-15 13:00:00,0.23630147090866946,0.09337994063949745
2016-06-15 14:00:00,0.23325388036045452,0.06759324035556424
2016-06-15 15:00:00,0.21869183108773751,0.048686885635390184
2016-06-15 16:00:00,0.21096122351645802,0.06289051399237236
2016-06-15 17:00:00,0.22542979595503018,0.06790254625366715
2016-06-15 18:00:00,0.202535007765415,0.04993024615524154
2016-06-15 19:00:00,0.20676690813340293,0.0408740624483669
2016-06-15 20:00:00,0.1893430509677793,0.037414133945922155
2016-06-15 21:00:00,0.17028529883808535,0.05188855107842753
2016-06-15 22:00:00,0.1512146154670839,0.06543589641966555
2016-06-15 23:00:00,0.13521808463722762,0.07180212884123802
2016-06-16 00:00:00,0.11373723381722298,0.06450051432231567
2016-06-16 01:00:00,0.10400818177735278,0.05344019151193037
2016-06-16 02:00:00,0.1092052686022253,0.04952044777586544
2016-06-16 03:00:00,0.10487168673215115,0.05144413410913358
2016-06-16 04:00:00,0.10349032100428834,0.047038853519753565
2016-06-16 05:00:00,0.13352972073481684,0.04639341932754743
2016-06-16 06:00:00,0.2048559580435791,0.06218812919709561
2016-06-16 07:00:00,0.24361520368277712,0.07793615050899669
2016-06-16 08:00:00,0.2462745840142558,0.10235234190538821
2016-06-16 09:00:00,0.24789949784133064,0.14138649023278893
2016-06-16 10:00:00,0.26097081044274456,0.1622832676176903
2016-06-16 11:00:00,0.2517923998754057,0.17671296762101504
2016-06-16 12:00:00,0.2477624129288363,0.20651067731366118
2016-06-16 13:00:00,0.2432717985338433,0.2105883674775083
2016-06-16 14:00:00,0.23370516013270737,0.18073791827283392
2016-06-16 15:00:00,0.21331489900614276,0.13209569705070404
2016-06-16 16:00:00,0.20165946347647204,0.09864689585996482
2016-06-16 17:00:00,0.22368443539928146,0.06742310667695092
2016-06-16 18:00:00,0.23677666033553543,0.028105461844269507
2016-06-16 19:00:00,0.23761947652990265,0.020227714208390375
2016-06-16 20:00:00,0.19110126790681503,0.030189747241101114
2016-06-16 21:00:00,0.1809579986236671,0.04826550421763153
2016-06-16 22:00:00,0.15976135696279548,0.051576372423626046
2016-06-16 23:00:00,0.13911489718069078,0.03807401585351066
2016-06-17 00:00:00,0.11418607865380162,0.034288332947095636
2016-06-17 01:00:00,0.10327500764951322,0.03627757397208097
2016-06-17 02:00:00,0.10864455017095499,0.05316590385786231
2016-06-17 03:00:00,0.10294027520862306,0.07851324613602582
2016-06-17 04:00:00,0.10197059896557717,0.07900752752342069
2016-06-17 05:00:00,0.13511685910697727,0.07589183985395069
2016-06-17 06:00:00,0.20125191885431162,0.09780651692655974
2016-06-17 07:00:00,0.24485958172519712,0.12716293352102492
2016-06-17 08:00:00,0.24280047441469638,0.1796124668113142
2016-06-17 09:00:00,0.23688240555458967,0.26310567330911405
2016-06-17 10:00:00,0.24256126367640257,0.32101711854649884
2016-06-17 11:00:00,0.248726078175707,0.36164927437047706
2016-06-17 12:00:00,0.2442709639980296,0.3561780164696851
2016-06-17 13:00:00,0.22235052935210933,0.3180313556179348
2016-06-17 14:00:00,0.20538104139140007,0.24953163094396624
2016-06-17 15:00:00,0.19136063201205378,0.18503218022340104
2016-06-17 16:00:00,0.2230240430140241,0.14488717817142577
2016-06-17 17:00:00,0.21553630180806685,0.08075493080265989
2016-06-17 18:00:00,0.2178172065803199,0.02982993130202425
2016-06-17 19:00:00,0.21541170581247113,0.020737109429689028
2016-06-17 20:00:00,0.22292725325973575,0.024246991146195968
2016-06-17 21:00:00,0.18873557658205836,0.030634704537502444
2016-06-17 22:00:00,0.1675832533321743,0.02130048201476628
2016-06-17 23:00:00,0.15259657156930925,0.017938274673283787
2016-06-18 00:00:00,0.14084880424200277,0.014586722452180715
2016-06-18 01:00:00,0.11372642195468247,0.011389414111236064
2016-06-18 02:00:00,0.10589429147832637,0.009847607812585566
2016-06-18 03:00:00,0.10546890774223455,0.008777172823831409
2016-06-18 04:00:00,0.10186596908321746,0.010218325410913357
2016-06-18 05:00:00,0.1167923323481688,0.022877658277870125
2016-06-18 06:00:00,0.15338602914928143,0.04855214560771563
2016-06-18 07:00:00,0.17499083347821043,0.07483296056219435
2016-06-18 08:00:00,0.1820028667854659,0.12942428719773125
2016-06-18 09:00:00,0.20411931532510422,0.19990302751334837
2016-06-18 10:00:00,0.2042560044622161,0.21320054373401132
2016-06-18 11:00:00,0.20837119642443214,0.1929530450910423
2016-06-18 12:00:00,0.19148057196047744,0.15491198487140623
2016-06-18 13:00:00,0.2061400727283264,0.1555203271903969
2016-06-18 14:00:00,0.1663048724936254,0.14686325082862303
2016-06-18 15:00:00,0.1629329675185443,0.11879426479752588
2016-06-18 16:00:00,0.18928314168984695,0.09691414571660469
2016-06-18 17:00:00,0.2149394255621233,0.06426766836240953
2016-06-18 18:00:00,0.2231221663769123,0.023857474017651085
2016-06-18 19:00:00,0.20957074894239683,0.0169689805057696
2016-06-18 20:00:00,0.22067212329044966,0.007966689128251516
2016-06-18 21:00:00,0.17022656545549375,0.004809616098572266
2016-06-18 22:00:00,0.14963702354253589,0.007128304680960297
2016-06-18 23:00:00,0.1274669593619611,0.006556828262321533
2016-06-19 00:00:00,0.11706071637401487,0.00635463112800704
2016-06-19 01:00:00,0.10743104766458043,0.004779764400645414
2016-06-19 02:00:00,0.10549240257012049,0.006290370050899667
2016-06-19 03:00:00,0.10514889851356046,0.006520958405388226
2016-06-19 04:00:00,0.11044151266226243,0.009507623634510073
2016-06-19 05:00:00,0.11082150207174314,0.01714588246440446
2016-06-19 06:00:00,0.14368444183182658,0.030376333769851365
2016-06-19 07:00:00,0.14278426540044037,0.0430810581605222
2016-06-19 08:00:00,0.15689986807487244,0.07138975337399765
2016-06-19 09:00:00,0.1725883208449235,0.10571196863485234
2016-06-19 10:00:00,0.18431957088838663,0.11605199573479368
2016-06-19 11:00:00,0.2107929698365785,0.13338309114673383
2016-06-19 12:00:00,0.21408207162725995,0.140985102524643
2016-06-19 13:00:00,0.1855862110715114,0.1468779208014863
2016-06-19 14:00:00,0.1673730857527817,0.12461406997310777
2016-06-19 15:00:00,0.16375315455493744,0.0874760242158713
2016-06-19 16:00:00,0.21633986290275847,0.09134732703500884
2016-06-19 17:00:00,0.2055422832058415,0.10106562816800306
2016-06-19 18:00:00,0.21143609572032912,0.07009938224203012
2016-06-19 19:00:00,0.18666279780945755,0.06663240012771367
2016-06-19 20:00:00,0.1700996716069773,0.1269379600205848
2016-06-19 21:00:00,0.15025434047577657,0.15571987159764325
2016-06-19 22:00:00,0.15727928123551219,0.15736831681874633
2016-06-19 23:00:00,0.14287631538305517,0.1935456942537649
2016-06-20 00:00:00,0.12457648465751037,0.2494160817661353
2016-06-20 01:00:00,0.10404565356977283,0.30616630307260895
2016-06-20 02:00:00,0.105464973110802,0.33262658972110304
2016-06-20 03:00:00,0.10227045679763562,0.34661230173689617
2016-06-20 04:00:00,0.10572547135778858,0.3590390883103853
2016-06-20 05:00:00,0.12648479243451555,0.3747999411058086
2016-06-20 06:00:00,0.18947940520688444,0.3906105292822217
2016-06-20 07:00:00,0.23311025941701435,0.39353572702963024
2016-06-20 08:00:00,0.2595956284915392,0.3591093799924213
2016-06-20 09:00:00,0.26925233456478903,0.2994546091659984
2016-06-20 10:00:00,0.2737022674721836,0.24116173275689412
2016-06-20 11:00:00,0.27115290249768187,0.16818434119748674
2016-06-20 12:00:00,0.26822756552793237,0.1108116152939566
2016-06-20 13:00:00,0.24227986509040328,0.0833254316721103
2016-06-20 14:00:00,0.2168047281670144,0.06573886746230198
2016-06-20 15:00:00,0.21261145262517384,0.04412287316594955
2016-06-20 16:00:00,0.1961972163885025,0.022704764656708384
2016-06-20 17:00:00,0.2117870559805285,0.015236964172550362
2016-06-20 18:00:00,0.19160232891458054,0.012664334941766088
2016-06-20 19:00:00,0.18381765394645347,0.02175140440118326
2016-06-20 20:00:00,0.17100819496117298,0.03233984033101897
2016-06-20 21:00:00,0.18669621240438114,0.048986033019655775
2016-06-20 22:00:00,0.16449607164174784,0.05655377308405046
2016-06-20 23:00:00,0.13507807484353265,0.058210338712644236
2016-06-21 00:00:00,0.11827346372276314,0.06805371354493447
2016-06-21 01:00:00,0.10236796589592022,0.08211964953388423
2016-06-21 02:00:00,0.10316824675475196,0.0984189865767162
2016-06-21 03:00:00,0.10085881254346313,0.11213445151051242
2016-06-21 04:00:00,0.10312986333738987,0.10775604396469782
2016-06-21 05:00:00,0.14385242186775615,0.0755390554942793
2016-06-21 06:00:00,0.22674395036509037,0.1045670160371602
2016-06-21 07:00:00,0.24943565148354196,0.15480336439497358
2016-06-21 08:00:00,0.25951437614452944,0.19276957794215713
2016-06-21 09:00:00,0.25976960949814537,0.25848838546797376
2016-06-21 10:00:00,0.26410714387749185,0.34917980654860165
2016-06-21 11:00:00,0.2726683876187993,0.362334378408713
2016-06-21 12:00:00,0.2837418620914465,0.30808016814135536
2016-06-21 13:00:00,0.2523317836114975,0.2874559370175045
2016-06-21 14:00:00,0.2422381425591098,0.2738453326306962
2016-06-21 15:00:00,0.22034353888502556,0.19220155773728728
2016-06-21 16:00:00,0.22170065740901715,0.1679576975392138
2016-06-21 17:00:00,0.23053461635083444,0.14288829498885192
2016-06-21 18:00:00,0.2126265922577655,0.1224557901654117
2016-06-21 19:00:00,0.20843682352515075,0.1320113994001076
2016-06-21 20:00:00,0.2049254575654845,0.18768075434803444
2016-06-21 21:00:00,0.19881613699582756,0.20395725817338153
2016-06-21 22:00:00,0.16574253097473346,0.21731860127845687
2016-06-21 23:00:00,0.14091567150556325,0.2229578766075689
2016-06-22 00:00:00,0.11357898864163188,0.2011083755659104
2016-06-22 01:00:00,0.10275173202074639,0.2083531858774692
2016-06-22 02:00:00,0.10581387484063515,0.2239604871659006
2016-06-22 03:00:00,0.10303602696163652,0.2241337725176022
2016-06-22 04:00:00,0.10676725983715808,0.220374782818893
2016-06-22 05:00:00,0.14795123971372276,0.26857390095575007
2016-06-22 06:00:00,0.230072499188688,0.33484434117465284
2016-06-22 07:00:00,0.25893162557950866,0.3607044133075983
2016-06-22 08:00:00,0.2557822974907279,0.39827920276070794
2016-06-22 09:00:00,0.30269674013386644,0.4756132906102095
2016-06-22 10:00:00,0.29641418098052863,0.5385188320244474
2016-06-22 11:00:00,0.3124598964418173,0.59161495503716
2016-06-22 12:00:00,0.3079230796824294,0.6576450880857128
2016-06-22 13:00:00,0.2761486929908437,0.6386046099325248
2016-06-22 14:00:00,0.2783201506867177,0.6024667760509973
2016-06-22 15:00:00,0.25425897079276777,0.5433802120556425
2016-06-22 16:00:00,0.25582786323597584,0.4641599496555837
2016-06-22 17:00:00,0.268670565803199,0.3878416248963427
2016-06-22 18:00:00,0.25319007359758927,0.3147561602927341
2016-06-22 19:00:00,0.22480554982324982,0.26525537810028366
2016-06-22 20:00:00,0.21656284461926292,0.23805025547232544
2016-06-22 21:00:00,0.20616248791724617,0.21034240026403284
2016-06-22 22:00:00,0.18969833375347708,0.20045028440524154
2016-06-22 23:00:00,0.14016303642211408,0.21120740768570312
2016-06-23 00:00:00,0.12085504546244791,0.22113252424051438
2016-06-23 01:00:00,0.10908930971835885,0.2395454682237434
2016-06-23 02:00:00,0.10440937988235975,0.2463811942196851
2016-06-23 03:00:00,0.10463542938687992,0.2335849437391942
2016-06-23 04:00:00,0.10913784020050998,0.23715841751545072
2016-06-23 05:00:00,0.14648217096951793,0.2503443815106102
2016-06-23 06:00:00,0.20733903885605015,0.2660893494574615
2016-06-23 07:00:00,0.23968679113062122,0.2856098211161745
2016-06-23 08:00:00,0.2636556584955958,0.3035871984850381
2016-06-23 09:00:00,0.29385616205957343,0.3431815560991101
2016-06-23 10:00:00,0.3101634312992583,0.353753863001369
2016-06-23 11:00:00,0.31579142149107553,0.36024916947066293
2016-06-23 12:00:00,0.29558021065136775,0.40396933021068837
2016-06-23 13:00:00,0.28278008124710247,0.29994027002953255
2016-06-23 14:00:00,0.2797842489713723,0.24679736943369837
2016-06-23 15:00:00,0.2578277476240149,0.20077503112962053
2016-06-23 16:00:00,0.2626181966562355,0.1874280121611089
2016-06-23 17:00:00,0.2814102833507187,0.18635158912854483
2016-06-23 18:00:00,0.230366494625058,0.14112636835062584
2016-06-23 19:00:00,0.24799665784364858,0.11809082872701936
2016-06-23 20:00:00,0.20955332258344928,0.11591121029058284
2016-06-23 21:00:00,0.18965666659422814,0.11682912243893018
2016-06-23 22:00:00,0.19711009689383407,0.10795722431972421
2016-06-23 23:00:00,0.1565625899252434,0.09660793063353215
2016-06-24 00:00:00,0.12549460761474268,0.08330311981669275
2016-06-24 01:00:00,0.11069704504230413,0.07649007373670055
2016-06-24 02:00:00,0.11127313176576267,0.06684199395795032
2016-06-24 03:00:00,0.10885723168752896,0.050660146734304703
2016-06-24 04:00:00,0.11252317301228557,0.028447793274105224
2016-06-24 05:00:00,0.15149061123667135,0.021371067626149036
2016-06-24 06:00:00,0.21215164310964313,0.04321671103794251
2016-06-24 07:00:00,0.257203764820932,0.06386535926364169
2016-06-24 08:00:00,0.3067829896557719,0.09468594124476823
2016-06-24 09:00:00,0.29058781320989796,0.11456580704957951
2016-06-24 10:00:00,0.28495735907800185,0.14154156303823584
2016-06-24 11:00:00,0.3011193350139084,0.1644028502517113
2016-06-24 12:00:00,0.29813309272137223,0.1380531116045864
2016-06-24 13:00:00,0.2512404571743161,0.09736600406155875
2016-06-24 14:00:00,0.23166527326726952,0.05411552254625463
2016-06-24 15:00:00,0.22956267544622164,0.061725205791022884
2016-06-24 16:00:00,0.23806945915913313,0.09599363611250733
2016-06-24 17:00:00,0.2362808926170607,0.09931113730862508
2016-06-24 18:00:00,0.2404066451958739,0.08734908881219441
2016-06-24 19:00:00,0.22995444816295782,0.06117322314345787
2016-06-24 20:00:00,0.20041379069598986,0.041283341150058675
2016-06-24 21:00:00,0.18552499471198433,0.03641571013822609
2016-06-24 22:00:00,0.17035651340113572,0.06680564952293173
2016-06-24 23:00:00,0.15959002331073247,0.08561171584519851
2016-06-25 00:00:00,0.1379825073742466,0.10713391916560727
2016-06-25 01:00:00,0.1212065096488178,0.12846090752342068
2016-06-25 02:00:00,0.10963241588433009,0.12153078463832388
2016-06-25 03:00:00,0.11055125999652293,0.1477997664968707
2016-06-25 04:00:00,0.11113708003013444,0.15343751687199295
2016-06-25 05:00:00,0.12656492305574873,0.1337292794212302
2016-06-25 06:00:00,0.16775384031641166,0.112426657317035
2016-06-25 07:00:00,0.1681171172200974,0.1235811743103853
2016-06-25 08:00:00,0.1839172762952016,0.15439272144034807
2016-06-25 09:00:00,0.19530874198829393,0.1840085101924996
2016-06-25 10:00:00,0.206639355571975,0.1504632765579405
2016-06-25 11:00:00,0.21176450964881782,0.16474739898401136
2016-06-25 12:00:00,0.19545184112772362,0.18857218363362996
2016-06-25 13:00:00,0.19217903866770997,0.14881839675743197
2016-06-25 14:00:00,0.174940953277121,0.1039465141816937
2016-06-25 15:00:00,0.14560932687181266,0.04416138175938782
2016-06-25 16:00:00,0.19964050669332412,0.03228930544626442
2016-06-25 17:00:00,0.19779978987019012,0.02408109272921963
2016-06-25 18:00:00,0.2248836985106629,0.0670664283910131
2016-06-25 19:00:00,0.2282518059805284,0.24848035634074905
2016-06-25 20:00:00,0.20669947224153906,0.40016843911905925
2016-06-25 21:00:00,0.20784288051981928,0.3481394242857911
2016-06-25 22:00:00,0.17659075890994438,0.31485092888837274
2016-06-25 23:00:00,0.17188313191063975,0.30674846218790336
2016-06-26 00:00:00,0.13640863230180805,0.28786561253139054
2016-06-26 01:00:00,0.11576262350776535,0.2717276716676608
2016-06-26 02:00:00,0.10371253953697265,0.2732433671553882
2016-06-26 03:00:00,0.10103236907452479,0.24984449781155876
2016-06-26 04:00:00,0.09619504101471951,0.24580643723718948
2016-06-26 05:00:00,0.11023510306560037,0.25500207617054566
2016-06-26 06:00:00,0.14105404530308296,0.23688195555906508
2016-06-26 07:00:00,0.16962459328639312,0.24552932745985723
2016-06-26 08:00:00,0.17298010447090867,0.27103322405451796
2016-06-26 09:00:00,0.1836079721691006,0.3006206146236064
2016-06-26 10:00:00,0.18553850879404266,0.2952966179010854
2016-06-26 11:00:00,0.19438361158437636,0.33787441078613323
2016-06-26 12:00:00,0.20083391305922582,0.3821659116287403
2016-06-26 13:00:00,0.1889530650933009,0.32832571313196757
2016-06-26 14:00:00,0.17652118661624944,0.2712347125444454
2016-06-26 15:00:00,0.15583615540971257,0.17033637627571868
2016-06-26 16:00:00,0.15819031765762637,0.13362187461817912
2016-06-26 17:00:00,0.15947993693497908,0.11877150451256599
2016-06-26 18:00:00,0.16986319512053777,0.08589601971944062
2016-06-26 19:00:00,0.1625497697757303,0.09082476978931153
2016-06-26 20:00:00,0.17361704696917016,0.0984921651194993
2016-06-26 21:00:00,0.1570429519007881,0.12011038320364756
2016-06-26 22:00:00,0.14705254160871578,0.14619582826197924
2016-06-26 23:00:00,0.1364753320729022,0.16292911079860162
2016-06-27 00:00:00,0.11910111196105702,0.15693410895980833
2016-06-27 01:00:00,0.10471752126796477,0.13950431620824366
2016-06-27 02:00:00,0.10457276582058411,0.10503616082114217
2016-06-27 03:00:00,0.0992326559892211,0.08191062985835126
2016-06-27 04:00:00,0.1039329446134678,0.08426867405662039
2016-06-27 05:00:00,0.1235888754925823,0.10853824272711715
2016-06-27 06:00:00,0.18905842592431615,0.15205100501505966
2016-06-27 07:00:00,0.2107510926489336,0.13866531841037547
2016-06-27 08:00:00,0.22952744262865082,0.12349892181473693
2016-06-27 09:00:00,0.2696681352283265,0.13220220928896925
2016-06-27 10:00:00,0.2708923661769819,0.13410073394293953
2016-06-27 11:00:00,0.29654516789812235,0.1346907225468414
2016-06-27 12:00:00,0.26337561907452495,0.14245048605197536
2016-06-27 13:00:00,0.25930055221372283,0.14200673373616268
2016-06-27 14:00:00,0.22909593671766337,0.19526919540176996
2016-06-27 15:00:00,0.22164005364800646,0.2334819639434285
2016-06-27 16:00:00,0.20219469148412142,0.17149299540910423
2016-06-27 17:00:00,0.20513464777468698,0.13508853176545077
2016-06-27 18:00:00,0.2020213669448308,0.10801870472672598
2016-06-27 19:00:00,0.19349916608715814,0.10432977824305689
2016-06-27 20:00:00,0.167798624391516,0.10459559126906903
2016-06-27 21:00:00,0.16062723716388505,0.12481639758610405
2016-06-27 22:00:00,0.1662749480615438,0.16112104707329356
2016-06-27 23:00:00,0.14466332268486326,0.18884685302855467
2016-06-28 00:00:00,0.11229408007359756,0.17064906990729514
2016-06-28 01:00:00,0.09768712055227166,0.1422575188226579
2016-06-28 02:00:00,0.09915467065078808,0.12684752337091726
2016-06-28 03:00:00,0.09775489418173389,0.12456472643389396
2016-06-28 04:00:00,0.10295970516052384,0.12201088766081553
2016-06-28 05:00:00,0.1394678658003014,0.12620730792797769
2016-06-28 06:00:00,0.19488756913537317,0.14048055985355956
2016-06-28 07:00:00,0.21529027772948553,0.16585265186128498
2016-06-28 08:00:00,0.24916268845618916,0.21403731243756113
2016-06-28 09:00:00,0.2789636320555169,0.2953428137116664
2016-06-28 10:00:00,0.25252391831826615,0.3252047830896733
2016-06-28 11:00:00,0.27084881138444583,0.3415704654296891
2016-06-28 12:00:00,0.2596872377289059,0.32634889655354
2016-06-28 13:00:00,0.23546669025266567,0.27277090473684723
2016-06-28 14:00:00,0.23351052993161797,0.2340955066460981
2016-06-28 15:00:00,0.20724965439557252,0.1914751585509975
2016-06-28 16:00:00,0.21583651957290226,0.13739949295570117
2016-06-28 17:00:00,0.23206926295201674,0.07518335410923137
2016-06-28 18:00:00,0.2116829382678488,0.01836696652346958
2016-06-28 19:00:00,0.18376529676634218,0.015303735966946997
2016-06-28 20:00:00,0.19376117078117755,0.018141217853363974
2016-06-28 21:00:00,0.1710477432197497,0.027795291423772735
2016-06-28 22:00:00,0.15933970119089014,0.03145129420780363
2016-06-28 23:00:00,0.1465685627318034,0.029877950869890472
2016-06-29 00:00:00,0.11467977307892907,0.03002613834578525
2016-06-29 01:00:00,0.09913818069077425,0.02360993371142187
2016-06-29 02:00:00,0.10050786740843769,0.029991073378349303
2016-06-29 03:00:00,0.09900008459376444,0.04844491729424995
2016-06-29 04:00:00,0.10495829701263329,0.05083330676990025
2016-06-29 05:00:00,0.13537642464939725,0.04128107991017994
2016-06-29 06:00:00,0.1843361760547056,0.05757333760712889
2016-06-29 07:00:00,0.2170497204595503,0.07907878873019754
2016-06-29 08:00:00,0.2607656902236904,0.11173262419875801
2016-06-29 09:00:00,0.2714475387546361,0.15374351008087225
2016-06-29 10:00:00,0.2584846717083912,0.18564546975811647
2016-06-29 11:00:00,0.2561897018428372,0.20468454505309985
2016-06-29 12:00:00,0.282601710738294,0.2024704983194796
2016-06-29 13:00:00,0.25074643169042654,0.19844547917093672
2016-06-29 14:00:00,0.23552838580783497,0.1486050597054078
2016-06-29 15:00:00,0.2564177303981225,0.0789866642246724
2016-06-29 16:00:00,0.24589675166608704,0.05489457144699783
2016-06-29 17:00:00,0.26447051687818723,0.029274167020584777
2016-06-29 18:00:00,0.24758397973168744,0.007876585765548602
2016-06-29 19:00:00,0.19194604207232274,0.004980681245110503
2016-06-29 20:00:00,0.16991584308356505,0.0040574277688734586
2016-06-29 21:00:00,0.1684708054155076,0.00655210901975357
2016-06-29 22:00:00,0.14912678242350497,0.007075527169763347
2016-06-29 23:00:00,0.12993637240669903,0.0071495233025620965
2016-06-30 00:00:00,0.11456102125347702,0.005630138534128692
2016-06-30 01:00:00,0.10442500147774687,0.005683541289164873
2016-06-30 02:00:00,0.10406621580899397,0.005767365075396049
2016-06-30 03:00:00,0.10551589368915164,0.004804955986945042
2016-06-30 04:00:00,0.10786042211404726,0.006369401226481518
2016-06-30 05:00:00,0.1410225200799722,0.02137382598474477
2016-06-30 06:00:00,0.2074676131345619,0.051230902831801275
2016-06-30 07:00:00,0.2417620679763561,0.07851551359304712
2016-06-30 08:00:00,0.2348416426460362,0.12702346409813228
2016-06-30 09:00:00,0.25157358158031984,0.19101088175899675
2016-06-30 10:00:00,0.26525005440136773,0.21924454481840394
2016-06-30 11:00:00,0.27948189277642566,0.22368979194763342
2016-06-30 12:00:00,0.26941233675243376,0.20161061302068256
2016-06-30 13:00:00,0.2549029343416782,0.16901264977674554
2016-06-30 14:00:00,0.24928211598864164,0.12396035862556225
2016-06-30 15:00:00,0.22332832004809913,0.07945067194113048
2016-06-30 16:00:00,0.2204677696453407,0.0928108833918932
2016-06-30 17:00:00,0.21076078646557714,0.10377767035639547
2016-06-30 18:00:00,0.20848858178314783,0.1084979076548015
2016-06-30 19:00:00,0.1878820579943208,0.14253369766932328
2016-06-30 20:00:00,0.17958913441701435,0.16449857617201252
2016-06-30 21:00:00,0.17495556888908206,0.17055696870545667
2016-06-30 22:00:00,0.15953102587505796,0.1556849306173968
2016-06-30 23:00:00,0.14260908776657394,0.1257434339067084
2016-07-01 00:00:00,0.11605740046940191,0.11318504212321533
2016-07-01 01:00:00,0.10589461714765883,0.11757379149682183
2016-07-01 02:00:00,0.10381958540507649,0.10580788110263055
2016-07-01 03:00:00,0.10058259108426051,0.09366861733625072
2016-07-01 04:00:00,0.10542241424721838,0.09249627604478779
2016-07-01 05:00:00,0.13992696647542885,0.07536200028290632
2016-07-01 06:00:00,0.204172664928141,0.07310248037150402
2016-07-01 07:00:00,0.21641459624188694,0.10854797159446507
2016-07-01 08:00:00,0.2393440579653454,0.16842501587492664
2016-07-01 09:00:00,0.25861995145166905,0.24348141846034616
2016-07-01 10:00:00,0.25377458821569315,0.2780525983046156
2016-07-01 11:00:00,0.26956893019819195,0.26140996744225486
2016-07-01 12:00:00,0.2687367385547057,0.20740119885884015
2016-07-01 13:00:00,0.24755033013154848,0.20136480529625467
2016-07-01 14:00:00,0.2210956967576495,0.1755310215312439
2016-07-01 15:00:00,0.2243975213838665,0.14690829760708002
2016-07-01 16:00:00,0.20523421304184053,0.17194399281747505
2016-07-01 17:00:00,0.21419919123783027,0.18744683662155293
2016-07-01 18:00:00,0.21202355913885024,0.2019086638769802
2016-07-01 19:00:00,0.20238287630389437,0.23812166748562485
2016-07-01 20:00:00,0.19976081775904025,0.23547185374672402
2016-07-01 21:00:00,0.18818681641168283,0.1978321537152357
2016-07-01 22:00:00,0.16992300223110807,0.19070295955886954
2016-07-01 23:00:00,0.16996169404844697,0.17365368990132993
2016-07-02 00:00:00,0.1479231874420492,0.14899276948107765
2016-07-02 01:00:00,0.12279482065658323,0.1323154231840407
2016-07-02 02:00:00,0.11016865527932318,0.12910460889125758
2016-07-02 03:00:00,0.11075408486903102,0.13598006351393507
2016-07-02 04:00:00,0.1085067590693092,0.12803848324980444
2016-07-02 05:00:00,0.12591397041608715,0.08958685636182281
2016-07-02 06:00:00,0.16885249643602235,0.06776239662487776
2016-07-02 07:00:00,0.17461146037610104,0.10273363592382165
2016-07-02 08:00:00,0.19478199313282327,0.15073325384622538
2016-07-02 09:00:00,0.19156667586636536,0.1879489114399081
2016-07-02 10:00:00,0.179227028004752,0.18645340167000776
2016-07-02 11:00:00,0.19135497157510417,0.16034787830696257
2016-07-02 12:00:00,0.20659249636358373,0.11737368072579699
2016-07-02 13:00:00,0.17364982923331013,0.09476913189961855
2016-07-02 14:00:00,0.1516316276512517,0.06539818678197734
2016-07-02 15:00:00,0.1491743094141168,0.03529564084074908
2016-07-02 16:00:00,0.17647502578813168,0.03873758687218853
2016-07-02 17:00:00,0.1840446896152063,0.09865739624726187
2016-07-02 18:00:00,0.20070928669738067,0.1524182754862605
2016-07-02 19:00:00,0.17407047729775157,0.09230709483214354
2016-07-02 20:00:00,0.15447929033379698,0.06256738536231175
2016-07-02 21:00:00,0.1432733591649282,0.07020682106434578
2016-07-02 22:00:00,0.14309374265472882,0.07474772930686485
2016-07-02 23:00:00,0.1357984154207232,0.1037763551323098
2016-07-03 00:00:00,0.11749244687355122,0.1443811522469196
2016-07-03 01:00:00,0.10806257235164585,0.1739037481370526
2016-07-03 02:00:00,0.1027067047114047,0.1937710790997946
2016-07-03 03:00:00,0.09361127048562817,0.19502934708414824
2016-07-03 04:00:00,0.09287320326263333,0.17944475598684723
2016-07-03 05:00:00,0.10754067099849333,0.15470201618721885
2016-07-03 06:00:00,0.13043968484874824,0.1649704677925386
2016-07-03 07:00:00,0.14614248629462223,0.1930548069066595
2016-07-03 08:00:00,0.1345505938369262,0.25894073859783895
2016-07-03 09:00:00,0.15226359957406121,0.3098909279056326
2016-07-03 10:00:00,0.16951481190600365,0.3103118904228438
2016-07-03 11:00:00,0.18026208431849805,0.3277541733045178
2016-07-03 12:00:00,0.18945907025092723,0.3537283508599648
2016-07-03 13:00:00,0.1849608958333333,0.34949739867411506
2016-07-03 14:00:00,0.1588461100631664,0.31904262813343426
2016-07-03 15:00:00,0.13955391757939267,0.2915000879140427
2016-07-03 16:00:00,0.15752129357904496,0.23681468344518875
2016-07-03 17:00:00,0.1810815180516922,0.1858936000389693
2016-07-03 18:00:00,0.17855733679589708,0.17372876447858404
2016-07-03 19:00:00,0.18194493758692626,0.17578476901295717
2016-07-03 20:00:00,0.1909319697061892,0.15450268862487776
2016-07-03 21:00:00,0.16029303533553543,0.160432783106151
2016-07-03 22:00:00,0.16558944128129344,0.17970558090749067
2016-07-03 23:00:00,0.12788776684921188,0.20598515350782318
2016-07-04 00:00:00,0.1113231239279091,0.20376651491682962
2016-07-04 01:00:00,0.10119455863178026,0.1744225800593585
2016-07-04 02:00:00,0.10050215467083919,0.17519810534280264
2016-07-04 03:00:00,0.09532395876796475,0.21079089721606686
2016-07-04 04:00:00,0.10015656299258231,0.20362359328823587
2016-07-04 05:00:00,0.12130486933530366,0.14440542897354783
2016-07-04 06:00:00,0.19067603849385717,0.19660225700444942
2016-07-04 07:00:00,0.23967608492698184,0.2571318328671523
2016-07-04 08:00:00,0.23502800947496527,0.2801341791324564
2016-07-04 09:00:00,0.26039427683124716,0.3319546336150498
2016-07-04 10:00:00,0.25899470957927667,0.3957569911293273
2016-07-04 11:00:00,0.24751113299721839,0.42660967902395835
2016-07-04 12:00:00,0.24070293834028744,0.4184594989078819
2016-07-04 13:00:00,0.2365861000231803,0.39082348049995097
2016-07-04 14:00:00,0.23697734874826154,0.39083565765465483
2016-07-04 15:00:00,0.22754805534306927,0.3841332053013886
2016-07-04 16:00:00,0.2234268789261705,0.3480571179553099
2016-07-04 17:00:00,0.19666200143428375,0.27866015425782314
2016-07-04 18:00:00,0.1859815794796013,0.21316965106180322
2016-07-04 19:00:00,0.1696379372247334,0.20100786254454328
2016-07-04 20:00:00,0.18900512849153916,0.20592173601193034
2016-07-04 21:00:00,0.191476250362193,0.2028519535777919
2016-07-04 22:00:00,0.20620110308008818,0.21643437403236843
2016-07-04 23:00:00,0.16482671149165506,0.2263823458435361
2016-07-05 00:00:00,0.11741720178488642,0.2163665232400743
2016-07-05 01:00:00,0.10063021182487253,0.23260395653579108
2016-07-05 02:00:00,0.10158806097879004,0.2826003723911598
2016-07-05 03:00:00,0.10110556914986087,0.30473842186426753
2016-07-05 04:00:00,0.10519270020572546,0.3072399514927635
2016-07-05 05:00:00,0.13937996486729257,0.3135399812892627
2016-07-05 06:00:00,0.1909451178140937,0.3116643943118033
2016-07-05 07:00:00,0.24532598109353268,0.34918160149638183
2016-07-05 08:00:00,0.25978888567744546,0.4184012017206142
2016-07-05 09:00:00,0.27132918902121,0.48532992670242503
2016-07-05 10:00:00,0.27019622041608715,0.5128246624093975
2016-07-05 11:00:00,0.25658986430806674,0.5399101147803148
2016-07-05 12:00:00,0.29457140083159483,0.585984059140475
2016-07-05 13:00:00,0.256905357238062,0.5727067683901818
2016-07-05 14:00:00,0.2350838688716968,0.5069072665875711
2016-07-05 15:00:00,0.21958161238120072,0.4329878908515549
2016-07-05 16:00:00,0.21063618186427902,0.4175722298094564
2016-07-05 17:00:00,0.21539854744726475,0.38806182834950137
2016-07-05 18:00:00,0.20174626429937412,0.34359405675884996
2016-07-05 19:00:00,0.21904928264082069,0.32784477193985917
2016-07-05 20:00:00,0.19250161708970795,0.3246530861254645
2016-07-05 21:00:00,0.17190582953755218,0.3080947880270878
2016-07-05 22:00:00,0.16410978931965692,0.32061076912199293
2016-07-05 23:00:00,0.1323742621551924,0.30746207192250147
2016-07-06 00:00:00,0.10989132461172933,0.2845547701430666
2016-07-06 01:00:00,0.09637149304589712,0.30102869741506944
2016-07-06 02:00:00,0.10060985221082525,0.28253601419494423
2016-07-06 03:00:00,0.09994858415913307,0.25447069335893796
2016-07-06 04:00:00,0.10315255508229021,0.23298837633365932
2016-07-06 05:00:00,0.14257121947438567,0.20093034913426555
2016-07-06 06:00:00,0.1895439650121697,0.2319711476073244
2016-07-06 07:00:00,0.2321019192454798,0.27920965735184816
2016-07-06 08:00:00,0.2378069697061892,0.3177527816201838
2016-07-06 09:00:00,0.2566679520746408,0.35038252783683754
2016-07-06 10:00:00,0.2767281722444368,0.33417765823425566
2016-07-06 11:00:00,0.24381621722879004,0.33232743200650305
2016-07-06 12:00:00,0.25621248264371804,0.335798795865881
2016-07-06 13:00:00,0.24757962517385265,0.32034100291360257
2016-07-06 14:00:00,0.24003437268196573,0.28205267257099553
2016-07-06 15:00:00,0.2205401445004636,0.21674065031121645
2016-07-06 16:00:00,0.2132175209782105,0.17331790319606888
2016-07-06 17:00:00,0.21227785093590634,0.1365235570071876
2016-07-06 18:00:00,0.1892976745334956,0.12401175342240367
2016-07-06 19:00:00,0.21404076298099206,0.1415518654193233
2016-07-06 20:00:00,0.2313230345966621,0.1387748734076374
2016-07-06 21:00:00,0.21693436193208157,0.13661025458023668
2016-07-06 22:00:00,0.1567051738235976,0.11998003105974966
2016-07-06 23:00:00,0.14053437140704683,0.12321656260067473
2016-07-07 00:00:00,0.1192611769674316,0.13284079008395266
2016-07-07 01:00:00,0.10419203256838203,0.13978378219274398
2016-07-07 02:00:00,0.10474310665855355,0.14847321837898494
2016-07-07 03:00:00,0.10608473165855353,0.1379914272907784
2016-07-07 04:00:00,0.10630136119320818,0.13797126218761002
2016-07-07 05:00:00,0.13939690427967083,0.16982584885277713
2016-07-07 06:00:00,0.20447355224269814,0.23164177052708773
2016-07-07 07:00:00,0.21756800596893847,0.2516989242668198
2016-07-07 08:00:00,0.23746728330725553,0.2377861637020829
2016-07-07 09:00:00,0.24612178701611037,0.20832321254713476
2016-07-07 10:00:00,0.2506300865785813,0.187537700102435
2016-07-07 11:00:00,0.24922623422287896,0.2382157874597105
2016-07-07 12:00:00,0.2650956228558182,0.29446262629092496
2016-07-07 13:00:00,0.23049675547635606,0.2715872491755328
2016-07-07 14:00:00,0.22700230418405193,0.23350433285918235
2016-07-07 15:00:00,0.21860050188340283,0.1760459701218463
2016-07-07 16:00:00,0.20550136991481233,0.15837634827508318
2016-07-07 17:00:00,0.20946379788189604,0.11612473191560731
2016-07-07 18:00:00,0.18247091398643955,0.06653503344289066
2016-07-07 19:00:00,0.2176390820294391,0.06720004992181694
2016-07-07 20:00:00,0.2160731677532453,0.06878490463343438
2016-07-07 21:00:00,0.1911263703059805,0.05903743383967337
2016-07-07 22:00:00,0.15952180237308766,0.046079485201740655
2016-07-07 23:00:00,0.14413374695757988,0.03321021239316448
2016-07-08 00:00:00,0.12030390139661568,0.01578174675767651
2016-07-08 01:00:00,0.10043084063514138,0.011783161551584195
2016-07-08 02:00:00,0.10196507923331016,0.010638241251809111
2016-07-08 03:00:00,0.09968408260894757,0.009476717892333267
2016-07-08 04:00:00,0.10643799171302738,0.010131636195482106
2016-07-08 05:00:00,0.14457683678140934,0.020891101474867984
2016-07-08 06:00:00,0.19467812032046825,0.05312437804112069
2016-07-08 07:00:00,0.21841726108310158,0.08617632165240564
2016-07-08 08:00:00,0.24976317215751054,0.13295227296948955
2016-07-08 09:00:00,0.2697830784075105,0.17692918936069824
2016-07-08 10:00:00,0.2546776043260315,0.1852455321478096
2016-07-08 11:00:00,0.2562463522398007,0.1710056067006648
2016-07-08 12:00:00,0.2741511616828928,0.1396751900284569
2016-07-08 13:00:00,0.22805204998261477,0.13574471740436148
2016-07-08 14:00:00,0.21079069046998145,0.13477214210737337
2016-07-08 15:00:00,0.20739335706420958,0.11270188989199095
2016-07-08 16:00:00,0.20885720963722765,0.08068999944616663
2016-07-08 17:00:00,0.22518989802097825,0.06842511502889692
2016-07-08 18:00:00,0.21043318915159942,0.06494106168061804
2016-07-08 19:00:00,0.20013396712737602,0.0620211956263446
2016-07-08 20:00:00,0.19402514305169208,0.06713392632334246
2016-07-08 21:00:00,0.18729328597299494,0.07744369703730684
2016-07-08 22:00:00,0.17394417449003252,0.06992405701012126
2016-07-08 23:00:00,0.15575447124188688,0.05502715897349892
2016-07-09 00:00:00,0.1421781577567223,0.03908908326593976
2016-07-09 01:00:00,0.12188527810616596,0.033909999692108346
2016-07-09 02:00:00,0.10948357669796008,0.03299124473885194
2016-07-09 03:00:00,0.11216372251680573,0.0442551077577254
2016-07-09 04:00:00,0.11347368134272143,0.060426724663700374
2016-07-09 05:00:00,0.12231088508344928,0.07409019633488166
2016-07-09 06:00:00,0.16336571023122384,0.09335500857730292
2016-07-09 07:00:00,0.1806445735541261,0.11355342880906516
2016-07-09 08:00:00,0.1981562422780482,0.166093280664776
2016-07-09 09:00:00,0.205739711491655,0.21261886179219636
2016-07-09 10:00:00,0.20522583924432095,0.21240805519440636
2016-07-09 11:00:00,0.20658835261648123,0.2452875578031488
2016-07-09 12:00:00,0.18105237317454798,0.26753065894518857
2016-07-09 13:00:00,0.17395472441469634,0.25030192788807964
2016-07-09 14:00:00,0.16225594400498378,0.20881981256018967
2016-07-09 15:00:00,0.16200128620479834,0.16800578298381577
2016-07-09 16:00:00,0.1827340813340287,0.1395784395689419
2016-07-09 17:00:00,0.20364869061485866,0.09681770188592802
2016-07-09 18:00:00,0.22169377339765878,0.059448757937512225
2016-07-09 19:00:00,0.22524039587679648,0.04596783632231565
2016-07-09 20:00:00,0.2161095941121928,0.028976048390573047
2016-07-09 21:00:00,0.19677022758750579,0.01967698388451007
2016-07-09 22:00:00,0.18297095085767268,0.014297668541071777
2016-07-09 23:00:00,0.1587567895949235,0.01598848407480931
2016-07-10 00:00:00,0.12994457995769587,0.02407059858977117
2016-07-10 01:00:00,0.11335037337737597,0.03691983959148249
2016-07-10 02:00:00,0.10215126902236904,0.03247821205495795
2016-07-10 03:00:00,0.09835272122739919,0.030050310097643265
2016-07-10 04:00:00,0.10032294698945295,0.029684925101017015
2016-07-10 05:00:00,0.11298528634967547,0.03152816402547427
2016-07-10 06:00:00,0.14355642869146962,0.0538741496894191
2016-07-10 07:00:00,0.1552964868886184,0.06788336691800313
2016-07-10 08:00:00,0.16497858076900782,0.10387589498166437
2016-07-10 09:00:00,0.17152702094923508,0.15212143188451
2016-07-10 10:00:00,0.19737975039116834,0.1652147465038138
2016-07-10 11:00:00,0.21219305345966621,0.18953913251466858
2016-07-10 12:00:00,0.2063336664638387,0.2135655961063954
2016-07-10 13:00:00,0.19859196252028283,0.19564855979586349
2016-07-10 14:00:00,0.1723724799779786,0.161890687980442
2016-07-10 15:00:00,0.18791155955899397,0.1244965869358009
2016-07-10 16:00:00,0.18707198018080673,0.10944310931141214
2016-07-10 17:00:00,0.23450536329392685,0.07212857324643063
2016-07-10 18:00:00,0.2455577234874825,0.06266324211744571
2016-07-10 19:00:00,0.20220210760025503,0.09685771118159593
2016-07-10 20:00:00,0.18937968289290685,0.13879841299564832
2016-07-10 21:00:00,0.17708539577538254,0.13230394492362604
2016-07-10 22:00:00,0.17196416710129808,0.12475840275342262
2016-07-10 23:00:00,0.1547897085216736,0.08768119920912379
2016-07-11 00:00:00,0.12847293736961057,0.11468563780945629
2016-07-11 01:00:00,0.11028044988699581,0.14172240469685116
2016-07-11 02:00:00,0.10947327903337972,0.09965525167240366
2016-07-11 03:00:00,0.10427050344807604,0.07133035119435752
2016-07-11 04:00:00,0.1099804138850255,0.06075049477337179
2016-07-11 05:00:00,0.13876992679357905,0.0593318151127518
2016-07-11 06:00:00,0.21189922373377365,0.07010309994499314
2016-07-11 07:00:00,0.26120790653975434,0.07810778287492665
2016-07-11 08:00:00,0.27932427935210946,0.1103947695477215
2016-07-11 09:00:00,0.2774856122508113,0.17080152304654797
2016-07-11 10:00:00,0.27396495120537784,0.1782019111092803
2016-07-11 11:00:00,0.2692005917362078,0.20347085720046937
2016-07-11 12:00:00,0.26835434863235974,0.21821949531610582
2016-07-11 13:00:00,0.25271433269587396,0.19688884917181687
2016-07-11 14:00:00,0.2411588180053315,0.1974549085168687
2016-07-11 15:00:00,0.23492808499942047,0.15064681805466457
2016-07-11 16:00:00,0.23327216092953165,0.11193639756908857
2016-07-11 17:00:00,0.2568578240032452,0.060976737937658905
2016-07-11 18:00:00,0.239298005983426,0.015037220696900055
2016-07-11 19:00:00,0.22223696821395458,0.011154682762663798
2016-07-11 20:00:00,0.1883490284973342,0.008298938467924897
2016-07-11 21:00:00,0.17037337843358832,0.008572442781439468
2016-07-11 22:00:00,0.16524251938456191,0.00652100561069822
2016-07-11 23:00:00,0.14224143571801107,0.011340217938881281
2016-07-12 00:00:00,0.1290549468590635,0.017407721390670837
2016-07-12 01:00:00,0.10507091016168287,0.022362251176461956
2016-07-12 02:00:00,0.11039159556096431,0.023490010278505773
2016-07-12 03:00:00,0.1012079873087622,0.027749921988362996
2016-07-12 04:00:00,0.10688663856050071,0.04100665389042636
2016-07-12 05:00:00,0.14543115484469168,0.06706644083561512
2016-07-12 06:00:00,0.22855817096951792,0.09992761077518089
2016-07-12 07:00:00,0.2583079760083449,0.1122364484523274
2016-07-12 08:00:00,0.27712850536045425,0.15864096999080773
2016-07-12 09:00:00,0.2899130014053083,0.21746846298073538
2016-07-12 10:00:00,0.30501947170549376,0.23157484696205738
2016-07-12 11:00:00,0.29534939186369946,0.2382903702892137
2016-07-12 12:00:00,0.28693701470502997,0.21870296616722087
2016-07-12 13:00:00,0.2574054219401946,0.16230947456224323
2016-07-12 14:00:00,0.25806615758286966,0.14495515712908275
2016-07-12 15:00:00,0.26492478617582293,0.11807921186416975
2016-07-12 16:00:00,0.24314074278511832,0.10445911794381962
2016-07-12 17:00:00,0.2457550173562818,0.09184449734539413
2016-07-12 18:00:00,0.22851484612598522,0.07246342553187951
2016-07-12 19:00:00,0.2039541355180806,0.09172533647995307
2016-07-12 20:00:00,0.19272486777063044,0.08553316940802855
2016-07-12 21:00:00,0.20169516947728322,0.06300378145799922
2016-07-12 22:00:00,0.20285388260605008,0.03497991592426168
2016-07-12 23:00:00,0.14124909718358836,0.026548281216751415
2016-07-13 00:00:00,0.12676651757359755,0.025702092187121064
2016-07-13 01:00:00,0.10130695439267495,0.016970603704674358
2016-07-13 02:00:00,0.10697126776193788,0.02003027050762762
2016-07-13 03:00:00,0.10419346635952717,0.02249300609813221
2016-07-13 04:00:00,0.10715977426692162,0.02550205896029728
2016-07-13 05:00:00,0.14067678843590636,0.029086081669812247
2016-07-13 06:00:00,0.20169261632185898,0.04145547422061412
2016-07-13 07:00:00,0.24030708166724624,0.05418366579483668
2016-07-13 08:00:00,0.2626287473777237,0.0805141566806669
2016-07-13 09:00:00,0.276207983512981,0.10024145531307457
2016-07-13 10:00:00,0.26690471389661574,0.08300542903657343
2016-07-13 11:00:00,0.26615591381258685,0.0773535573499413
2016-07-13 12:00:00,0.26132505111265636,0.08421798752034027
2016-07-13 13:00:00,0.26494038235975886,0.0768775646849208
2016-07-13 14:00:00,0.2734241406032685,0.066032617989732
2016-07-13 15:00:00,0.24746649465403342,0.06300646035365737
2016-07-13 16:00:00,0.24637113969054247,0.07032354392548408
2016-07-13 17:00:00,0.24811453243799242,0.06605795726608643
2016-07-13 18:00:00,0.23406953342315712,0.038981327512663796
2016-07-13 19:00:00,0.2163017285436949,0.02508108265421474
2016-07-13 20:00:00,0.21765015985744085,0.01346641444621553
2016-07-13 21:00:00,0.17947176131490494,0.012071349259192253
2016-07-13 22:00:00,0.16472329879462222,0.008452311244083709
2016-07-13 23:00:00,0.14247711155540108,0.005826623967093683
2016-07-14 00:00:00,0.1184112032046824,0.009401384001515743
2016-07-14 01:00:00,0.10380423542535927,0.014374749942646196
2016-07-14 02:00:00,0.10276936271441817,0.012480287310189712
2016-07-14 03:00:00,0.10206038017211405,0.0070256878085272825
2016-07-14 04:00:00,0.10160666588433011,0.006396430032368472
2016-07-14 05:00:00,0.1408728729427445,0.010761652413895949
2016-07-14 06:00:00,0.20755484958854897,0.030080352720271854
2016-07-14 07:00:00,0.24203208092837272,0.04911733112111285
2016-07-14 08:00:00,0.2624921093242931,0.08462335118301391
2016-07-14 09:00:00,0.28095858514429767,0.12001559785825344
2016-07-14 10:00:00,0.25908293244378766,0.12176462488646582
2016-07-14 11:00:00,0.2752660455928374,0.13048037410786226
2016-07-14 12:00:00,0.26657678839244325,0.1424719431682964
2016-07-14 13:00:00,0.25243533991075573,0.12151696652122042
2016-07-14 14:00:00,0.2673139532626333,0.09903923438895954
2016-07-14 15:00:00,0.2676507922461753,0.06951130319499316
2016-07-14 16:00:00,0.267110855354659,0.05940102564155096
2016-07-14 17:00:00,0.2561278634098286,0.03735760209466067
2016-07-14 18:00:00,0.24466860944019478,0.011852323629082735
2016-07-14 19:00:00,0.22607580166318958,0.010330500131331898
2016-07-14 20:00:00,0.21648442367872028,0.01191232241487385
2016-07-14 21:00:00,0.20495562100139092,0.013187128925973008
2016-07-14 22:00:00,0.17271907094633748,0.01718814099173675
2016-07-14 23:00:00,0.15194318809399635,0.015792615310629768
2016-07-15 00:00:00,0.11886491384156235,0.015199795213279875
2016-07-15 01:00:00,0.10457637599965228,0.014171005472961077
2016-07-15 02:00:00,0.10505044924953638,0.009534875523909641
2016-07-15 03:00:00,0.1008240526048911,0.009428330876931353
2016-07-15 04:00:00,0.10028777893196572,0.006852029964844513
2016-07-15 05:00:00,0.1477625171534539,0.016127329406219446
2016-07-15 06:00:00,0.2090447425822902,0.03868869565983765
2016-07-15 07:00:00,0.24548114771673624,0.05421647500640525
2016-07-15 08:00:00,0.26563883827364393,0.09476435008414824
2016-07-15 09:00:00,0.26541503529207233,0.15473120180564234
2016-07-15 10:00:00,0.26766258805632814,0.17780436579121844
2016-07-15 11:00:00,0.29099705928372743,0.21093243131131414
2016-07-15 12:00:00,0.27554359218532676,0.24848590133160564
2016-07-15 13:00:00,0.2573537171853268,0.23280074105534915
2016-07-15 14:00:00,0.2685794881200743,0.1945528870813612
2016-07-15 15:00:00,0.23207708508634683,0.14787311161328948
2016-07-15 16:00:00,0.21026523161509036,0.1427859296854097
2016-07-15 17:00:00,0.2353495914174779,0.13207906006150985
2016-07-15 18:00:00,0.2016877922751507,0.10106045216717191
2016-07-15 19:00:00,0.19095238479369495,0.10243199868580088
2016-07-15 20:00:00,0.18373066586984232,0.11439529841017994
2016-07-15 21:00:00,0.18487202642559109,0.13073094308229025
2016-07-15 22:00:00,0.16225764083507185,0.1575802157146
2016-07-15 23:00:00,0.1449038771586695,0.18392510760385292
2016-07-16 00:00:00,0.1379142624014836,0.23002134528500875
2016-07-16 01:00:00,0.10974080292362076,0.2422911607362605
2016-07-16 02:00:00,0.10176330472009737,0.18553744505353997
2016-07-16 03:00:00,0.10434000418694947,0.20099426841942108
2016-07-16 04:00:00,0.10507373189035701,0.1972340258154704
2016-07-16 05:00:00,0.11450576066295784,0.12352163866854096
2016-07-16 06:00:00,0.14670285981687542,0.15249883770227857
2016-07-16 07:00:00,0.1857987930864626,0.16323176101017015
2016-07-16 08:00:00,0.20300071983657852,0.25904975158845095
2016-07-16 09:00:00,0.21233650544738053,0.3300438521232643
2016-07-16 10:00:00,0.19532649598690316,0.27320965297486793
2016-07-16 11:00:00,0.20647915582985626,0.3187025732400254
2016-07-16 12:00:00,0.20822704055111257,0.30896005183605524
2016-07-16 13:00:00,0.18753838338838674,0.2974455524628397
2016-07-16 14:00:00,0.16507211268544267,0.37744121306380796
2016-07-16 15:00:00,0.16345032433646264,0.3691004535888422
2016-07-16 16:00:00,0.1975183287841911,0.35073709014096427
2016-07-16 17:00:00,0.18158082510431156,0.3459892469987776
2016-07-16 18:00:00,0.18205492146210023,0.33217102394274395
2016-07-16 19:00:00,0.1951850658031989,0.2986402997986505
2016-07-16 20:00:00,0.1939813632504636,0.2704334705294348
2016-07-16 21:00:00,0.1871652988960362,0.24334397917230588
2016-07-16 22:00:00,0.17616059902352801,0.2705428745098768
2016-07-16 23:00:00,0.1574055924461056,0.2920399101253178
2016-07-17 00:00:00,0.13813770453755214,0.27602062471039507
2016-07-17 01:00:00,0.11562797382069998,0.1935985108334637
2016-07-17 02:00:00,0.10275046478036626,0.08086023610874242
2016-07-17 03:00:00,0.10160157885662957,0.07352283036989046
2016-07-17 04:00:00,0.10127173609179416,0.2002010381437512
2016-07-17 05:00:00,0.10510940015067226,0.3372748603377665
2016-07-17 06:00:00,0.13027561204798335,0.3683952777669176
2016-07-17 07:00:00,0.15343863056328233,0.3610366412557697
2016-07-17 08:00:00,0.16453304328929066,0.3709669235294347
2016-07-17 09:00:00,0.16808862189962911,0.42333113789189336
2016-07-17 10:00:00,0.18349897832637918,0.40821821959387833
2016-07-17 11:00:00,0.21866950466504403,0.49618053368262255
2016-07-17 12:00:00,0.19769534682139545,0.5791944335437608
2016-07-17 13:00:00,0.18728909574930452,0.5356402003029046
2016-07-17 14:00:00,0.17561311704624477,0.5033676120957364
2016-07-17 15:00:00,0.17511910754230414,0.39655145354865046
2016-07-17 16:00:00,0.17562902281815018,0.3168593626371503
2016-07-17 17:00:00,0.1996455737859295,0.24584213665714844
2016-07-17 18:00:00,0.18602749006142782,0.18684546607642283
2016-07-17 19:00:00,0.18096105551692165,0.1903270473986407
2016-07-17 20:00:00,0.17778959614047288,0.19095576272447679
2016-07-17 21:00:00,0.16528924036566991,0.24276167136548993
2016-07-17 22:00:00,0.17115769409191012,0.29918697025420493
2016-07-17 23:00:00,0.14538568608020408,0.30227944576877563
2016-07-18 00:00:00,0.12132076606687528,0.27196982815719734
2016-07-18 01:00:00,0.10541757858136298,0.2803271934761882
2016-07-18 02:00:00,0.10443006555690773,0.3162761004140915
2016-07-18 03:00:00,0.10310381161624942,0.3306841434477312
2016-07-18 04:00:00,0.10538092335999069,0.3222268878170839
2016-07-18 05:00:00,0.1260149340084608,0.29177136792753766
2016-07-18 06:00:00,0.1930091455001159,0.2665687964186388
2016-07-18 07:00:00,0.2385469948133982,0.2894827965193135
2016-07-18 08:00:00,0.2716293128477051,0.2940325197824174
2016-07-18 09:00:00,0.2732856241597126,0.3265601451743595
2016-07-18 10:00:00,0.2749486803430691,0.34565405640983754
2016-07-18 11:00:00,0.25527493915159954,0.39518790029107176
2016-07-18 12:00:00,0.2555069471633056,0.48347303643081363
2016-07-18 13:00:00,0.2360841568729718,0.46575964383209467
2016-07-18 14:00:00,0.2551533118770284,0.4330081584502249
2016-07-18 15:00:00,0.2496027581131201,0.4265771759737922
2016-07-18 16:00:00,0.24461073978616127,0.38174907094445526
2016-07-18 17:00:00,0.2422224717489569,0.3071859246185702
2016-07-18 18:00:00,0.20045590167188218,0.2178462131796401
2016-07-18 19:00:00,0.18904672085071858,0.21032012131586156
2016-07-18 20:00:00,0.1760164302851182,0.17977088980300215
2016-07-18 21:00:00,0.16213689202306442,0.13909448739120867
2016-07-18 22:00:00,0.1563765088664812,0.1219310707003227
2016-07-18 23:00:00,0.13836936374304593,0.10300761870780362
2016-07-19 00:00:00,0.11239293231339822,0.07009763657671621
2016-07-19 01:00:00,0.10424577988815484,0.060518846134216694
2016-07-19 02:00:00,0.10548968606571624,0.06594870405955408
2016-07-19 03:00:00,0.10151397836984237,0.06993640780838059
2016-07-19 04:00:00,0.10285339263154847,0.06676228948068648
2016-07-19 05:00:00,0.13526459331536858,0.04258364669680227
2016-07-19 06:00:00,0.19771010338433007,0.026503668144044586
2016-07-19 07:00:00,0.24113260354369503,0.03927602265426365
2016-07-19 08:00:00,0.26899470840577205,0.07687719825528065
2016-07-19 09:00:00,0.27003731445584145,0.1212738796099159
2016-07-19 10:00:00,0.27952719031061657,0.17529410466198897
2016-07-19 11:00:00,0.2680415457087391,0.2218451740938294
2016-07-19 12:00:00,0.2866715330609643,0.24285970101212592
2016-07-19 13:00:00,0.28137119890183127,0.25655483277801666
2016-07-19 14:00:00,0.2453242580261939,0.23949024323107762
2016-07-19 15:00:00,0.22555772579102923,0.19829356312077054
2016-07-19 16:00:00,0.23190877571569307,0.19971257950811652
2016-07-19 17:00:00,0.2406774614481918,0.19461753448474478
2016-07-19 18:00:00,0.21970922428430695,0.18466650097809503
2016-07-19 19:00:00,0.18888905657452482,0.2210774540213182
2016-07-19 20:00:00,0.19052616158147898,0.2547678745835615
2016-07-19 21:00:00,0.17119217366423276,0.27907209042176806
2016-07-19 22:00:00,0.16756554954798336,0.27441423338079407
2016-07-19 23:00:00,0.13979584267790923,0.24503837948498922
2016-07-20 00:00:00,0.11205402862772365,0.24678409041624294
2016-07-20 01:00:00,0.10136513141805743,0.3029838736372482
2016-07-20 02:00:00,0.10574678511821976,0.32658920537600233
2016-07-20 03:00:00,0.10336441185674554,0.23076121987473108
2016-07-20 04:00:00,0.10169171124536394,0.15926349055525132
2016-07-20 05:00:00,0.1378355956189152,0.1640957233040289
2016-07-20 06:00:00,0.21853634782104764,0.15740619078740462
2016-07-20 07:00:00,0.2611490654410061,0.16994919701721095
2016-07-20 08:00:00,0.27707304576668973,0.22776296349721295
2016-07-20 09:00:00,0.27061526913827083,0.24022195798484255
2016-07-20 10:00:00,0.27658991204508576,0.24835940011108937
2016-07-20 11:00:00,0.282137880780598,0.2964583069939368
2016-07-20 12:00:00,0.27107519659828466,0.2821728122072658
2016-07-20 13:00:00,0.2675465749014836,0.2061208044739879
2016-07-20 14:00:00,0.26754152373087625,0.1767751923757578
2016-07-20 15:00:00,0.2429557934776309,0.14329164492998242
2016-07-20 16:00:00,0.25371494165797404,0.1176871055292881
2016-07-20 17:00:00,0.2504601171621465,0.08681500369093485
2016-07-20 18:00:00,0.23318483156583214,0.0641720588667123
2016-07-20 19:00:00,0.2227128998319426,0.12209391870301192
2016-07-20 20:00:00,0.22054979026135835,0.1850084336797379
2016-07-20 21:00:00,0.20559405661798796,0.1758144424221103
2016-07-20 22:00:00,0.17600316944830782,0.16842337311143163
2016-07-20 23:00:00,0.16759194869900318,0.1598650933666634
2016-07-21 00:00:00,0.12904021811254054,0.16189160435150596
2016-07-21 01:00:00,0.10636893906467312,0.17246295304116954
2016-07-21 02:00:00,0.10892221308530367,0.17939948522677485
2016-07-21 03:00:00,0.10432794315020857,0.1771471069426951
2016-07-21 04:00:00,0.11125817123029674,0.1573953725272345
2016-07-21 05:00:00,0.14490939864394994,0.14356198091164674
2016-07-21 06:00:00,0.2310638528917478,0.18423983736182284
2016-07-21 07:00:00,0.2514194148557024,0.20654600122956188
2016-07-21 08:00:00,0.2593969420781177,0.28783759745076276
2016-07-21 09:00:00,0.25220636309109884,0.3457956985685507
2016-07-21 10:00:00,0.25495217964765887,0.3788010562407098
2016-07-21 11:00:00,0.26681341316063983,0.4455092278896929
2016-07-21 12:00:00,0.2495039269239685,0.4548500056292293
2016-07-21 13:00:00,0.23083847531293467,0.37245221820374536
2016-07-21 14:00:00,0.25464407685732493,0.2528876229407881
2016-07-21 15:00:00,0.2361938249449467,0.1867951846118228
2016-07-21 16:00:00,0.23755140877086228,0.13635883004170737
2016-07-21 17:00:00,0.22963287446395453,0.08323413382832975
2016-07-21 18:00:00,0.22962271479485402,0.06519348712869157
2016-07-21 19:00:00,0.20741544536682893,0.06929571661363189
2016-07-21 20:00:00,0.18977973120943442,0.06850515213935067
2016-07-21 21:00:00,0.17978438989337037,0.072899501793761
2016-07-21 22:00:00,0.1639190316411683,0.06477131139570702
2016-07-21 23:00:00,0.13502664541318965,0.046296271678466644
2016-07-22 00:00:00,0.11559585087795546,0.048165512435947584
2016-07-22 01:00:00,0.10933660586172929,0.05503982017944455
2016-07-22 02:00:00,0.10918539160292076,0.05338136405026403
2016-07-22 03:00:00,0.10897003988467781,0.04404190832231566
2016-07-22 04:00:00,0.11297015777120997,0.045381126185800896
2016-07-22 05:00:00,0.14575855489394993,0.050750885028505756
2016-07-22 06:00:00,0.22334127084782102,0.07251813146988069
2016-07-22 07:00:00,0.2267818007070005,0.0933147082627615
2016-07-22 08:00:00,0.2435301905134445,0.14762224066702523
2016-07-22 09:00:00,0.2712096196250579,0.21594453557407592
2016-07-22 10:00:00,0.2541115183414466,0.23525942364732044
2016-07-22 11:00:00,0.26763618550069534,0.24095250274163896
2016-07-22 12:00:00,0.2630078384330088,0.24627031988675913
2016-07-22 13:00:00,0.23842874973922115,0.21493349822036953
2016-07-22 14:00:00,0.22523956583217422,0.1755703896367592
2016-07-22 15:00:00,0.22643163689441348,0.11688641368873456
2016-07-22 16:00:00,0.23947728351008357,0.08333040564844514
2016-07-22 17:00:00,0.22958533249304594,0.04478398722965971
2016-07-22 18:00:00,0.20595276290855352,0.014354517910962252
2016-07-22 19:00:00,0.1996492863207,0.022748495066643847
2016-07-22 20:00:00,0.19752201609585066,0.025148596609524742
2016-07-22 21:00:00,0.18839748693208164,0.01270623823352239
2016-07-22 22:00:00,0.17649901121349093,0.015506636122041853
2016-07-22 23:00:00,0.14870938363467778,0.014327017110942695
2016-07-23 00:00:00,0.1360357839736903,0.01959242770667905
2016-07-23 01:00:00,0.11997409709666201,0.019452838472716606
2016-07-23 02:00:00,0.11633927409306906,0.016860480108986893
2016-07-23 03:00:00,0.11496265462737597,0.020217935220467435
2016-07-23 04:00:00,0.11553030664696337,0.03496524070760806
2016-07-23 05:00:00,0.12692886549605933,0.05401469969538433
2016-07-23 06:00:00,0.19224255741481222,0.06754362772887737
2016-07-23 07:00:00,0.18521714284886429,0.13415850082642286
2016-07-23 08:00:00,0.20677447570410293,0.24225827289648943
2016-07-23 09:00:00,0.21289625489684744,0.32490446364375114
2016-07-23 10:00:00,0.20900740816237828,0.37242991709539425
2016-07-23 11:00:00,0.18782607933472412,0.39998466151941114
2016-07-23 12:00:00,0.22777269158553545,0.3986747432390474
2016-07-23 13:00:00,0.19821305556038482,0.3745206869229413
2016-07-23 14:00:00,0.17614173261474267,0.3356517439602483
2016-07-23 15:00:00,0.1870761329247797,0.2626040411372482
2016-07-23 16:00:00,0.2017051628853732,0.19050558151149038
2016-07-23 17:00:00,0.22106567576495134,0.15342121539688044
2016-07-23 18:00:00,0.22096311048331005,0.13982874362204187
2016-07-23 19:00:00,0.20114983901251743,0.14975796237399766
2016-07-23 20:00:00,0.19404606942512742,0.1212994790906024
2016-07-23 21:00:00,0.16921885607904497,0.09574020725572072
2016-07-23 22:00:00,0.15240827287610106,0.08398454703936045
2016-07-23 23:00:00,0.1367994247797867,0.08272421476237042
2016-07-24 00:00:00,0.11695143744204914,0.09693134128559552
2016-07-24 01:00:00,0.10396057681386184,0.12353887933018774
2016-07-24 02:00:00,0.09758494580146033,0.14689559499026988
2016-07-24 03:00:00,0.09668707982730644,0.1566682456225308
2016-07-24 04:00:00,0.10221516614510892,0.14608348456199882
2016-07-24 05:00:00,0.1136196025730181,0.13112456886602775
2016-07-24 06:00:00,0.14154335594865552,0.1672905379831312
2016-07-24 07:00:00,0.16467821634503946,0.22188646210668878
2016-07-24 08:00:00,0.16440747216910062,0.31213075395809703
2016-07-24 09:00:00,0.17391202846835888,0.40832519188377664
2016-07-24 10:00:00,0.21312110855644423,0.4611889978140036
2016-07-24 11:00:00,0.24611336562644873,0.4847989492142577
2016-07-24 12:00:00,0.19806362768022714,0.49614953010487955
2016-07-24 13:00:00,0.17760984509735744,0.49365071019499296
2016-07-24 14:00:00,0.14877797254578123,0.4374750862846175
2016-07-24 15:00:00,0.1652948340432313,0.3326296712288285
2016-07-24 16:00:00,0.16693679801228556,0.2673549820066497
2016-07-24 17:00:00,0.1719259214765879,0.2329191231456581
2016-07-24 18:00:00,0.19909109069309225,0.1867526496282515
2016-07-24 19:00:00,0.2417658316382708,0.2191006319826423
2016-07-24 20:00:00,0.20269146718532682,0.24432739112272642
2016-07-24 21:00:00,0.1776453525875058,0.2515476662645707
2016-07-24 22:00:00,0.15745746979311545,0.315555252429249
2016-07-24 23:00:00,0.14278813567744555,0.3476103004443086
2016-07-25 00:00:00,0.11193523562818732,0.3352984923424604
2016-07-25 01:00:00,0.10165862894065833,0.3362831132390475
2016-07-25 02:00:00,0.10333859718358833,0.35333158242005674
2016-07-25 03:00:00,0.09972363338838666,0.37612164172085855
2016-07-25 04:00:00,0.1072893726964534,0.41855295798220216
2016-07-25 05:00:00,0.13998117912610109,0.44520285679268523
2016-07-25 06:00:00,0.21575046948887344,0.4754469300657147
2016-07-25 07:00:00,0.2477751242321511,0.5131547402875508
2016-07-25 08:00:00,0.2576454655337275,0.567843325700567
2016-07-25 09:00:00,0.28126645852167353,0.6358200193438295
2016-07-25 10:00:00,0.2647863680748725,0.6888436336769022
2016-07-25 11:00:00,0.267654192874942,0.7148343203077452
2016-07-25 12:00:00,0.2892887530424201,0.7161227740061119
2016-07-25 13:00:00,0.2516058082840751,0.7000860878449053
2016-07-25 14:00:00,0.253807578479949,0.650169519358498
2016-07-25 15:00:00,0.24663151389371818,0.578401176009828
2016-07-25 16:00:00,0.2847709935964302,0.5350701894330137
2016-07-25 17:00:00,0.2810278547171998,0.4826299316115785
2016-07-25 18:00:00,0.23704561894413542,0.4459184794325738
2016-07-25 19:00:00,0.20191950666434863,0.4477951464004498
2016-07-25 20:00:00,0.2249234530018545,0.4490642129115001
2016-07-25 21:00:00,0.18108253772600838,0.44691327051657537
2016-07-25 22:00:00,0.16290241797056088,0.4448907045405828
2016-07-25 23:00:00,0.1331139849617524,0.44483664049667515
2016-07-26 00:00:00,0.11387986691585533,0.44179854304116956
2016-07-26 01:00:00,0.10693418584840055,0.4366293749286133
2016-07-26 02:00:00,0.10937960815078814,0.4243428836134852
2016-07-26 03:00:00,0.10536925763502551,0.417058341269998
2016-07-26 04:00:00,0.11018015626448768,0.40467558223327793
2016-07-26 05:00:00,0.15330328349559574,0.3853388998149325
2016-07-26 06:00:00,0.21523874663885034,0.40183145146230187
2016-07-26 07:00:00,0.2431029509011358,0.4483826443696949
2016-07-26 08:00:00,0.2947231256809227,0.519309123375709
2016-07-26 09:00:00,0.32058720275556324,0.5968202958298946
2016-07-26 10:00:00,0.2809814381084842,0.6374689228352237
2016-07-26 11:00:00,0.31834911666956434,0.6476267052461862
2016-07-26 12:00:00,0.2731673383895456,0.6195755959834734
2016-07-26 13:00:00,0.25351892036103385,0.5887099404610306
2016-07-26 14:00:00,0.2526195531988873,0.5412037852619793
2016-07-26 15:00:00,0.24759541847763106,0.470889153196949
2016-07-26 16:00:00,0.24722845152410763,0.4577713189419619
2016-07-26 17:00:00,0.24409771602630978,0.3674150699801974
2016-07-26 18:00:00,0.233049237873783,0.315984017202034
2016-07-26 19:00:00,0.19736265501854433,0.31548163239252885
2016-07-26 20:00:00,0.19341890010720908,0.32848573434661643
2016-07-26 21:00:00,0.17793610481861385,0.33071812189981414
2016-07-26 22:00:00,0.15953413283785345,0.34456416909886567
2016-07-26 23:00:00,0.12821587511590168,0.3733800177787013
2016-07-27 00:00:00,0.10953096750405653,0.3878551246726481
2016-07-27 01:00:00,0.10407858395630507,0.39844366593619207
2016-07-27 02:00:00,0.10850985210941123,0.4039865820075298
2016-07-27 03:00:00,0.10431826561775616,0.4126597537651574
2016-07-27 04:00:00,0.10655000717141867,0.41730351030319773
2016-07-27 05:00:00,0.13958562850602688,0.4271652530101212
2016-07-27 06:00:00,0.20123572676170612,0.4612330249859182
2016-07-27 07:00:00,0.24997621136126563,0.5088190188610404
2016-07-27 08:00:00,0.2713468812007418,0.5690316597050655
2016-07-27 09:00:00,0.2908957608368102,0.6335128062932229
2016-07-27 10:00:00,0.25746470668173393,0.6710990209729609
2016-07-27 11:00:00,0.24978575353500235,0.690034730778359
2016-07-27 12:00:00,0.25541049316179876,0.6914577706244865
2016-07-27 13:00:00,0.2511101006896152,0.6654181096095736
2016-07-27 14:00:00,0.24549231197844243,0.6017087476599354
2016-07-27 15:00:00,0.2350541468184979,0.5206157911851163
2016-07-27 16:00:00,0.23880337930285117,0.476739872496186
2016-07-27 17:00:00,0.23563559133055167,0.42920972371992966
2016-07-27 18:00:00,0.21573644175938808,0.3997677538959515
2016-07-27 19:00:00,0.18142689465982856,0.4048596327929298
2016-07-27 20:00:00,0.1670164336897311,0.36908753817406614
2016-07-27 21:00:00,0.16855665454044966,0.32242211014203986
2016-07-27 22:00:00,0.157440331478906,0.28456999026872676
2016-07-27 23:00:00,0.13337466870943443,0.2307625102848621
2016-07-28 00:00:00,0.1108180074177098,0.19204748599995108
2016-07-28 01:00:00,0.0999826601471952,0.18761721046958732
2016-07-28 02:00:00,0.10478378501680573,0.15527274182192452
2016-07-28 03:00:00,0.10078691114684744,0.11789410117039899
2016-07-28 04:00:00,0.10778898362888271,0.09584850608136124
2016-07-28 05:00:00,0.13799466337795546,0.08671975622276545
2016-07-28 06:00:00,0.22377661136706067,0.0987531784037747
2016-07-28 07:00:00,0.23706549084376455,0.10567488043824566
2016-07-28 08:00:00,0.2546893812586926,0.10493743455813617
2016-07-28 09:00:00,0.26645800369436706,0.0981726685816057
2016-07-28 10:00:00,0.2676007746291146,0.0886516285788187
2016-07-28 11:00:00,0.24722505085187757,0.07488978677425191
2016-07-28 12:00:00,0.25733731407916094,0.0784372267242324
2016-07-28 13:00:00,0.26608551060500696,0.08032849724672404
2016-07-28 14:00:00,0.2700945573858367,0.07387003803574219
2016-07-28 15:00:00,0.2435097526947148,0.06233483226926461
2016-07-28 16:00:00,0.2615418007939268,0.05253947956175433
2016-07-28 17:00:00,0.23330780012749197,0.032630934329112064
2016-07-28 18:00:00,0.22543741274049603,0.009661059484402504
2016-07-28 19:00:00,0.22210728049663891,0.008051239039898298
2016-07-28 20:00:00,0.20341253230760314,0.006931743878251516
2016-07-28 21:00:00,0.18590037582579977,0.00889519910923137
2016-07-28 22:00:00,0.182859554633171,0.011211591136514765
2016-07-28 23:00:00,0.14879373522253128,0.008215707158028555
2016-07-29 00:00:00,0.11809016417477983,0.006932075139546254
2016-07-29 01:00:00,0.10550039021210017,0.007583297316643848
2016-07-29 02:00:00,0.10669834722705142,0.009578507425337373
2016-07-29 03:00:00,0.10071201031525269,0.009519282041854097
2016-07-29 04:00:00,0.10842484916840514,0.010287864885487974
2016-07-29 05:00:00,0.14457152344112195,0.010089340436485428
2016-07-29 06:00:00,0.22812262447844223,0.008423583345345199
2016-07-29 07:00:00,0.2381852714852805,0.006254071455554468
2016-07-29 08:00:00,0.2351226828784192,0.023060727865049868
2016-07-29 09:00:00,0.2465612849878303,0.061362394517699995
2016-07-29 10:00:00,0.26635721395456663,0.09055091790978881
2016-07-29 11:00:00,0.28078528285813636,0.11624731278813807
2016-07-29 12:00:00,0.26927864836868326,0.1422380702645707
2016-07-29 13:00:00,0.229564828479949,0.13105196793223156
2016-07-29 14:00:00,0.25961910589070464,0.1242722049567769
2016-07-29 15:00:00,0.27982674259677787,0.1275920243628985
2016-07-29 16:00:00,0.2606238510373205,0.13232270790059655
2016-07-29 17:00:00,0.24576718400846087,0.10829172380525132
2016-07-29 18:00:00,0.22220015704682433,0.05720716477478975
2016-07-29 19:00:00,0.19848498856919328,0.03350212669557989
2016-07-29 20:00:00,0.19761489131316645,0.02463861226520633
2016-07-29 21:00:00,0.18472195759445992,0.022615615981615485
2016-07-29 22:00:00,0.19060885355818263,0.026567777491052217
2016-07-29 23:00:00,0.15525179092779323,0.022187616633776646
2016-07-30 00:00:00,0.13444244117987944,0.016410828271953844
2016-07-30 01:00:00,0.1207075981687529,0.014373527458439271
2016-07-30 02:00:00,0.11403216802851188,0.011628702288773713
2016-07-30 03:00:00,0.11400073193382013,0.01428763917964013
2016-07-30 04:00:00,0.11261344048446917,0.015131203696313317
2016-07-30 05:00:00,0.13105493489221143,0.015385633445579892
2016-07-30 06:00:00,0.18121851666087152,0.012663658782710738
2016-07-30 07:00:00,0.18553887029149277,0.023347662557500485
2016-07-30 08:00:00,0.199897417767733,0.07748324266125564
2016-07-30 09:00:00,0.2275067749043811,0.14249795415318792
2016-07-30 10:00:00,0.20723543738409836,0.1923984753027087
2016-07-30 11:00:00,0.2132389119436717,0.23065415079855273
2016-07-30 12:00:00,0.19608910712216043,0.2481909432502933
2016-07-30 13:00:00,0.16826896792420032,0.24846840792318592
2016-07-30 14:00:00,0.17213520330609644,0.20541025143809905
2016-07-30 15:00:00,0.19524926140183127,0.13414978180006848
2016-07-30 16:00:00,0.19708630499536392,0.09468116561803251
2016-07-30 17:00:00,0.2027321813427213,0.06281088823151772
2016-07-30 18:00:00,0.19510029798331008,0.021325078789604927
2016-07-30 19:00:00,0.20578098946743156,0.021410032183502833
2016-07-30 20:00:00,0.17736791227688914,0.028811882920692353
2016-07-30 21:00:00,0.166111158379694,0.02738543812013495
2016-07-30 22:00:00,0.15511696612772366,0.026571145769215723
2016-07-30 23:00:00,0.1450512902034075,0.02927383409485624
2016-07-31 00:00:00,0.13095712176923968,0.0431062532392431
2016-07-31 01:00:00,0.1150356352428141,0.0622430547791903
2016-07-31 02:00:00,0.10656211465577192,0.06693268004679248
2016-07-31 03:00:00,0.1055158548910524,0.04864186454258752
2016-07-31 04:00:00,0.10883124009040333,0.039354780189321335
2016-07-31 05:00:00,0.12198764276193788,0.05685311822168981
2016-07-31 06:00:00,0.15371446622913765,0.08267111161182278
2016-07-31 07:00:00,0.15237939302271672,0.10130079118614317
2016-07-31 08:00:00,0.16228476144529433,0.15564580426633093
2016-07-31 09:00:00,0.17968168952828006,0.207718984170399
2016-07-31 10:00:00,0.16087418083565141,0.20383197285326615
2016-07-31 11:00:00,0.17141807666898468,0.22042849161813027
2016-07-31 12:00:00,0.1591361415015067,0.23629772241228245
2016-07-31 13:00:00,0.16244670248029675,0.21999426568193808
2016-07-31 14:00:00,0.17845979195642098,0.17114010895863485
2016-07-31 15:00:00,0.15817842967663412,0.1351258355252298
2016-07-31 16:00:00,0.1720288715374363,0.10851835339673385
2016-07-31 17:00:00,0.20058639497855818,0.11254730863284768
2016-07-31 18:00:00,0.20781722821047752,0.12988656173009971
2016-07-31 19:00:00,0.18149932934921187,0.13868859333175237
2016-07-31 20:00:00,0.17134212069714885,0.17315673051486405
2016-07-31 21:00:00,0.16270572509561898,0.16030937702943476
2016-07-31 22:00:00,0.1617459961028048,0.1799171845154019
2016-07-31 23:00:00,0.1358574303720446,0.21314245316638958
2016-08-01 00:00:00,0.12386605005505333,0.2535601378683259
2016-08-01 01:00:00,0.10698032090287439,0.25973511342279487
2016-08-01 02:00:00,0.10699482546650442,0.26107817339727163
2016-08-01 03:00:00,0.10274144448307834,0.25618559437316646
2016-08-01 04:00:00,0.10616119768486322,0.24104503148259337
2016-08-01 05:00:00,0.1380921094981456,0.24343692371430667
2016-08-01 06:00:00,0.21831112857846552,0.28672339178574224
2016-08-01 07:00:00,0.22432261038189613,0.3342944128101408
2016-08-01 08:00:00,0.25370898575857675,0.36146111972907274
2016-08-01 09:00:00,0.2559518120508809,0.410714679729415
2016-08-01 10:00:00,0.24991581132649504,0.45573977573093094
2016-08-01 11:00:00,0.24992962100139082,0.5124829132507331
2016-08-01 12:00:00,0.26411339021210023,0.508248300299237
2016-08-01 13:00:00,0.26298097219807626,0.4747882697168004
2016-08-01 14:00:00,0.23907607923331012,0.4308571118113143
2016-08-01 15:00:00,0.22948556587563743,0.38748092067695095
2016-08-01 16:00:00,0.2263227138386649,0.3744659603650986
2016-08-01 17:00:00,0.22653527764255907,0.365886316492519
2016-08-01 18:00:00,0.2133575805516921,0.3356767302107862
2016-08-01 19:00:00,0.19364705360454335,0.32466350552254053
2016-08-01 20:00:00,0.20181449246638838,0.3109523767806571
2016-08-01 21:00:00,0.17667532575625872,0.31138037875591623
2016-08-01 22:00:00,0.15552881936717655,0.3187340291128496
2016-08-01 23:00:00,0.13273425360744084,0.2977379637151868
2016-08-02 00:00:00,0.11404830489394999,0.26113726536055154
2016-08-02 01:00:00,0.09930708110222529,0.26577169494401526
2016-08-02 02:00:00,0.10251678730586467,0.2574742396561705
2016-08-02 03:00:00,0.09778910471719983,0.2492566805572071
2016-08-02 04:00:00,0.10111073856919334,0.23139840398234893
2016-08-02 05:00:00,0.1352266985686138,0.2334692910170153
2016-08-02 06:00:00,0.22739131964244313,0.26486197067587525
2016-08-02 07:00:00,0.23686672584898005,0.27869316585047915
2016-08-02 08:00:00,0.2760689155511126,0.34195206135492867
2016-08-02 09:00:00,0.2811412805545897,0.3889013285502641
2016-08-02 10:00:00,0.26078401385025507,0.3949484732378741
2016-08-02 11:00:00,0.25690188040391737,0.39211835900014663
2016-08-02 12:00:00,0.25886119630853044,0.3876896510580872
2016-08-02 13:00:00,0.22939631828059798,0.3774842573246625
2016-08-02 14:00:00,0.24049572195178484,0.29775387129772146
2016-08-02 15:00:00,0.224167533075452,0.22752888239360453
2016-08-02 16:00:00,0.2242214072061891,0.21551315733449053
2016-08-02 17:00:00,0.22974301958738996,0.19244082428275958
2016-08-02 18:00:00,0.22281175459260544,0.19200860625342264
2016-08-02 19:00:00,0.18944626674779796,0.19305892901833563
2016-08-02 20:00:00,0.18933312344981454,0.17302706362766473
2016-08-02 21:00:00,0.1859190031003709,0.1906160856719147
2016-08-02 22:00:00,0.16077783933124706,0.1684096861106982
2016-08-02 23:00:00,0.12780902290507648,0.14663078538783492
2016-08-03 00:00:00,0.1089931532655308,0.12857292080173086
2016-08-03 01:00:00,0.09891942043347242,0.10826519373479364
2016-08-03 02:00:00,0.1037283235541261,0.08566300629493447
2016-08-03 03:00:00,0.09888842717025959,0.06202195443726775
2016-08-03 04:00:00,0.10281813589476124,0.0364893467996284
2016-08-03 05:00:00,0.13363387492756146,0.04184979279336984
2016-08-03 06:00:00,0.20256409474965223,0.061963743426364175
2016-08-03 07:00:00,0.25215028862424665,0.07651715909035792
2016-08-03 08:00:00,0.25245777841040806,0.11834157658424602
2016-08-03 09:00:00,0.27309042838722764,0.16723179731082544
2016-08-03 10:00:00,0.23858050950394066,0.18512974113050068
2016-08-03 11:00:00,0.2348097588085303,0.18989311707172898
2016-08-03 12:00:00,0.2337328915594576,0.18836637675161358
2016-08-03 13:00:00,0.23176796498319427,0.1773122730156464
2016-08-03 14:00:00,0.2439428164986093,0.14432672971435562
2016-08-03 15:00:00,0.2325734362540565,0.09457187156752395
2016-08-03 16:00:00,0.24333377280366247,0.08256389392680427
2016-08-03 17:00:00,0.22519314066121932,0.05781744716946996
2016-08-03 18:00:00,0.2301408780424201,0.054995730722618805
2016-08-03 19:00:00,0.21763203048215127,0.07568406501496185
2016-08-03 20:00:00,0.19434099390067225,0.06493634835781341
2016-08-03 21:00:00,0.19853157162726007,0.07175464513871503
2016-08-03 22:00:00,0.17600057280076498,0.07073752051804223
2016-08-03 23:00:00,0.14921897355992125,0.0662095684678271
2016-08-04 00:00:00,0.12120601299547981,0.0603530806322609
2016-08-04 01:00:00,0.10390632611845156,0.0527043065038138
2016-08-04 02:00:00,0.1045324565803199,0.046178827009876786
2016-08-04 03:00:00,0.10060684346024575,0.04375272288979073
2016-08-04 04:00:00,0.10218048133982383,0.03653187672252103
2016-08-04 05:00:00,0.13956187859295316,0.03869458846821827
2016-08-04 06:00:00,0.2171946394587389,0.05530860422134755
2016-08-04 07:00:00,0.25756725851877604,0.08101123568301388
2016-08-04 08:00:00,0.2638421842547519,0.11854690220442993
2016-08-04 09:00:00,0.24749153555285114,0.15251289061509873
2016-08-04 10:00:00,0.23904485849849327,0.1694319621351457
2016-08-04 11:00:00,0.2607431760112425,0.18567692561270285
2016-08-04 12:00:00,0.259372413305517,0.1980231284150693
2016-08-04 13:00:00,0.251921359628535,0.1906042669978974
2016-08-04 14:00:00,0.24209193035755683,0.1594149029233327
2016-08-04 15:00:00,0.2434237440020861,0.12045887765299239
2016-08-04 16:00:00,0.23376599542188217,0.09271798978466657
2016-08-04 17:00:00,0.23265494597531283,0.05199136300488949
2016-08-04 18:00:00,0.22045315314962916,0.00667620968443184
2016-08-04 19:00:00,0.20415736558298578,0.008684771293467631
2016-08-04 20:00:00,0.18620888731455726,0.00817494249794641
2016-08-04 21:00:00,0.1739823700162263,0.008581040732397809
2016-08-04 22:00:00,0.15306391788363466,0.007031825329209857
2016-08-04 23:00:00,0.1348480530395225,0.0044938751052219835
2016-08-05 00:00:00,0.11597829825857667,0.005144727525034226
2016-08-05 01:00:00,0.09851204056560037,0.005162342561607667
2016-08-05 02:00:00,0.1023552259069309,0.006398027780021514
2016-08-05 03:00:00,0.09973449991307375,0.0063152981300117345
2016-08-05 04:00:00,0.10177385147195175,0.008057466953843146
2016-08-05 05:00:00,0.13798477109411225,0.015947850999755528
2016-08-05 06:00:00,0.20934199910176166,0.033180375865929965
2016-08-05 07:00:00,0.2176734883663653,0.04676580654742814
2016-08-05 08:00:00,0.2364332785552852,0.05125525163807941
2016-08-05 09:00:00,0.2764116160610803,0.06167132850112457
2016-08-05 10:00:00,0.2494377160987483,0.08305610587194406
2016-08-05 11:00:00,0.2615380102138386,0.11948228009823003
2016-08-05 12:00:00,0.24726416137865084,0.16408252782099547
2016-08-05 13:00:00,0.2473838780424201,0.1514008933497458
2016-08-05 14:00:00,0.23857093277700514,0.15137482126461957
2016-08-05 15:00:00,0.23699412840461284,0.17188628911319181
2016-08-05 16:00:00,0.23686035384793702,0.17885413759231372
2016-08-05 17:00:00,0.23928152684573487,0.16893688712815372
2016-08-05 18:00:00,0.2168152564180576,0.12452042743834343
2016-08-05 19:00:00,0.21497306348516468,0.08380192819763349
2016-08-05 20:00:00,0.20591520106050062,0.08575993090157441
2016-08-05 21:00:00,0.18439270064035695,0.09044463032945432
2016-08-05 22:00:00,0.15686423900382476,0.09488422516272246
2016-08-05 23:00:00,0.1397012687905656,0.09535638840025425
2016-08-06 00:00:00,0.11884722027121,0.08171849232314687
2016-08-06 01:00:00,0.1108249544071627,0.06859023247374339
2016-08-06 02:00:00,0.1008467030598053,0.05489580531459026
2016-08-06 03:00:00,0.10214838078059804,0.04535204634079796
2016-08-06 04:00:00,0.09838312592721372,0.04363673275909446
2016-08-06 05:00:00,0.1209989827885953,0.06035827523014864
2016-08-06 06:00:00,0.16034915926344456,0.06706809832671619
2016-08-06 07:00:00,0.17838306744031063,0.06006092055686485
2016-08-06 08:00:00,0.1950048068063282,0.10114531039624483
2016-08-06 09:00:00,0.19927458770862302,0.18342443297628594
2016-08-06 10:00:00,0.19883240943729721,0.22311381692064342
2016-08-06 11:00:00,0.18980633008808534,0.23674877209182477
2016-08-06 12:00:00,0.20377263734353263,0.22960990383336585
2016-08-06 13:00:00,0.16287111272890592,0.22187078656605713
2016-08-06 14:00:00,0.16608058000115905,0.21308428079596128
2016-08-06 15:00:00,0.18686194633750577,0.1983331888965871
2016-08-06 16:00:00,0.17062644543926744,0.19057037424124776
2016-08-06 17:00:00,0.21418238634388037,0.1934397972832485
2016-08-06 18:00:00,0.2067141783003013,0.23209964639903183
2016-08-06 19:00:00,0.22510590709028733,0.2852430621107471
2016-08-06 20:00:00,0.21530205051866025,0.2697309504533053
2016-08-06 21:00:00,0.1690268652497682,0.23989946546919616
2016-08-06 22:00:00,0.1637767507823365,0.23758903575435164
2016-08-06 23:00:00,0.1383424756026889,0.23028167996215526
2016-08-07 00:00:00,0.12892618660176164,0.23080334038895955
2016-08-07 01:00:00,0.1200673207000464,0.2521526049247017
2016-08-07 02:00:00,0.10183273739568846,0.2208379165495306
2016-08-07 03:00:00,0.09388727206478908,0.15675330733815765
2016-08-07 04:00:00,0.09404310787552156,0.1274472290106591
2016-08-07 05:00:00,0.11436721905424196,0.08587930396978292
2016-08-07 06:00:00,0.1332600972125637,0.07054205700684527
2016-08-07 07:00:00,0.16362907227920728,0.0952321080053784
2016-08-07 08:00:00,0.20011968767385252,0.11630792731835513
2016-08-07 09:00:00,0.19073759728500228,0.14582086881092318
2016-08-07 10:00:00,0.18587317441759393,0.15540972851031692
2016-08-07 11:00:00,0.19351422521152073,0.14839032550997455
2016-08-07 12:00:00,0.23945475198481683,0.1449761426227753
2016-08-07 13:00:00,0.22737981193497914,0.13331495918105815
2016-08-07 14:00:00,0.1828381858918636,0.12047388102244277
2016-08-07 15:00:00,0.18743206473110807,0.08924031596860937
2016-08-07 16:00:00,0.18905630961694478,0.05836059120017598
2016-08-07 17:00:00,0.20217601544390362,0.027354074129522794
2016-08-07 18:00:00,0.19876033563688,0.008936437902258948
2016-08-07 19:00:00,0.20522615313514136,0.009543525448660278
2016-08-07 20:00:00,0.208636661929184,0.010056877294494426
2016-08-07 21:00:00,0.1761119060761474,0.010137300044836692
2016-08-07 22:00:00,0.14516433631780246,0.01689895944269509
2016-08-07 23:00:00,0.1308445513154845,0.025052913969293954
2016-08-08 00:00:00,0.107025683544854,0.02827292946797379
2016-08-08 01:00:00,0.09999487595618915,0.034895364955309996
2016-08-08 02:00:00,0.0992184586230876,0.04432817389184431
2016-08-08 03:00:00,0.09810517877839595,0.04607725658224135
2016-08-08 04:00:00,0.09694630337273992,0.04588727830133972
2016-08-08 05:00:00,0.1296872512024803,0.0559795576352435
2016-08-08 06:00:00,0.20693622402352801,0.07343151290353021
2016-08-08 07:00:00,0.23848135945468252,0.09206710485351066
2016-08-08 08:00:00,0.2526736233918637,0.12643426016814974
2016-08-08 09:00:00,0.2537893730876216,0.16590605360571092
2016-08-08 10:00:00,0.2500471088317107,0.18875058761221392
2016-08-08 11:00:00,0.24832770146615663,0.2037845599983864
2016-08-08 12:00:00,0.25890463318555856,0.20348509113094057
2016-08-08 13:00:00,0.23439647980412615,0.19424879606463905
2016-08-08 14:00:00,0.23895020468242922,0.1666352945359377
2016-08-08 15:00:00,0.22927127045665277,0.13902767236328967
2016-08-08 16:00:00,0.2018871856455725,0.10937470429488556
2016-08-08 17:00:00,0.20328590358426046,0.05242288803774692
2016-08-08 18:00:00,0.19480739321105708,0.016155134849159
2016-08-08 19:00:00,0.1919794361091794,0.009985849917660862
2016-08-08 20:00:00,0.1736556260431154,0.008002438845198514
2016-08-08 21:00:00,0.1600895090403338,0.00743446083150792
2016-08-08 22:00:00,0.14232642312818727,0.005531501857128886
2016-08-08 23:00:00,0.11732424094517852,0.003382303033053002
2016-08-09 00:00:00,0.10717157734990726,0.0036934049174163893
2016-08-09 01:00:00,0.10687547892037554,0.0043136871218462745
2016-08-09 02:00:00,0.09932384543057488,0.005360103208634852
2016-08-09 03:00:00,0.09187621651889198,0.0067410379426950905
2016-08-09 04:00:00,0.09562330096777932,0.01047013704209857
2016-08-09 05:00:00,0.12614435735396384,0.019716565313759038
2016-08-09 06:00:00,0.1894582093764488,0.054569168706287904
2016-08-09 07:00:00,0.21876835134156242,0.08446167661886367
2016-08-09 08:00:00,0.25122061248261485,0.12571739717264813
2016-08-09 09:00:00,0.24766099626216964,0.1754185052449638
2016-08-09 10:00:00,0.2665654216504404,0.18390649106894186
2016-08-09 11:00:00,0.271418476660292,0.18851477761304508
2016-08-09 12:00:00,0.2611303604543347,0.18697823747633469
2016-08-09 13:00:00,0.2272057552445527,0.17699960162561124
2016-08-09 14:00:00,0.2305003063282337,0.1528156706486407
2016-08-09 15:00:00,0.21166114541318964,0.12105669759035792
2016-08-09 16:00:00,0.2057010105035931,0.09383325438499904
2016-08-09 17:00:00,0.2069471640009273,0.05906900345917271
2016-08-09 18:00:00,0.2287885124594344,0.02913204639834735
2016-08-09 19:00:00,0.20162830721198421,0.052854449728828475
2016-08-09 20:00:00,0.2033915322786277,0.0781219122354782
2016-08-09 21:00:00,0.18526621492524342,0.07337813231581262
2016-08-09 22:00:00,0.14527593597879,0.05930170714448465
2016-08-09 23:00:00,0.12243845885489103,0.07752704727948367
2016-08-10 00:00:00,0.1078529591881085,0.10421093802459416
2016-08-10 01:00:00,0.09731803156872972,0.14712039072115196
2016-08-10 02:00:00,0.09442413272195177,0.1414452884706141
2016-08-10 03:00:00,0.09191806549895687,0.18030669863348323
2016-08-10 04:00:00,0.09295016943382013,0.2154955127031097
2016-08-10 05:00:00,0.1239089090751043,0.21918360456933303
2016-08-10 06:00:00,0.1884515052010895,0.285230375648494
2016-08-10 07:00:00,0.22056277668637003,0.33501456285297276
2016-08-10 08:00:00,0.2500069698510663,0.3406936832570897
2016-08-10 09:00:00,0.2566573894152759,0.3717958623090163
2016-08-10 10:00:00,0.2656735070120538,0.3501609653098964
2016-08-10 11:00:00,0.28187374585651354,0.3209567840541756
2016-08-10 12:00:00,0.24883586722009737,0.28478165695726565
2016-08-10 13:00:00,0.22754481855586461,0.2618557878571288
2016-08-10 14:00:00,0.22900165106339818,0.2129696165150108
2016-08-10 15:00:00,0.22375180657452476,0.13527041702102485
2016-08-10 16:00:00,0.21573800722936945,0.10424534772833952
2016-08-10 17:00:00,0.23936546540333806,0.07354727335663994
2016-08-10 18:00:00,0.22179577428140934,0.04470306758644631
2016-08-10 19:00:00,0.19685689040044047,0.04303676927919029
2016-08-10 20:00:00,0.18385078787088546,0.0400209692101506
2016-08-10 21:00:00,0.15366074177097824,0.03718659806781732
2016-08-10 22:00:00,0.1418545304821512,0.04591669417602189
2016-08-10 23:00:00,0.1241681308964998,0.04377769902014472
2016-08-11 00:00:00,0.1067515973719286,0.04162577774721299
2016-08-11 01:00:00,0.09585564639835423,0.053233713545325634
2016-08-11 02:00:00,0.09119268626854425,0.06371914098200665
2016-08-11 03:00:00,0.09285998571511361,0.07805003674955995
2016-08-11 04:00:00,0.09117665436659712,0.0894185797277039
2016-08-11 05:00:00,0.12399655537204451,0.0852760724358987
2016-08-11 06:00:00,0.18921069536682886,0.09977133578774691
2016-08-11 07:00:00,0.2392663265385953,0.12979598812301973
2016-08-11 08:00:00,0.24909488133113128,0.21969912840665942
2016-08-11 09:00:00,0.25249822271963385,0.3222570781924994
2016-08-11 10:00:00,0.2485653228876914,0.352491978534911
2016-08-11 11:00:00,0.2620169065687298,0.36376467927679446
2016-08-11 12:00:00,0.2453348980064906,0.3776577853984452
2016-08-11 13:00:00,0.23881011872681976,0.3789554437192939
2016-08-11 14:00:00,0.23368436200452028,0.3981324391576373
2016-08-11 15:00:00,0.20833408152236907,0.38428768941726965
2016-08-11 16:00:00,0.20687622528395916,0.3368363860226383
2016-08-11 17:00:00,0.22959698969923503,0.28948708858698413
2016-08-11 18:00:00,0.2031212189383403,0.2695536366279092
2016-08-11 19:00:00,0.21130697073481675,0.3165586053843144
2016-08-11 20:00:00,0.20914982819019481,0.36414460715925095
2016-08-11 21:00:00,0.20569432617640254,0.387363894177342
2016-08-11 22:00:00,0.1648590319164348,0.4293722074848425
2016-08-11 23:00:00,0.12986808484005563,0.4250699992380696
2016-08-12 00:00:00,0.11069015468532688,0.4143510224132114
2016-08-12 01:00:00,0.09646453407510434,0.40901220897648155
2016-08-12 02:00:00,0.09029511277236904,0.42576110847858406
2016-08-12 03:00:00,0.09164245381316646,0.43954621218643647
2016-08-12 04:00:00,0.09362988974849329,0.44240369659407397
2016-08-12 05:00:00,0.11538444752549831,0.4566587756824272
2016-08-12 06:00:00,0.18826770407394533,0.48163403580877173
2016-08-12 07:00:00,0.21523225153569778,0.5102635009385391
2016-08-12 08:00:00,0.24360880114163191,0.5740487227367007
2016-08-12 09:00:00,0.268331945265415,0.6446186501410129
2016-08-12 10:00:00,0.24651479168115442,0.6804462122451597
2016-08-12 11:00:00,0.27411731070352346,0.699145942634217
2016-08-12 12:00:00,0.24000864103789982,0.6912039398134657
2016-08-12 13:00:00,0.22403714515241074,0.6717150582890674
2016-08-12 14:00:00,0.2166434584202597,0.6130228923058378
2016-08-12 15:00:00,0.20263591055285107,0.5179305120633191
2016-08-12 16:00:00,0.2351933377375985,0.4393422571765596
2016-08-12 17:00:00,0.21418461175822898,0.32910608340132996
2016-08-12 18:00:00,0.23302321861961056,0.2633162772684823
2016-08-12 19:00:00,0.21228171885141406,0.3006341899424506
2016-08-12 20:00:00,0.20367614722415395,0.32818269822833945
2016-08-12 21:00:00,0.18130613343184984,0.31603274046792484
2016-08-12 22:00:00,0.15688774179995363,0.31684167991932327
2016-08-12 23:00:00,0.14431659912494205,0.31325181947877956
2016-08-13 00:00:00,0.12411298512111732,0.31840528637962057
2016-08-13 01:00:00,0.10893860073307834,0.3416958790808723
2016-08-13 02:00:00,0.09803692915507649,0.35566700346895164
2016-08-13 03:00:00,0.09645637705725543,0.3336046062589477
2016-08-13 04:00:00,0.09548378968184976,0.31231738428310185
2016-08-13 05:00:00,0.10968212450741772,0.2910271243549287
2016-08-13 06:00:00,0.1536866989018312,0.31821253326594
2016-08-13 07:00:00,0.1679363486613351,0.4098043771408665
2016-08-13 08:00:00,0.1780837994900325,0.47206317861681
2016-08-13 09:00:00,0.21625848851124255,0.5215083250439565
2016-08-13 10:00:00,0.20591376028627734,0.5635233982707315
2016-08-13 11:00:00,0.22401592065078818,0.6039400298301876
2016-08-13 12:00:00,0.21697288212795557,0.5418968424389794
2016-08-13 13:00:00,0.1967911147426982,0.48663058466379816
2016-08-13 14:00:00,0.1782845618770283,0.42585818447667706
2016-08-13 15:00:00,0.19484485066063978,0.23290127802283395
2016-08-13 16:00:00,0.22377945786972656,0.18694563740455697
2016-08-13 17:00:00,0.2269413055603847,0.16587908211084498
2016-08-13 18:00:00,0.20774030215577186,0.14438196552048696
2016-08-13 19:00:00,0.22692473252781645,0.17880172577371406
2016-08-13 20:00:00,0.2025592868857209,0.19053050137150399
2016-08-13 21:00:00,0.22220139509445988,0.15881405818731664
2016-08-13 22:00:00,0.18784188057777007,0.12708846412600233
2016-08-13 23:00:00,0.15782896507012054,0.12531003551183256
2016-08-14 00:00:00,0.13202740864047285,0.12600136526461958
2016-08-14 01:00:00,0.110311048041261,0.13508951872511246
2016-08-14 02:00:00,0.09633935257301807,0.18302569643140035
2016-08-14 03:00:00,0.09439399197380625,0.29116556241169567
2016-08-14 04:00:00,0.0952664369494669,0.3170700897216409
2016-08-14 05:00:00,0.10592086371407047,0.3337857441275181
2016-08-14 06:00:00,0.14626934560442742,0.38341372389859174
2016-08-14 07:00:00,0.19912578914580442,0.4322714174894875
2016-08-14 08:00:00,0.16684227612134908,0.4921388222707804
2016-08-14 09:00:00,0.18065937411624938,0.5418819794827889
2016-08-14 10:00:00,0.22335532617640233,0.5870097971619893
2016-08-14 11:00:00,0.21547016140762637,0.6025313322745942
2016-08-14 12:00:00,0.20228687986787205,0.5995191379225995
2016-08-14 13:00:00,0.18372763596719988,0.5325029672527868
2016-08-14 14:00:00,0.201230187398586,0.4041612380189712
2016-08-14 15:00:00,0.1876209918289291,0.3168553977162135
2016-08-14 16:00:00,0.194157309356166,0.23564790224413257
2016-08-14 17:00:00,0.21941768486323607,0.16299325256067862
2016-08-14 18:00:00,0.19336659417014374,0.1065909144940837
2016-08-14 19:00:00,0.18867856781699124,0.10229780354146294
2016-08-14 20:00:00,0.1997422045520399,0.11400182667059455
2016-08-14 21:00:00,0.1768216927590403,0.11738512824877761
2016-08-14 22:00:00,0.15894870016226237,0.12397800430798944
2016-08-14 23:00:00,0.14128839891921655,0.12219557033537064
2016-08-15 00:00:00,0.11538610192107093,0.10797486578530215
2016-08-15 01:00:00,0.10419960512285582,0.09919072881287892
2016-08-15 02:00:00,0.09898201103963836,0.105596190293761
2016-08-15 03:00:00,0.09742945772484933,0.11132120760365735
2016-08-15 04:00:00,0.09883913382301807,0.10824869504522783
2016-08-15 05:00:00,0.12160967664870193,0.08283516882749851
2016-08-15 06:00:00,0.1871214696047751,0.07933514086793465
2016-08-15 07:00:00,0.24508088205551704,0.1258689999870428
2016-08-15 08:00:00,0.2543790977341215,0.1917058404673382
2016-08-15 09:00:00,0.2632588638009967,0.23987156867871112
2016-08-15 10:00:00,0.25536351989163186,0.2554445858809896
2016-08-15 11:00:00,0.2693357903193092,0.2727029669900254
2016-08-15 12:00:00,0.24935910039986092,0.2685515027541559
2016-08-15 13:00:00,0.24578143211057019,0.246526438523274
2016-08-15 14:00:00,0.24362047508113113,0.18656151103867577
2016-08-15 15:00:00,0.22700220456652756,0.10847805456957756
2016-08-15 16:00:00,0.21194956825162264,0.08047791043540975
2016-08-15 17:00:00,0.23773820319019467,0.038598620042783104
2016-08-15 18:00:00,0.2109285736845155,0.0070978505543712106
2016-08-15 19:00:00,0.183425549258229,0.005702308076031683
2016-08-15 20:00:00,0.18529456179010206,0.005253099242812439
2016-08-15 21:00:00,0.16778941818787668,0.007609373934920789
2016-08-15 22:00:00,0.1478854001506723,0.007276439754449441
2016-08-15 23:00:00,0.1303439690832174,0.007473903671621358
2016-08-16 00:00:00,0.11153718632649512,0.004195543762566008
2016-08-16 01:00:00,0.09813749449466855,0.006540690293761002
2016-08-16 02:00:00,0.09424446002839593,0.014708358787111284
2016-08-16 03:00:00,0.09230447805111265,0.022549985274398592
2016-08-16 04:00:00,0.09772156209434393,0.02147545575268922
2016-08-16 05:00:00,0.12444211497450156,0.017604575630109528
2016-08-16 06:00:00,0.18503358657858138,0.023524055121161742
2016-08-16 07:00:00,0.22006366925996756,0.030614449435458626
2016-08-16 08:00:00,0.2299370557487252,0.0432893114393213
2016-08-16 09:00:00,0.24924898641052382,0.06486014372452573
2016-08-16 10:00:00,0.2903935495334955,0.07925385077082928
2016-08-16 11:00:00,0.2822410039986092,0.10355703643027576
2016-08-16 12:00:00,0.262578397369031,0.13431640560962255
2016-08-16 13:00:00,0.25006770766689856,0.12383135483082339
2016-08-16 14:00:00,0.23060745371175245,0.1251915855416586
2016-08-16 15:00:00,0.21874041482672701,0.12362547820286524
2016-08-16 16:00:00,0.22192120597183584,0.08285257144210839
2016-08-16 17:00:00,0.22557731691875293,0.03295786891878544
2016-08-16 18:00:00,0.22479379641863703,0.0038745824095931932
2016-08-16 19:00:00,0.20865661900208618,0.0055380011638470564
2016-08-16 20:00:00,0.19234342821337508,0.009350062106933307
2016-08-16 21:00:00,0.16680563921244784,0.00989298906537258
2016-08-16 22:00:00,0.1552546574090171,0.008382931819968709
2016-08-16 23:00:00,0.13413574746464998,0.006347716448171328
2016-08-17 00:00:00,0.10996931919332406,0.009315065299383921
2016-08-17 01:00:00,0.09614400189789057,0.017205367393800113
2016-08-17 02:00:00,0.0993775985019703,0.028749533208194795
2016-08-17 03:00:00,0.0941228380273528,0.04012326895555446
2016-08-17 04:00:00,0.09138878856629576,0.049248011869499314
2016-08-17 05:00:00,0.11701086141052391,0.07555230129933503
2016-08-17 06:00:00,0.1798830226008345,0.12902425071611578
2016-08-17 07:00:00,0.2049359560732499,0.14878149700728538
2016-08-17 08:00:00,0.22669050286856746,0.17060225350312924
2016-08-17 09:00:00,0.2517511396760548,0.21698632178593782
2016-08-17 10:00:00,0.2758411769819193,0.24505216909387828
2016-08-17 11:00:00,0.2870865997334261,0.28882487672555246
2016-08-17 12:00:00,0.2572240395659481,0.3296597988694504
2016-08-17 13:00:00,0.21766938927039872,0.34774388429659686
2016-08-17 14:00:00,0.20736921727225313,0.35603857146342643
2016-08-17 15:00:00,0.21752014445700046,0.32734024075464485
2016-08-17 16:00:00,0.23064061506142786,0.27956725041678065
2016-08-17 17:00:00,0.22111357020746408,0.210712168532124
2016-08-17 18:00:00,0.21855463340287426,0.20312441805417558
2016-08-17 19:00:00,0.2065194882070004,0.27714035399154113
2016-08-17 20:00:00,0.21880158484005563,0.3650200525241541
2016-08-17 21:00:00,0.1676116711288827,0.34077785946430666
2016-08-17 22:00:00,0.14861053445178485,0.25750574627743006
2016-08-17 23:00:00,0.11951614875985164,0.20052030143731667
2016-08-18 00:00:00,0.1055782302822207,0.20610610955334438
2016-08-18 01:00:00,0.0955684219691701,0.18592087019690004
2016-08-18 02:00:00,0.09510153197438576,0.14782192336030706
2016-08-18 03:00:00,0.0905056395746407,0.15878640350215137
2016-08-18 04:00:00,0.08939042175185441,0.1806701261303051
2016-08-18 05:00:00,0.12157070813050538,0.15923493787927825
2016-08-18 06:00:00,0.17609356580319888,0.13441967623161552
2016-08-18 07:00:00,0.20425048755505332,0.1676490322982104
2016-08-18 08:00:00,0.23320387074061205,0.20477711623352235
2016-08-18 09:00:00,0.2453196195381317,0.2546947856969489
2016-08-18 10:00:00,0.23382631032684276,0.2818611773684726
2016-08-18 11:00:00,0.24440418393602215,0.32866561349540385
2016-08-18 12:00:00,0.25028697038711173,0.3370531752406121
2016-08-18 13:00:00,0.23999634628535005,0.288369829760708
2016-08-18 14:00:00,0.22954270084318495,0.23457782248621167
2016-08-18 15:00:00,0.22308778603094567,0.14786085590563264
2016-08-18 16:00:00,0.2235224734874827,0.12787388709519848
2016-08-18 17:00:00,0.2279623024600138,0.11090065292005671
2016-08-18 18:00:00,0.22238928598748253,0.08443569330026403
2016-08-18 19:00:00,0.19626149937702825,0.08072924778882261
2016-08-18 20:00:00,0.18008102980122853,0.0834388784114512
2016-08-18 21:00:00,0.17809556904844698,0.10176197245276745
2016-08-18 22:00:00,0.15828450641805752,0.09548850423190886
2016-08-18 23:00:00,0.1419480077509272,0.06922312610566203
2016-08-19 00:00:00,0.11612033273933697,0.05181615512962057
2016-08-19 01:00:00,0.09649791455146037,0.0496861706663896
2016-08-19 02:00:00,0.09467215130968938,0.04603475987140621
2016-08-19 03:00:00,0.09373954983773763,0.037086645645609234
2016-08-19 04:00:00,0.09347849543636998,0.026711647446900057
2016-08-19 05:00:00,0.1254924840780019,0.02047466783419714
2016-08-19 06:00:00,0.17586141271152056,0.0451742072721005
2016-08-19 07:00:00,0.19440615213548915,0.07102543797271661
2016-08-19 08:00:00,0.2152606763734353,0.11194999923655385
2016-08-19 09:00:00,0.2543639551025729,0.16765446010360843
2016-08-19 10:00:00,0.2443185616452248,0.19859846530862504
2016-08-19 11:00:00,0.2503999574930459,0.21626333829747704
2016-08-19 12:00:00,0.24506094504809917,0.21640136272305885
2016-08-19 13:00:00,0.22035587902758463,0.20638445404087621
2016-08-19 14:00:00,0.243569556719402,0.16853367104576578
2016-08-19 15:00:00,0.20767847958681038,0.12316333282911204
2016-08-19 16:00:00,0.20833769998840984,0.07841300828466655
2016-08-19 17:00:00,0.21252210644123784,0.03739286000024447
2016-08-19 18:00:00,0.20247972247334262,0.011768462522589477
2016-08-19 19:00:00,0.20411737562297189,0.011217413441277135
2016-08-19 20:00:00,0.19578502167362075,0.021972453875220024
2016-08-19 21:00:00,0.18970049429184047,0.03229303981400352
2016-08-19 22:00:00,0.17522226244494668,0.048694309505525134
2016-08-19 23:00:00,0.1499901288827075,0.05686513011504987
2016-08-20 00:00:00,0.13407238980644412,0.0686164604668981
2016-08-20 01:00:00,0.11682740039696336,0.09152625187331312
2016-08-20 02:00:00,0.10549711059921192,0.09486703355911402
2016-08-20 03:00:00,0.1029373329131896,0.08671506870188733
2016-08-20 04:00:00,0.10224487269645341,0.0852679131709857
2016-08-20 05:00:00,0.11110711049779784,0.10671122937429102
2016-08-20 06:00:00,0.15259389686196106,0.11607086180520242
2016-08-20 07:00:00,0.16524916802851175,0.1043712951945531
2016-08-20 08:00:00,0.17441085932429304,0.132901869833366
2016-08-20 09:00:00,0.1929357329044969,0.20375761428280842
2016-08-20 10:00:00,0.22098827686022263,0.2363294540683063
2016-08-20 11:00:00,0.20677216970908677,0.2498093751966067
2016-08-20 12:00:00,0.2072365837389893,0.26111436026315277
2016-08-20 13:00:00,0.1617060866799954,0.24367137869225508
2016-08-20 14:00:00,0.15047546385315247,0.20360581207236444
2016-08-20 15:00:00,0.150611089287784,0.11397070914384902
2016-08-20 16:00:00,0.17080284383692632,0.09202565301432623
2016-08-20 17:00:00,0.1808067664435559,0.06622490712262857
2016-08-20 18:00:00,0.19669122245885495,0.028978324467289263
2016-08-20 19:00:00,0.19558139418173395,0.02669074538294543
2016-08-20 20:00:00,0.18319697671824287,0.029705370913064737
2016-08-20 21:00:00,0.17680653969633753,0.025453270680031292
2016-08-20 22:00:00,0.1753669518428373,0.01684102947741052
2016-08-20 23:00:00,0.1341659984643023,0.012236717650547624
2016-08-21 00:00:00,0.11937305112714414,0.012711947714893408
2016-08-21 01:00:00,0.10194256386184515,0.014572479300801876
2016-08-21 02:00:00,0.09488458268138616,0.015979801248093096
2016-08-21 03:00:00,0.09204003590055632,0.01631902117450616
2016-08-21 04:00:00,0.09529197028569772,0.015902133304322316
2016-08-21 05:00:00,0.09986708468069078,0.015492937336739683
2016-08-21 06:00:00,0.13279781719401942,0.027487328733082343
2016-08-21 07:00:00,0.13638231993219754,0.04580664575684528
2016-08-21 08:00:00,0.1429648076900788,0.09535440457304906
2016-08-21 09:00:00,0.1642971979746175,0.15291918398068638
2016-08-21 10:00:00,0.1730721061659712,0.16611408210047912
2016-08-21 11:00:00,0.17108870137923035,0.15314363842279471
2016-08-21 12:00:00,0.1853498112975197,0.12894494571010168
2016-08-21 13:00:00,0.17109347870305985,0.12019658715401921
2016-08-21 14:00:00,0.15526854553488637,0.09583558254278308
2016-08-21 15:00:00,0.1492166901222763,0.06515724581263443
2016-08-21 16:00:00,0.15840513179473806,0.06191095258414825
2016-08-21 17:00:00,0.17240709276483546,0.06990364866140229
2016-08-21 18:00:00,0.18477864021210016,0.08656133313426559
2016-08-21 19:00:00,0.18759485097936948,0.0993158617877958
2016-08-21 20:00:00,0.17578457500289763,0.08170741812957166
2016-08-21 21:00:00,0.1462557887546361,0.09227653741335812
2016-08-21 22:00:00,0.1444804564499305,0.10228694646430667
2016-08-21 23:00:00,0.12684937308762168,0.06935034583918442
2016-08-22 00:00:00,0.11222338009967549,0.08826164406341679
2016-08-22 01:00:00,0.1004226518312471,0.10571354954909054
2016-08-22 02:00:00,0.09632594613467779,0.07674369641599844
2016-08-22 03:00:00,0.0951338762604312,0.10573424646636026
2016-08-22 04:00:00,0.09321468206710709,0.18489685193335612
2016-08-22 05:00:00,0.11234698283205846,0.23724985839365342
2016-08-22 06:00:00,0.18700028582811776,0.37366731129850383
2016-08-22 07:00:00,0.2052598942686602,0.4601527256887345
2016-08-22 08:00:00,0.20663661664058877,0.47830472287062387
2016-08-22 09:00:00,0.22499167982151141,0.5320444566405729
2016-08-22 10:00:00,0.2122638190194715,0.5826354123719439
2016-08-22 11:00:00,0.21489324214765884,0.6275088588224625
2016-08-22 12:00:00,0.22097705203987023,0.6614979555067966
2016-08-22 13:00:00,0.21955678629172468,0.6219749742661353
2016-08-22 14:00:00,0.21456437921592486,0.5346678830936826
2016-08-22 15:00:00,0.19974316418926755,0.452394042411989
2016-08-22 16:00:00,0.19297505906641169,0.4128975141649229
2016-08-22 17:00:00,0.21448521301286508,0.33149144104160955
2016-08-22 18:00:00,0.1764829338056328,0.25698847692333265
2016-08-22 19:00:00,0.17602921566411678,0.2697340753165949
2016-08-22 20:00:00,0.1782564972038711,0.2741526249870917
2016-08-22 21:00:00,0.16467831678836348,0.2547162286486896
2016-08-22 22:00:00,0.1513803535581827,0.23530075541854095
2016-08-22 23:00:00,0.13212350311485857,0.23652568538098961
2016-08-23 00:00:00,0.1092846820381317,0.24718221568492077
2016-08-23 01:00:00,0.0973455638763329,0.2469440206630647
2016-08-23 02:00:00,0.09437465580088084,0.24615764592548406
2016-08-23 03:00:00,0.09005885090693094,0.23628498973728732
2016-08-23 04:00:00,0.09139162986787201,0.24467115536793466
2016-08-23 05:00:00,0.12387872519703294,0.19954361775386267
2016-08-23 06:00:00,0.19899382849443664,0.1287158069102777
2016-08-23 07:00:00,0.22754150905482148,0.1320505177968414
2016-08-23 08:00:00,0.23450728404612892,0.18016823114961858
2016-08-23 09:00:00,0.24696380232962445,0.22040990314291992
2016-08-23 10:00:00,0.2434716163942976,0.24966460327107368
2016-08-23 11:00:00,0.24015448286103397,0.274567281653188
2016-08-23 12:00:00,0.2444936532510432,0.26022969797247214
2016-08-23 13:00:00,0.2300334952045665,0.22073957916663406
2016-08-23 14:00:00,0.22515734792246173,0.17462464825625856
2016-08-23 15:00:00,0.2178216808211637,0.12452546443873452
2016-08-23 16:00:00,0.22539095791318978,0.09123089869929593
2016-08-23 17:00:00,0.22861754160871572,0.045314840421425785
2016-08-23 18:00:00,0.23933715981397763,0.010657538509974574
2016-08-23 19:00:00,0.22159991576842838,0.008628327972374339
2016-08-23 20:00:00,0.20065191960767276,0.008694535582534715
2016-08-23 21:00:00,0.18025850964881776,0.012122552502640329
2016-08-23 22:00:00,0.1619471890791609,0.016102407896929394
2016-08-23 23:00:00,0.12629491176981925,0.01833018919469978
2016-08-24 00:00:00,0.10356885321047754,0.028638526198953643
2016-08-24 01:00:00,0.09768494680111267,0.043046795091678074
2016-08-24 02:00:00,0.09491288057777006,0.05053882601442401
2016-08-24 03:00:00,0.09086596365032452,0.05983149208449051
2016-08-24 04:00:00,0.09410986863989336,0.07719058785536867
2016-08-24 05:00:00,0.1282334410929531,0.10878069627840797
2016-08-24 06:00:00,0.18443276040217896,0.11608928639604926
2016-08-24 07:00:00,0.23172515529381094,0.09497610424574612
2016-08-24 08:00:00,0.23185875192686609,0.12202442070242525
2016-08-24 09:00:00,0.2734531361265646,0.1686803295144729
2016-08-24 10:00:00,0.2504274834695178,0.18269460564541354
2016-08-24 11:00:00,0.23979292221546125,0.18519027752738118
2016-08-24 12:00:00,0.26066323887343545,0.19463383983141003
2016-08-24 13:00:00,0.23243287846256366,0.19962625024129665
2016-08-24 14:00:00,0.22304998209318494,0.1861361015685997
2016-08-24 15:00:00,0.22163989745595725,0.17219267424858203
2016-08-24 16:00:00,0.2265595261358367,0.1635172487344514
2016-08-24 17:00:00,0.24284776250289777,0.09939857545423429
2016-08-24 18:00:00,0.21595460048678716,0.10318626984798553
2016-08-24 19:00:00,0.22940144574350943,0.14893597805505573
2016-08-24 20:00:00,0.18582746945989798,0.1157145827557696
2016-08-24 21:00:00,0.1630706438774919,0.14111773023132212
2016-08-24 22:00:00,0.1474707300359295,0.1310841196431645
2016-08-24 23:00:00,0.11994959098284648,0.11945142949349696
2016-08-25 00:00:00,0.1048562293984701,0.11661506597521025
2016-08-25 01:00:00,0.09827106305053313,0.10071581246112848
2016-08-25 02:00:00,0.09815954998261477,0.11611982524882652
2016-08-25 03:00:00,0.09458721696801115,0.17303302741472715
2016-08-25 04:00:00,0.09827128424895688,0.18525122752346954
2016-08-25 05:00:00,0.13316228632070007,0.18774424043311166
2016-08-25 06:00:00,0.18486849116249424,0.1764615144821044
2016-08-25 07:00:00,0.21667312187065366,0.1677581857317133
2016-08-25 08:00:00,0.23765114513792304,0.18006667154992173
2016-08-25 09:00:00,0.2475227866104544,0.1979995819601505
2016-08-25 10:00:00,0.2466025527207928,0.20044396719528654
2016-08-25 11:00:00,0.24563087670955033,0.22314651663744373
2016-08-25 12:00:00,0.25456776845734835,0.21768723896953848
2016-08-25 13:00:00,0.26084788730006964,0.19122667430627802
2016-08-25 14:00:00,0.2614598963114278,0.17204817117259918
2016-08-25 15:00:00,0.2341226430951555,0.12302920359290043
2016-08-25 16:00:00,0.2166123741162495,0.08290765765103654
2016-08-25 17:00:00,0.24540747487830317,0.03877534818761
2016-08-25 18:00:00,0.25264722460303646,0.004457753704478779
2016-08-25 19:00:00,0.2280843999623318,0.004184252907735185
2016-08-25 20:00:00,0.2611187860599212,0.006311195816839428
2016-08-25 21:00:00,0.20369899456710716,0.006767430019166829
2016-08-25 22:00:00,0.18883370530540103,0.004262371440250342
2016-08-25 23:00:00,0.13828584334434396,0.003729595310189712
2016-08-26 00:00:00,0.1122575345387112,0.0039471598934089575
2016-08-26 01:00:00,0.10448902391921655,0.004171130669127714
2016-08-26 02:00:00,0.10529392283843302,0.005537335743594758
2016-08-26 03:00:00,0.09902737901309688,0.00904962249970663
2016-08-26 04:00:00,0.10089918503708853,0.013301145327840797
2016-08-26 05:00:00,0.13583051269123786,0.02937425700997457
2016-08-26 06:00:00,0.1917614819483079,0.06181401086084491
2016-08-26 07:00:00,0.22950232692976352,0.08355988086377863
2016-08-26 08:00:00,0.2574493799547983,0.11752470041673188
2016-08-26 09:00:00,0.2992382920433471,0.149092213979513
2016-08-26 10:00:00,0.25950476392269356,0.14955321885424408
2016-08-26 11:00:00,0.2602889004404265,0.14949255131082537
2016-08-26 12:00:00,0.23470129765009284,0.16487548532583612
2016-08-26 13:00:00,0.24612193878940658,0.18570453068565418
2016-08-26 14:00:00,0.23940141624652303,0.16303123662878943
2016-08-26 15:00:00,0.22869829291260999,0.18088857560316837
2016-08-26 16:00:00,0.22201786035292073,0.2115349065603853
2016-08-26 17:00:00,0.22926660483310152,0.2133813569316938
2016-08-26 18:00:00,0.21814192447554465,0.1943608572556718
2016-08-26 19:00:00,0.21617909880621228,0.1927398747877469
2016-08-26 20:00:00,0.21975127197786276,0.1895181841090358
2016-08-26 21:00:00,0.19177534162030604,0.18060494024926654
2016-08-26 22:00:00,0.1641203249594344,0.17886027188147857
2016-08-26 23:00:00,0.14863957726298105,0.1711563611963622
2016-08-27 00:00:00,0.12791619738062127,0.12642146268536084
2016-08-27 01:00:00,0.11083635144297635,0.1145545230212204
2016-08-27 02:00:00,0.1004815243393602,0.09494160434206922
2016-08-27 03:00:00,0.09796414237076957,0.079444518742079
2016-08-27 04:00:00,0.10245260812181269,0.11176408507358694
2016-08-27 05:00:00,0.11291928943555865,0.14740882143795217
2016-08-27 06:00:00,0.15129187624594342,0.13424284562693134
2016-08-27 07:00:00,0.15968621099907285,0.12048201540382358
2016-08-27 08:00:00,0.1759778564702133,0.13095430556923526
2016-08-27 09:00:00,0.190022489047288,0.18328695049589278
2016-08-27 10:00:00,0.18825592847415398,0.20615762989864073
2016-08-27 11:00:00,0.19183498687413084,0.2306547891328476
2016-08-27 12:00:00,0.21731558752028277,0.24807314202655015
2016-08-27 13:00:00,0.2007008215403338,0.2267576294157538
2016-08-27 14:00:00,0.1894552288479369,0.1757905534313026
2016-08-27 15:00:00,0.176356647021326,0.1118403074305202
2016-08-27 16:00:00,0.2003674477717896,0.09338778295301195
2016-08-27 17:00:00,0.2158801370682661,0.07862519515416584
2016-08-27 18:00:00,0.21513739988989347,0.04853581797398787
2016-08-27 19:00:00,0.21529072671824298,0.028253815355662036
2016-08-27 20:00:00,0.20283860760025496,0.020488047858791315
2016-08-27 21:00:00,0.18124805215577192,0.03758688708996675
2016-08-27 22:00:00,0.1678019604775151,0.06771445993589868
2016-08-27 23:00:00,0.1509994585071859,0.0633580130738314
2016-08-28 00:00:00,0.130283486048331,0.027185070356835518
2016-08-28 01:00:00,0.1168000695555169,0.0195221213404557
2016-08-28 02:00:00,0.10523027313687996,0.025160701375904555
2016-08-28 03:00:00,0.10375019555516918,0.02644410858292587
2016-08-28 04:00:00,0.10551141485570238,0.039604913988314096
2016-08-28 05:00:00,0.09827725766400094,0.0543959440747115
2016-08-28 06:00:00,0.13906793989047286,0.04158751579214747
2016-08-28 07:00:00,0.1461875100399861,0.031143344260756895
2016-08-28 08:00:00,0.17091309261995824,0.04761086929361431
2016-08-28 09:00:00,0.17393707052619373,0.06981335902801679
2016-08-28 10:00:00,0.19912162579682427,0.07482431643355174
2016-08-28 11:00:00,0.21601159269239695,0.09160802397917071
2016-08-28 12:00:00,0.21951019413537323,0.10352383929366318
2016-08-28 13:00:00,0.20389891336346777,0.09497175710688441
2016-08-28 14:00:00,0.19242185274687063,0.08203743299061216
2016-08-28 15:00:00,0.2037165772340055,0.06169126988837275
2016-08-28 16:00:00,0.20579856420955023,0.05630161258840211
2016-08-28 17:00:00,0.21434544546824294,0.03930302635864462
2016-08-28 18:00:00,0.2188768679444831,0.01910372111729904
2016-08-28 19:00:00,0.20564184488004172,0.01728792400239585
2016-08-28 20:00:00,0.21899431460071853,0.022533860361578326
2016-08-28 21:00:00,0.183395016791261,0.05432009770775474
2016-08-28 22:00:00,0.1624761623927909,0.13024831353945823
2016-08-28 23:00:00,0.14055159128708855,0.1955835741268824
2016-08-29 00:00:00,0.12097163553256837,0.20676969083825542
2016-08-29 01:00:00,0.10723679330377839,0.1988612613208488
2016-08-29 02:00:00,0.11521462013212792,0.21373425937864265
2016-08-29 03:00:00,0.11236342149107557,0.25362342720232733
2016-08-29 04:00:00,0.11547979669390357,0.2993499030281635
2016-08-29 05:00:00,0.1452540748725081,0.3228916566226286
2016-08-29 06:00:00,0.2083236511648122,0.31793525105906517
2016-08-29 07:00:00,0.2423684444251275,0.2969711036858498
2016-08-29 08:00:00,0.24528636898759865,0.35038134416150013
2016-08-29 09:00:00,0.25522480542999537,0.4088625172253567
2016-08-29 10:00:00,0.251501758518776,0.4519804788824076
2016-08-29 11:00:00,0.25208414174779775,0.47754177715128093
2016-08-29 12:00:00,0.26303969338201205,0.4714361223050557
2016-08-29 13:00:00,0.27034815516342137,0.4189640149524251
2016-08-29 14:00:00,0.2513909471777933,0.33577104579170725
2016-08-29 15:00:00,0.2443947011039639,0.2291264670106102
2016-08-29 16:00:00,0.23794396070931845,0.1764644837791413
2016-08-29 17:00:00,0.2647429718938339,0.10562291453833363
2016-08-29 18:00:00,0.23232627520862315,0.06763348740147662
2016-08-29 19:00:00,0.20894685468822444,0.06098241715925092
2016-08-29 20:00:00,0.20102780540101997,0.052671752276745545
2016-08-29 21:00:00,0.19364073761300415,0.021044031493594757
2016-08-29 22:00:00,0.17504662259503934,0.0491319615709955
2016-08-29 23:00:00,0.1470361113670608,0.10118918702963034
2016-08-30 00:00:00,0.11652252318034313,0.09612825381654605
2016-08-30 01:00:00,0.10754088217141866,0.16403220812663794
2016-08-30 02:00:00,0.10641037531872968,0.17484023799115
2016-08-30 03:00:00,0.10561282093184984,0.14670592009925681
2016-08-30 04:00:00,0.10656068700741775,0.1423974315137395
2016-08-30 05:00:00,0.1391989671998145,0.1443007601213084
2016-08-30 06:00:00,0.22092450469401942,0.1582640709102777
2016-08-30 07:00:00,0.2329234134214187,0.19544246486593
2016-08-30 08:00:00,0.25934796569309226,0.22702918680701156
2016-08-30 09:00:00,0.28274543923852574,0.305110478187561
2016-08-30 10:00:00,0.2820027508837506,0.3200132070600919
2016-08-30 11:00:00,0.27394176140183113,0.27968611727454523
2016-08-30 12:00:00,0.2991450063745943,0.25528073648894983
2016-08-30 13:00:00,0.2809168791724619,0.2266208605965675
2016-08-30 14:00:00,0.29016561662610113,0.16500705556879514
2016-08-30 15:00:00,0.27200711185964305,0.11132477327566984
2016-08-30 16:00:00,0.23954080934167826,0.10288189867069236
2016-08-30 17:00:00,0.2535330689904961,0.11243444227439858
2016-08-30 18:00:00,0.22122561958159476,0.1584182822371895
2016-08-30 19:00:00,0.23141140635141416,0.1839252083886661
2016-08-30 20:00:00,0.21938202409306895,0.1820008945368668
2016-08-30 21:00:00,0.19028822873203524,0.1943410624649912
2016-08-30 22:00:00,0.18963897229949,0.22933508757999216
2016-08-30 23:00:00,0.15521911467025967,0.27434284204948167
2016-08-31 00:00:00,0.11656372157510429,0.22308007015714842
2016-08-31 01:00:00,0.10484853640762637,0.2204569185863485
2016-08-31 02:00:00,0.1119041628129347,0.22147198933194795
2016-08-31 03:00:00,0.10606372931154376,0.2030847199181987
2016-08-31 04:00:00,0.10635364899165503,0.16052622126202815
2016-08-31 05:00:00,0.14724059186659713,0.14898085799877764
2016-08-31 06:00:00,0.21372391358078346,0.1962460613363974
2016-08-31 07:00:00,0.25307944522195175,0.2373797265669373
2016-08-31 08:00:00,0.2636271426315486,0.29251890459524726
2016-08-31 09:00:00,0.2795345349878303,0.35317739584236274
2016-08-31 10:00:00,0.2626425534306908,0.38276760852224717
2016-08-31 11:00:00,0.2908400596748958,0.4133869261444356
2016-08-31 12:00:00,0.2828133924432082,0.4487471518559554
2016-08-31 13:00:00,0.2699768625550533,0.38956184066013105
2016-08-31 14:00:00,0.24787893609469172,0.34200858620550556
2016-08-31 15:00:00,0.24577149190136757,0.2762027392333757
2016-08-31 16:00:00,0.2671295063311313,0.22458358655534913
2016-08-31 17:00:00,0.27072114161740835,0.21295177727909254
2016-08-31 18:00:00,0.2636633355209783,0.20516081919039703
2016-08-31 19:00:00,0.22457159931328224,0.21506262228236844
2016-08-31 20:00:00,0.2132271187557951,0.21288079006752395
2016-08-31 21:00:00,0.2392106744755447,0.1882390386583708
2016-08-31 22:00:00,0.1928197998522253,0.1727200878406024
2016-08-31 23:00:00,0.1415914280540102,0.16998064695931936
2016-09-01 00:00:00,0.11706813666261012,0.17636532460091922
2016-09-01 01:00:00,0.10609201227109416,0.2178909161718658
2016-09-01 02:00:00,0.10988867779323133,0.2696356662022296
2016-09-01 03:00:00,0.10769936235222533,0.25898413390338354
2016-09-01 04:00:00,0.10909075670781174,0.2434063133097985
2016-09-01 05:00:00,0.1550796961491655,0.24204986212155288
2016-09-01 06:00:00,0.2141082314267501,0.28123859475909446
2016-09-01 07:00:00,0.2584449622015531,0.31980622358180133
2016-09-01 08:00:00,0.2673936458478211,0.43663172881767054
2016-09-01 09:00:00,0.278537572742814,0.5200430344257775
2016-09-01 10:00:00,0.26023462640530826,0.5201355932535202
2016-09-01 11:00:00,0.25053237287030594,0.513327897165167
2016-09-01 12:00:00,0.2508816492814093,0.4562919219382947
2016-09-01 13:00:00,0.2548938638589475,0.4407585713059359
2016-09-01 14:00:00,0.24236151099617526,0.4771203263475454
2016-09-01 15:00:00,0.22707023086172928,0.49759867014404463
2016-09-01 16:00:00,0.2495048231919333,0.44202279229493435
2016-09-01 17:00:00,0.24022578810268905,0.3930967841864366
2016-09-01 18:00:00,0.22922202784538714,0.35333290435796005
2016-09-01 19:00:00,0.2249809029902642,0.383127827048357
2016-09-01 20:00:00,0.2580033489366018,0.38753279583673966
2016-09-01 21:00:00,0.20763537578233657,0.3758921241546548
2016-09-01 22:00:00,0.17657414765878543,0.3541258509737923
2016-09-01 23:00:00,0.14288901458912842,0.3422699816837962
2016-09-02 00:00:00,0.1165113532829161,0.34180138750410716
2016-09-02 01:00:00,0.1042009583623088,0.34699792559813214
2016-09-02 02:00:00,0.10745740132417705,0.3441617214496382
2016-09-02 03:00:00,0.10530709858889664,0.3201247252048699
2016-09-02 04:00:00,0.1092511140617757,0.28741195113905726
2016-09-02 05:00:00,0.14600286038189614,0.2816593443392822
2016-09-02 06:00:00,0.20388104178256838,0.31145095386504984
2016-09-02 07:00:00,0.24017876429937407,0.3348702154646001
2016-09-02 08:00:00,0.24521299820352344,0.40325201820061607
2016-09-02 09:00:00,0.27513959756026896,0.5154007433261785
2016-09-02 10:00:00,0.26522178847936945,0.5704112716678564
2016-09-02 11:00:00,0.24904841497160418,0.5529211517898496
2016-09-02 12:00:00,0.24497390099095973,0.48165688653378635
2016-09-02 13:00:00,0.23263147915217885,0.47289579965030315
2016-09-02 14:00:00,0.2519008163682199,0.42584528141194017
2016-09-02 15:00:00,0.23767601773296254,0.29376707297951293
2016-09-02 16:00:00,0.26271918231339825,0.2553071816038529
2016-09-02 17:00:00,0.3074271831971488,0.19212746919616658
2016-09-02 18:00:00,0.2554500564296476,0.15562326420183845
2016-09-02 19:00:00,0.24478347773238296,0.14625500129884605
2016-09-02 20:00:00,0.23105142898122388,0.13491244206635045
2016-09-02 21:00:00,0.2134749212447843,0.1607024295466458
2016-09-02 22:00:00,0.20253818479079738,0.20302962283361037
2016-09-02 23:00:00,0.16457861865438114,0.20682169002327402
2016-09-03 00:00:00,0.15827521869204914,0.17383171817929788
2016-09-03 01:00:00,0.13052674868161793,0.1833469717089771
2016-09-03 02:00:00,0.11300101766052385,0.18555983597907294
2016-09-03 03:00:00,0.11103145658031988,0.14244949996274203
2016-09-03 04:00:00,0.11196786609005568,0.10384614076545082
2016-09-03 05:00:00,0.13602002893196571,0.08308649156576374
2016-09-03 06:00:00,0.1794522576784886,0.07953140429263642
2016-09-03 07:00:00,0.2031926239568846,0.08770266186211619
2016-09-03 08:00:00,0.19222801322728322,0.1582065331714747
2016-09-03 09:00:00,0.24536074426286505,0.261337437674995
2016-09-03 10:00:00,0.23589434198249887,0.3308958926514277
2016-09-03 11:00:00,0.23411010831015297,0.3925252264779973
2016-09-03 12:00:00,0.23605307466968,0.31779364228764895
2016-09-03 13:00:00,0.2193629289667361,0.22889919682969878
2016-09-03 14:00:00,0.18449449292999537,0.1818467983603071
2016-09-03 15:00:00,0.17002077428140935,0.13126504276114803
2016-09-03 16:00:00,0.18730555931270287,0.13063605151941132
2016-09-03 17:00:00,0.21288702136937868,0.13486272917303932
2016-09-03 18:00:00,0.2370509730238758,0.10887901970575004
2016-09-03 19:00:00,0.22747792744552625,0.11881976581278116
2016-09-03 20:00:00,0.2437569414261705,0.13286768898880305
2016-09-03 21:00:00,0.22170650721488178,0.1589238901449736
2016-09-03 22:00:00,0.21424297390762642,0.17269444753295524
2016-09-03 23:00:00,0.18330863360570238,0.1445981285191179
2016-09-04 00:00:00,0.14857188027352808,0.12870771704297868
2016-09-04 01:00:00,0.12807432949408903,0.12076546831243887
2016-09-04 02:00:00,0.11197845820294396,0.09785640903598669
2016-09-04 03:00:00,0.10495841007475665,0.08739897970398983
2016-09-04 04:00:00,0.10488350254983772,0.0991167188005085
2016-09-04 05:00:00,0.11101466868045895,0.08793074004214745
2016-09-04 06:00:00,0.1645402355847242,0.07185656088964404
2016-09-04 07:00:00,0.17512924258229023,0.08897675431077648
2016-09-04 08:00:00,0.1749753970503014,0.13591635298880309
2016-09-04 09:00:00,0.1930111175533148,0.1997697703177685
2016-09-04 10:00:00,0.2211097418434167,0.22842829688729688
2016-09-04 11:00:00,0.20872133934573484,0.23886427900425378
2016-09-04 12:00:00,0.23895957666898457,0.2434176639780462
2016-09-04 13:00:00,0.17179157272832635,0.22905421069670445
2016-09-04 14:00:00,0.17968600696859066,0.17391244029610792
2016-09-04 15:00:00,0.1669444576089476,0.10479634843560529
2016-09-04 16:00:00,0.19523163057777,0.08119980187003717
2016-09-04 17:00:00,0.24166541766631888,0.04762572221176414
2016-09-04 18:00:00,0.21610863309863237,0.01959694528686681
2016-09-04 19:00:00,0.20292024142327303,0.01969265629869939
2016-09-04 20:00:00,0.2084002437557952,0.015295851746381772
2016-09-04 21:00:00,0.19543560166029209,0.013030630257187559
2016-09-04 22:00:00,0.1870247245885489,0.010805458290436143
2016-09-04 23:00:00,0.1638627195323365,0.012281374470907491
2016-09-05 00:00:00,0.12016846139024107,0.011794667160277723
2016-09-05 01:00:00,0.10561681073249882,0.010977812756258557
2016-09-05 02:00:00,0.10770974872508114,0.01242370112693135
2016-09-05 03:00:00,0.1039736301866018,0.012332238277087815
2016-09-05 04:00:00,0.10612631775904034,0.012864022413015841
2016-09-05 05:00:00,0.15950736130910986,0.019501185653823586
2016-09-05 06:00:00,0.24156891508750583,0.04144742280510463
2016-09-05 07:00:00,0.2598952971140473,0.06996466672706823
2016-09-05 08:00:00,0.26446447800764955,0.11642844818726769
2016-09-05 09:00:00,0.26500617318613817,0.18364684408160573
2016-09-05 10:00:00,0.2631652715432313,0.21845077732676524
2016-09-05 11:00:00,0.2604637906380391,0.2288918343379131
2016-09-05 12:00:00,0.25354998462853495,0.21444419150400934
2016-09-05 13:00:00,0.24844776566121934,0.18923174183488173
2016-09-05 14:00:00,0.2431078983686834,0.13626171492494618
2016-09-05 15:00:00,0.23147340578639314,0.06439703973342459
2016-09-05 16:00:00,0.2313420146036161,0.05202259872516135
2016-09-05 17:00:00,0.2555989978558183,0.034955135112213966
2016-09-05 18:00:00,0.22764729207232265,0.019375762740905536
2016-09-05 19:00:00,0.21021306697670375,0.024153864037942497
2016-09-05 20:00:00,0.20567765797403795,0.024295221169372185
2016-09-05 21:00:00,0.2068096910784656,0.02784334785077254
2016-09-05 22:00:00,0.17428907185906356,0.02593744838216311
2016-09-05 23:00:00,0.1545717392790913,0.030192856682916096
2016-09-06 00:00:00,0.12254454801228565,0.041038372652894575
2016-09-06 01:00:00,0.10370952200683821,0.046780608583072564
2016-09-06 02:00:00,0.10809821078175702,0.044653604698464695
2016-09-06 03:00:00,0.10360567115785807,0.04316652997017407
2016-09-06 04:00:00,0.10622919138270745,0.044893765179346755
2016-09-06 05:00:00,0.14787086229427437,0.05350218346313317
2016-09-06 06:00:00,0.21938205835651362,0.07235357738895953
2016-09-06 07:00:00,0.23978009883518783,0.09215783549178569
2016-09-06 08:00:00,0.27647293134272133,0.11412096282950321
2016-09-06 09:00:00,0.28961802788885016,0.14873529795614124
2016-09-06 10:00:00,0.2990001862395688,0.15357756349564852
2016-09-06 11:00:00,0.2752964171882244,0.17589890059324267
2016-09-06 12:00:00,0.26310492957522014,0.19836136599740867
2016-09-06 13:00:00,0.24245865133866468,0.18229698817069223
2016-09-06 14:00:00,0.24015163435906361,0.13975070371973397
2016-09-06 15:00:00,0.22859848448365788,0.08413531762287302
2016-09-06 16:00:00,0.23873430544448304,0.07583509748406024
2016-09-06 17:00:00,0.2556336972792074,0.05817461324838646
2016-09-06 18:00:00,0.24657782401773284,0.032158503333952676
2016-09-06 19:00:00,0.22923372696453417,0.038775987039849406
2016-09-06 20:00:00,0.2460434998116597,0.05372935992108351
2016-09-06 21:00:00,0.20322055721198418,0.057338532902014475
2016-09-06 22:00:00,0.16339926015588785,0.06104864637218854
2016-09-06 23:00:00,0.14830756384735738,0.0673642780990612
2016-09-07 00:00:00,0.12843070962273995,0.06505253472017405
2016-09-07 01:00:00,0.10693414565948077,0.07730991625200467
2016-09-07 02:00:00,0.10840189938282332,0.097158059033982
2016-09-07 03:00:00,0.10198515868393604,0.12910026875899666
2016-09-07 04:00:00,0.10531668826784882,0.18673295939477802
2016-09-07 05:00:00,0.14860133850544732,0.24333796184451395
2016-09-07 06:00:00,0.2320253952538248,0.26242766776691767
2016-09-07 07:00:00,0.26197705873319427,0.19095955825190686
2016-09-07 08:00:00,0.26703996593938345,0.11472199557852528
2016-09-07 09:00:00,0.2845194435413769,0.14077269973997653
2016-09-07 10:00:00,0.3054606771412842,0.13558711585473301
2016-09-07 11:00:00,0.298694582942165,0.13312474566805196
2016-09-07 12:00:00,0.2868411607411914,0.12155904758629965
2016-09-07 13:00:00,0.2724994723719286,0.11598998821724038
2016-09-07 14:00:00,0.2634979729224617,0.1062505277740563
2016-09-07 15:00:00,0.24617215855354657,0.07158099662585565
2016-09-07 16:00:00,0.24860401156119605,0.04477790791643849
2016-09-07 17:00:00,0.26657275060848407,0.030129806004009385
2016-09-07 18:00:00,0.25203241650730174,0.02317609822340113
2016-09-07 19:00:00,0.2420557569106397,0.021001348746821826
2016-09-07 20:00:00,0.23657691546418647,0.030183370542343047
2016-09-07 21:00:00,0.19272179239105236,0.03421289722345003
2016-09-07 22:00:00,0.1692005414348633,0.031128365576422845
2016-09-07 23:00:00,0.13951997451611034,0.04655501114551144
2016-09-08 00:00:00,0.1188790969372972,0.043364179203940936
2016-09-08 01:00:00,0.10445237497102461,0.028986589164824952
2016-09-08 02:00:00,0.10652474605934167,0.023919154719293952
2016-09-08 03:00:00,0.1042500025788132,0.023873671773225108
2016-09-08 04:00:00,0.10690944080319886,0.02172800847393898
2016-09-08 05:00:00,0.14904097765994434,0.021835593896538233
2016-09-08 06:00:00,0.2194903447496523,0.03488542652332292
2016-09-08 07:00:00,0.26491850088375046,0.05642381615983766
2016-09-08 08:00:00,0.291884235338433,0.0903197468199687
2016-09-08 09:00:00,0.3196345907945062,0.1682702089187366
2016-09-08 10:00:00,0.2907147972009737,0.26959001284265605
2016-09-08 11:00:00,0.3030916953378535,0.32792941430515343
2016-09-08 12:00:00,0.28554868019819185,0.34635144783292576
2016-09-08 13:00:00,0.2753406592054937,0.3026732170147663
2016-09-08 14:00:00,0.2772326743451554,0.23473282307035986
2016-09-08 15:00:00,0.25131785231223913,0.1855326705900645
2016-09-08 16:00:00,0.24952944555516923,0.15748788074471937
2016-09-08 17:00:00,0.2684757846111498,0.13402308349212788
2016-09-08 18:00:00,0.2509261240293231,0.10651308654879718
2016-09-08 19:00:00,0.2370208232643719,0.1263624093997164
2016-09-08 20:00:00,0.2289010090403339,0.1718729520319773
2016-09-08 21:00:00,0.20330796379520163,0.22676292492333266
2016-09-08 22:00:00,0.17316646509909595,0.27713216347687264
2016-09-08 23:00:00,0.14784281913537312,0.2982856077781635
2016-09-09 00:00:00,0.11972626671882242,0.29716989126569526
2016-09-09 01:00:00,0.10983929265183125,0.3135234975781831
2016-09-09 02:00:00,0.10869165280192397,0.3325247206306474
2016-09-09 03:00:00,0.1112363359845851,0.3245343444711031
2016-09-09 04:00:00,0.1111120911711868,0.30663760427390957
2016-09-09 05:00:00,0.16209300660639783,0.2842493589937415
2016-09-09 06:00:00,0.24352706762865087,0.27511814484769215
2016-09-09 07:00:00,0.26148969309225767,0.28960648939966743
2016-09-09 08:00:00,0.279948022064789,0.4008203641142677
2016-09-09 09:00:00,0.29746910445642094,0.5415262288906221
2016-09-09 10:00:00,0.28470649539290677,0.5896775398491101
2016-09-09 11:00:00,0.29232036814731116,0.6166910934913943
2016-09-09 12:00:00,0.30039026513966155,0.6389525491331411
2016-09-09 13:00:00,0.2588099302706306,0.6218579310622919
2016-09-09 14:00:00,0.25279912105934177,0.5848534643658323
2016-09-09 15:00:00,0.2527813437355124,0.5005437289340897
2016-09-09 16:00:00,0.22385342291087157,0.37131075414032855
2016-09-09 17:00:00,0.2462221350544737,0.2683707350216604
2016-09-09 18:00:00,0.23530195584144642,0.30353464413539016
2016-09-09 19:00:00,0.24491198984411222,0.3512732293983473
2016-09-09 20:00:00,0.22842899642153466,0.39283798932881864
2016-09-09 21:00:00,0.19704956018196568,0.4308840507426658
2016-09-09 22:00:00,0.16389024853674083,0.43907636694494423
2016-09-09 23:00:00,0.15194891698539637,0.43573108090304125
2016-09-10 00:00:00,0.13724343877491885,0.4008960120629278
2016-09-10 01:00:00,0.11645163179473807,0.36933267747755716
2016-09-10 02:00:00,0.10970119583043578,0.4363858556052219
2016-09-10 03:00:00,0.10424442675011585,0.4163524706081067
2016-09-10 04:00:00,0.11003100473748265,0.40374490171924504
2016-09-10 05:00:00,0.1329243185268892,0.42938016494978487
2016-09-10 06:00:00,0.1753743453436486,0.4725503418281829
2016-09-10 07:00:00,0.20425738044738073,0.5078921639181497
2016-09-10 08:00:00,0.19983451534248958,0.5426443154215236
2016-09-10 09:00:00,0.21539652609237367,0.5873759229463134
2016-09-10 10:00:00,0.26200188483715814,0.5995578697872579
2016-09-10 11:00:00,0.26351256633924425,0.5944132475681105
2016-09-10 12:00:00,0.24096362127665738,0.5982309025634657
2016-09-10 13:00:00,0.1947960188630042,0.5549405516329946
2016-09-10 14:00:00,0.1783902705870422,0.47326126576990024
2016-09-10 15:00:00,0.20258847495074161,0.3774425025665951
2016-09-10 16:00:00,0.21580984025846084,0.30736340278716023
2016-09-10 17:00:00,0.2313641795317571,0.27137163811827697
2016-09-10 18:00:00,0.24907795429126112,0.23719556964947192
2016-09-10 19:00:00,0.2444055857527817,0.2085820965310972
2016-09-10 20:00:00,0.21162507146789516,0.24146622586289845
2016-09-10 21:00:00,0.18796141872392216,0.26863215814722274
2016-09-10 22:00:00,0.1686429296331711,0.2896367169337962
2016-09-10 23:00:00,0.15229325615727865,0.26987065764218654
2016-09-11 00:00:00,0.13715111320700044,0.225338914560043
2016-09-11 01:00:00,0.1190799052503477,0.2113341959524252
2016-09-11 02:00:00,0.10872847815252668,0.23411218296992958
2016-09-11 03:00:00,0.10488641207406121,0.2625971776667318
2016-09-11 04:00:00,0.10446335825220213,0.25562801204312535
2016-09-11 05:00:00,0.12174922103905889,0.2724206792026696
2016-09-11 06:00:00,0.161003807472763,0.30351415843839236
2016-09-11 07:00:00,0.203087547635605,0.36476221349799526
2016-09-11 08:00:00,0.1980307767877839,0.3993587352198317
2016-09-11 09:00:00,0.19801683320294391,0.4165800049063173
2016-09-11 10:00:00,0.20648839554357912,0.4393444447390473
2016-09-11 11:00:00,0.20591848667130286,0.43765949231229223
2016-09-11 12:00:00,0.2240271569743857,0.39627474255818496
2016-09-11 13:00:00,0.21153967557661107,0.32153316793531195
2016-09-11 14:00:00,0.2128114508286972,0.2240693682608547
2016-09-11 15:00:00,0.19297061961057022,0.171121874755134
2016-09-11 16:00:00,0.20801059603905891,0.1725505202153823
2016-09-11 17:00:00,0.21580024858020394,0.19889818769430861
2016-09-11 18:00:00,0.22021809441643497,0.211539527941326
2016-09-11 19:00:00,0.2109640147774688,0.21246720746640915
2016-09-11 20:00:00,0.2017058503853731,0.19178409250699197
2016-09-11 21:00:00,0.18589937626043102,0.17068956211240952
2016-09-11 22:00:00,0.19430896154960595,0.1699788206273225
2016-09-11 23:00:00,0.1655852401338665,0.15099172223699392
2016-09-12 00:00:00,0.12371579360802037,0.11739994012531782
2016-09-12 01:00:00,0.11053626900788131,0.0933225259592216
2016-09-12 02:00:00,0.11423079281119611,0.07401109818716996
2016-09-12 03:00:00,0.10778827533901249,0.06535288272046742
2016-09-12 04:00:00,0.11384799345155308,0.05807033806238998
2016-09-12 05:00:00,0.15271507071453405,0.04399437522589476
2016-09-12 06:00:00,0.2250202492321512,0.05293089666604733
2016-09-12 07:00:00,0.25814968435616603,0.0780573785850284
2016-09-12 08:00:00,0.25395296344749657,0.09423747287786033
2016-09-12 09:00:00,0.26521375102862776,0.10639643611113822
2016-09-12 10:00:00,0.2707041688253361,0.11099447811539218
2016-09-12 11:00:00,0.2874163577885953,0.12229505228192836
2016-09-12 12:00:00,0.29153705393776075,0.1304196659271955
2016-09-12 13:00:00,0.2638080091996987,0.11887430481248785
2016-09-12 14:00:00,0.2534861789667362,0.10162514662125954
2016-09-12 15:00:00,0.251638232397427,0.06213045694069039
2016-09-12 16:00:00,0.2331919100892444,0.05574021675132018
2016-09-12 17:00:00,0.2769232412204452,0.047794534465675734
2016-09-12 18:00:00,0.2452000170520398,0.03741367821655583
2016-09-12 19:00:00,0.23946058785350027,0.044806491385145704
2016-09-12 20:00:00,0.2545094507417711,0.035183166900645414
2016-09-12 21:00:00,0.2507600209347474,0.03226829808400156
2016-09-12 22:00:00,0.1987435306704915,0.04204798629703696
2016-09-12 23:00:00,0.1450476930198192,0.0513705438520927
2016-09-13 00:00:00,0.11978297981861377,0.05805081611866811
2016-09-13 01:00:00,0.10492652739626793,0.0632934907022785
2016-09-13 02:00:00,0.1068966019355586,0.05450500574276354
2016-09-13 03:00:00,0.10790735567338891,0.04071092317533737
2016-09-13 04:00:00,0.10804356218127027,0.03422290086240954
2016-09-13 05:00:00,0.15098860510836806,0.03237680442734206
2016-09-13 06:00:00,0.23503940073018093,0.05094341140592608
2016-09-13 07:00:00,0.2615024613902411,0.0775967275038627
2016-09-13 08:00:00,0.32133729975081127,0.11835548429380988
2016-09-13 09:00:00,0.31569404696917014,0.18062552464981418
2016-09-13 10:00:00,0.29551965178778405,0.18561678204713475
2016-09-13 11:00:00,0.2956431989742698,0.20217474357696075
2016-09-13 12:00:00,0.302073111207696,0.20987141564042633
2016-09-13 13:00:00,0.2704754723284656,0.1813615167612947
2016-09-13 14:00:00,0.27435012475370874,0.13975262775591626
2016-09-13 15:00:00,0.24704650034770512,0.07939408524955993
2016-09-13 16:00:00,0.24716386274339364,0.08646704981693723
2016-09-13 17:00:00,0.2633220656148586,0.10974723752483866
2016-09-13 18:00:00,0.2658828626419796,0.10115467634798551
2016-09-13 19:00:00,0.23644888661914704,0.13856205122809503
2016-09-13 20:00:00,0.22358385852746876,0.18591051749638174
2016-09-13 21:00:00,0.20523522934051924,0.19920789371772932
2016-09-13 22:00:00,0.1784229035842605,0.2207480884061705
2016-09-13 23:00:00,0.14364182890009267,0.22270064974393702
2016-09-14 00:00:00,0.11717099255331478,0.22648362711945041
2016-09-14 01:00:00,0.10711105663247568,0.22861213634730096
2016-09-14 02:00:00,0.1077601283901252,0.20817919590925094
2016-09-14 03:00:00,0.10300235225428839,0.23306312725405826
2016-09-14 04:00:00,0.1100277247044506,0.24562724473630937
2016-09-14 05:00:00,0.15705602967083915,0.22222735436989055
2016-09-14 06:00:00,0.2374138821424431,0.21765223888064728
2016-09-14 07:00:00,0.2721160626159017,0.1784807647293663
2016-09-14 08:00:00,0.2874495003621929,0.16612036870589672
2016-09-14 09:00:00,0.28464326387923033,0.21741013898621164
2016-09-14 10:00:00,0.2940344733426055,0.24221867484138468
2016-09-14 11:00:00,0.29135930215577194,0.2577944329964307
2016-09-14 12:00:00,0.29075106219575797,0.2051362795684041
2016-09-14 13:00:00,0.2887248450538943,0.11197715266272244
2016-09-14 14:00:00,0.30003489425417257,0.08952346787966944
2016-09-14 15:00:00,0.26756789206652765,0.0834180016458537
2016-09-14 16:00:00,0.2665177094488874,0.09165626606820848
2016-09-14 17:00:00,0.26986468405192415,0.14633519481551924
2016-09-14 18:00:00,0.2843353220039406,0.15355993056952866
2016-09-14 19:00:00,0.2658143450828697,0.13809709790617053
2016-09-14 20:00:00,0.2575895748000695,0.14922000247613926
2016-09-14 21:00:00,0.22529946125985162,0.14065730441203794
2016-09-14 22:00:00,0.1865193214534075,0.11208130944973596
2016-09-14 23:00:00,0.1580496218706537,0.10599395807544494
2016-09-15 00:00:00,0.12536380121407042,0.10052185335429296
2016-09-15 01:00:00,0.110456902497682,0.08662005995276746
2016-09-15 02:00:00,0.11172864910755678,0.14043330273293564
2016-09-15 03:00:00,0.10988501680574878,0.15017924668785448
2016-09-15 04:00:00,0.11269623338259159,0.14452101032617837
2016-09-15 05:00:00,0.15730095240785813,0.17033354577576765
2016-09-15 06:00:00,0.23264051583507195,0.2537820342369938
2016-09-15 07:00:00,0.25042815780018535,0.34016565353251516
2016-09-15 08:00:00,0.25845858079798334,0.3267378254961373
2016-09-15 09:00:00,0.26636049892790914,0.3224129876206238
2016-09-15 10:00:00,0.2558331692599676,0.3688405055698709
2016-09-15 11:00:00,0.26563779311543806,0.4539551857134757
2016-09-15 12:00:00,0.27870257235164586,0.5129493073330238
2016-09-15 13:00:00,0.24704681723748276,0.47780153046015045
2016-09-15 14:00:00,0.2567107030887807,0.45962566827723456
2016-09-15 15:00:00,0.27303604078291605,0.4063976691356835
2016-09-15 16:00:00,0.2556085753940659,0.40252930793306285
2016-09-15 17:00:00,0.273499958043579,0.42072379461192055
2016-09-15 18:00:00,0.25201897674721824,0.42081383362786035
2016-09-15 19:00:00,0.256651577567223,0.41936337035595533
2016-09-15 20:00:00,0.23529923352746862,0.41962931703236844
2016-09-15 21:00:00,0.2194477477254288,0.42049351722467243
2016-09-15 22:00:00,0.18455727880157619,0.41632651926721104
2016-09-15 23:00:00,0.15482187011764023,0.42019722790993547
2016-09-16 00:00:00,0.1254190274976819,0.41858771332221784
2016-09-16 01:00:00,0.11306542625753362,0.42805867298049094
2016-09-16 02:00:00,0.1115567063774919,0.41301414453530216
2016-09-16 03:00:00,0.11395005222821045,0.3959405508048601
2016-09-16 04:00:00,0.11682142075220212,0.38191612114956974
2016-09-16 05:00:00,0.16032868557313396,0.37590141155955414
2016-09-16 06:00:00,0.2351358503129345,0.41261310758771763
2016-09-16 07:00:00,0.2678120087795549,0.46837623497437897
2016-09-16 08:00:00,0.2670240106339823,0.5235708045377956
2016-09-16 09:00:00,0.2852744664029903,0.5869602914509583
2016-09-16 10:00:00,0.2796989927271674,0.6246187032030607
2016-09-16 11:00:00,0.28978205567628657,0.6575315050179934
2016-09-16 12:00:00,0.30983347441469633,0.6615733162587032
2016-09-16 13:00:00,0.26955288421418633,0.6243623384703207
2016-09-16 14:00:00,0.26361738530076506,0.5476763493684237
2016-09-16 15:00:00,0.2612320352630968,0.4538832510853217
2016-09-16 16:00:00,0.24930343587737608,0.3915743324402014
2016-09-16 17:00:00,0.2549433513995132,0.32460498618521416
2016-09-16 18:00:00,0.23648923420839119,0.2696763255156953
2016-09-16 19:00:00,0.24941673741017623,0.2368704722164091
2016-09-16 20:00:00,0.27060055267732974,0.23338560236382747
2016-09-16 21:00:00,0.22768959431502095,0.268156116708537
2016-09-16 22:00:00,0.1881502224009041,0.2878790984540876
2016-09-16 23:00:00,0.15974908250753356,0.3073021762467729
2016-09-17 00:00:00,0.1430230539377607,0.3240364346166145
2016-09-17 01:00:00,0.12736967127375987,0.3535164799192744
2016-09-17 02:00:00,0.10946964487714415,0.36603082049501273
2016-09-17 03:00:00,0.11012778792883636,0.370465612201105
2016-09-17 04:00:00,0.10870908586868333,0.39209257789394675
2016-09-17 05:00:00,0.13413615109237365,0.4232581772257481
2016-09-17 06:00:00,0.17984493115438108,0.46134504901388607
2016-09-17 07:00:00,0.19976494917709786,0.49135031970134935
2016-09-17 08:00:00,0.20074548429531763,0.517756803802122
2016-09-17 09:00:00,0.21334271861961052,0.5391068912013982
2016-09-17 10:00:00,0.22570710558646268,0.5309713913598182
2016-09-17 11:00:00,0.2286451742872045,0.5374656003186485
2016-09-17 12:00:00,0.24215051996407042,0.5403962524438197
2016-09-17 13:00:00,0.21391959663305513,0.5249775307337669
2016-09-17 14:00:00,0.20531340285987487,0.4915108659078815
2016-09-17 15:00:00,0.20331802984469174,0.45971679388548786
2016-09-17 16:00:00,0.20549676806617972,0.4519029374228436
2016-09-17 17:00:00,0.2130135743799258,0.38641927917264807
2016-09-17 18:00:00,0.22323041657974044,0.3311774071730882
2016-09-17 19:00:00,0.2368769008895456,0.3426499665774496
2016-09-17 20:00:00,0.23525536797345845,0.34612667820467435
2016-09-17 21:00:00,0.20490468137169687,0.319871279945531
2016-09-17 22:00:00,0.17678433539058883,0.29950900176530415
2016-09-17 23:00:00,0.1511087209666203,0.3078218485800899
2016-09-18 00:00:00,0.1291985091127724,0.35037432888338543
2016-09-18 01:00:00,0.12087786475718587,0.37194860536573443
2016-09-18 02:00:00,0.10949998451263326,0.37138825378481316
2016-09-18 03:00:00,0.10593383901251738,0.3745848216050753
2016-09-18 04:00:00,0.10410987504346315,0.3815408965848328
2016-09-18 05:00:00,0.12798869884388037,0.3726682586563172
2016-09-18 06:00:00,0.15437994061485855,0.3730799354297868
2016-09-18 07:00:00,0.16033288580783492,0.38894802265377465
2016-09-18 08:00:00,0.21409435516631908,0.437427891148543
2016-09-18 09:00:00,0.1813484261126564,0.4779616488676902
2016-09-18 10:00:00,0.2506066028337971,0.46784891157285347
2016-09-18 11:00:00,0.22958999550880843,0.44356716406581254
2016-09-18 12:00:00,0.23827770368277687,0.4313368960997945
2016-09-18 13:00:00,0.19227820387111733,0.43922961805070393
2016-09-18 14:00:00,0.19663949401657393,0.4046623301186191
2016-09-18 15:00:00,0.19237568425475193,0.32690700986245846
2016-09-18 16:00:00,0.18752251960187763,0.29607874979957954
2016-09-18 17:00:00,0.21341460752781635,0.23785420878725794
2016-09-18 18:00:00,0.23444815645282788,0.199814411996724
2016-09-18 19:00:00,0.21891574771094102,0.19494652154053393
2016-09-18 20:00:00,0.2107783993393602,0.18062012935952473
2016-09-18 21:00:00,0.18255288288131669,0.13222967277718561
2016-09-18 22:00:00,0.16698883495595732,0.10684526522628593
2016-09-18 23:00:00,0.14729750334666206,0.0995898773792783
2016-09-19 00:00:00,0.12013307183008815,0.09874861909187366
2016-09-19 01:00:00,0.10694633092837275,0.09307338540719734
2016-09-19 02:00:00,0.10633002512169679,0.09242755967054567
2016-09-19 03:00:00,0.09997171089765884,0.09037608469152159
2016-09-19 04:00:00,0.1055643424895689,0.08999322044802463
2016-09-19 05:00:00,0.14496056967141868,0.09393853312786035
2016-09-19 06:00:00,0.214078011314905,0.09867633063191864
2016-09-19 07:00:00,0.25917402859874816,0.10018263911612553
2016-09-19 08:00:00,0.2742049049750811,0.14237362813294555
2016-09-19 09:00:00,0.3083317599820352,0.18106359356532364
2016-09-19 10:00:00,0.2924043109498145,0.1824587104460688
2016-09-19 11:00:00,0.27586271260720907,0.16570494724819096
2016-09-19 12:00:00,0.26017269384561903,0.15834490528354198
2016-09-19 13:00:00,0.2324114746030366,0.14585357514062194
2016-09-19 14:00:00,0.23398740349733432,0.12122839666780753
2016-09-19 15:00:00,0.2362712458565137,0.08575612904341874
2016-09-19 16:00:00,0.24225969062934632,0.06040083255476236
2016-09-19 17:00:00,0.24059121498319425,0.04252053022623703
2016-09-19 18:00:00,0.20099672593590634,0.035835139674408364
2016-09-19 19:00:00,0.2298498325944599,0.05327173362654019
2016-09-19 20:00:00,0.22655190790159935,0.06459462598787405
2016-09-19 21:00:00,0.1966840727138387,0.07714957921948953
2016-09-19 22:00:00,0.17649614674605943,0.11116286794822022
2016-09-19 23:00:00,0.1497988037494204,0.18010761386935265
2016-09-20 00:00:00,0.11682077077538244,0.2334818669921768
2016-09-20 01:00:00,0.10755387114626794,0.27108496140348126
2016-09-20 02:00:00,0.10787105101124246,0.276586560308185
2016-09-20 03:00:00,0.10498133683936023,0.2621620513363974
2016-09-20 04:00:00,0.10536609450336112,0.2771958650658615
2016-09-20 05:00:00,0.14609692709782102,0.21150787741731863
2016-09-20 06:00:00,0.231430841823134,0.12575222838935066
2016-09-20 07:00:00,0.28764856529612887,0.1374131189150694
2016-09-20 08:00:00,0.30404451870363935,0.14311045315607268
2016-09-20 09:00:00,0.28122589587679664,0.19078980023855846
2016-09-20 10:00:00,0.2548837907249652,0.19924621717426177
2016-09-20 11:00:00,0.2797568819685906,0.20543228178637787
2016-09-20 12:00:00,0.28173752748319414,0.1978793650434187
2016-09-20 13:00:00,0.2823913579769355,0.17566804788035392
2016-09-20 14:00:00,0.26404415756838195,0.12328508944998039
2016-09-20 15:00:00,0.25079512565194717,0.04515348002263837
2016-09-20 16:00:00,0.23563957200394073,0.03065675291096226
2016-09-20 17:00:00,0.24220670090113583,0.0330959626371993
2016-09-20 18:00:00,0.22624599378477064,0.016190244040191665
2016-09-20 19:00:00,0.22576729822960118,0.014841167242812437
2016-09-20 20:00:00,0.23817506762865082,0.012407577981859964
2016-09-20 21:00:00,0.222617500608484,0.01252858798552709
2016-09-20 22:00:00,0.17329641416029207,0.013077853094220614
2016-09-20 23:00:00,0.14392681733889662,0.016386638155583805
2016-09-21 00:00:00,0.11275905598052854,0.023506271727459414
2016-09-21 01:00:00,0.10701478085883169,0.030423768770731465
2016-09-21 02:00:00,0.1080651493393602,0.052153468361480534
2016-09-21 03:00:00,0.10382951360396385,0.06274817461514766
2016-09-21 04:00:00,0.10608744604775155,0.045763619478339526
2016-09-21 05:00:00,0.14777863611207698,0.07950592805481127
2016-09-21 06:00:00,0.2350231446598285,0.0945436977804615
2016-09-21 07:00:00,0.26462250579508584,0.08351993264668493
2016-09-21 08:00:00,0.31009390888676397,0.1515852266854586
2016-09-21 09:00:00,0.29355525830146034,0.2398512620503619
2016-09-21 10:00:00,0.2676792156496291,0.22556062759529638
2016-09-21 11:00:00,0.2624124067136068,0.22385017384382944
2016-09-21 12:00:00,0.2599075625724387,0.21309439446015066
2016-09-21 13:00:00,0.2517735867958969,0.15053099502244274
2016-09-21 14:00:00,0.24598954336172923,0.10993937764370235
2016-09-21 15:00:00,0.23402243932545214,0.07123670518692547
2016-09-21 16:00:00,0.25654082193150207,0.09194692737844709
2016-09-21 17:00:00,0.25235180473458513,0.11400743502738116
2016-09-21 18:00:00,0.24521689366017627,0.09641974347535694
2016-09-21 19:00:00,0.2196049563630042,0.09650622257568942
2016-09-21 20:00:00,0.2173221345908669,0.12109658371303539
2016-09-21 21:00:00,0.18860335873029668,0.13895294199525718
2016-09-21 22:00:00,0.17358656038479375,0.16275089101980247
2016-09-21 23:00:00,0.13663493021267972,0.169215438709955
2016-09-22 00:00:00,0.11539464357324988,0.15490323434500294
2016-09-22 01:00:00,0.10556381775904022,0.16391654722423232
2016-09-22 02:00:00,0.10351274310384792,0.16929221700894775
2016-09-22 03:00:00,0.1024111156264488,0.13690195630314883
2016-09-22 04:00:00,0.1033218864163189,0.12541016766599844
2016-09-22 05:00:00,0.14662129638966154,0.10797950554923724
2016-09-22 06:00:00,0.23126001583507183,0.08359345877728339
2016-09-22 07:00:00,0.2540669298504868,0.06461446761744573
2016-09-22 08:00:00,0.2756107619089013,0.09857988040020535
2016-09-22 09:00:00,0.292886968344344,0.14542242298489147
2016-09-22 10:00:00,0.30308733026193796,0.1749312516547037
2016-09-22 11:00:00,0.2989324201726935,0.2085627423619205
2016-09-22 12:00:00,0.282419960535466,0.24444174105036182
2016-09-22 13:00:00,0.266405031510779,0.2693722659964795
2016-09-22 14:00:00,0.24423762169680108,0.23877395565509485
2016-09-22 15:00:00,0.21814215422172,0.1887982768156659
2016-09-22 16:00:00,0.21033594265762628,0.16579186861989048
2016-09-22 17:00:00,0.2146490457377144,0.1382687364517407
2016-09-22 18:00:00,0.2429076327654148,0.13778261954185408
2016-09-22 19:00:00,0.21789779297056106,0.15088639033879325
2016-09-22 20:00:00,0.21910826779091322,0.16008948947584584
2016-09-22 21:00:00,0.19889575933008802,0.14624741941306474
2016-09-22 22:00:00,0.18470309033089938,0.11760467428134168
2016-09-22 23:00:00,0.13819502205030135,0.09880413089027967
2016-09-23 00:00:00,0.11120585855644413,0.08963834356674164
2016-09-23 01:00:00,0.10292831184805284,0.09157752174907098
2016-09-23 02:00:00,0.10456148052851183,0.11247863552767456
2016-09-23 03:00:00,0.1032949477573018,0.14126234992567963
2016-09-23 04:00:00,0.10605072942744553,0.15938821793242713
2016-09-23 05:00:00,0.1437928347241539,0.19771447240044984
2016-09-23 06:00:00,0.225946650918521,0.2221848155093878
2016-09-23 07:00:00,0.23134379649107564,0.18435476698577152
2016-09-23 08:00:00,0.2656940767269355,0.22961988065773523
2016-09-23 09:00:00,0.2660370572844229,0.32607250427596324
2016-09-23 10:00:00,0.272070732049722,0.3374296850968119
2016-09-23 11:00:00,0.30165305884909616,0.3408535884685116
2016-09-23 12:00:00,0.2719620186891517,0.34974521242690204
2016-09-23 13:00:00,0.2646259283727399,0.3148016153520925
2016-09-23 14:00:00,0.23379261093242934,0.25611371952713663
2016-09-23 15:00:00,0.24252640856803429,0.19695030449403486
2016-09-23 16:00:00,0.23831987381200742,0.1685895608603559
2016-09-23 17:00:00,0.2549478761735049,0.12760123177464303
2016-09-23 18:00:00,0.25530671717083897,0.10381446162864268
2016-09-23 19:00:00,0.22835093364626807,0.12351807610145704
2016-09-23 20:00:00,0.21477643851413997,0.1266644678238803
2016-09-23 21:00:00,0.18560961494552616,0.10911894559690984
2016-09-23 22:00:00,0.1597677052619379,0.11378799209250928
2016-09-23 23:00:00,0.13780402510720913,0.12247467200176021
2016-09-24 00:00:00,0.1269524070468243,0.1328630284396147
2016-09-24 01:00:00,0.11782782067107092,0.15137150751574416
2016-09-24 02:00:00,0.10715786513386649,0.13677277822921963
2016-09-24 03:00:00,0.10578070644993046,0.14559863147662822
2016-09-24 04:00:00,0.10439733675243391,0.16762731723410912
2016-09-24 05:00:00,0.12864117027410754,0.14593751835497748
2016-09-24 06:00:00,0.18613834125811313,0.11010930139531586
2016-09-24 07:00:00,0.17614291584086691,0.13545961409133578
2016-09-24 08:00:00,0.19996548612076956,0.21063983386876586
2016-09-24 09:00:00,0.21338854331826604,0.24253823386690787
2016-09-24 10:00:00,0.21483935187760778,0.2285408727852044
2016-09-24 11:00:00,0.23290100757707458,0.22426766851769991
2016-09-24 12:00:00,0.22214294258518785,0.20971807794093486
2016-09-24 13:00:00,0.19995256015299023,0.19350656634690985
2016-09-24 14:00:00,0.19981726070642106,0.15910858009079798
2016-09-24 15:00:00,0.18175345998493278,0.10881172529825936
2016-09-24 16:00:00,0.20119188380853043,0.12194299193399177
2016-09-24 17:00:00,0.23518418776077887,0.15369721467347933
2016-09-24 18:00:00,0.25068254975081106,0.16782273833996675
2016-09-24 19:00:00,0.23272719865553998,0.20311744550097788
2016-09-24 20:00:00,0.23925565038247565,0.23716724872809503
2016-09-24 21:00:00,0.2086096481513675,0.23804245114849404
2016-09-24 22:00:00,0.17000293570352346,0.23433876176794444
2016-09-24 23:00:00,0.1941873043579045,0.2350119041865832
2016-09-25 00:00:00,0.14744885809283736,0.21894395671313316
2016-09-25 01:00:00,0.12178601644355587,0.20232838745858595
2016-09-25 02:00:00,0.10718688999478444,0.1972534529836691
2016-09-25 03:00:00,0.10190275567918405,0.20420087253075492
2016-09-25 04:00:00,0.1006586462824525,0.21780497766805199
2016-09-25 05:00:00,0.11892144094807611,0.23894042652684333
2016-09-25 06:00:00,0.15803709795143717,0.2563359293147857
2016-09-25 07:00:00,0.16829219785871574,0.3120542752757676
2016-09-25 08:00:00,0.16101117359179418,0.40764529339531586
2016-09-25 09:00:00,0.20299900152121006,0.44056012619856255
2016-09-25 10:00:00,0.22858223309283726,0.4281077944025522
2016-09-25 11:00:00,0.21223685783205834,0.416235581766771
2016-09-25 12:00:00,0.240370957536509,0.40406187206219424
2016-09-25 13:00:00,0.19911787495653702,0.3584707256650206
2016-09-25 14:00:00,0.17835989302271676,0.26022214482363587
2016-09-25 15:00:00,0.1706922562731803,0.23574434405554473
2016-09-25 16:00:00,0.18851299816006029,0.2294609003458831
2016-09-25 17:00:00,0.20555598603384323,0.2098405325231274
2016-09-25 18:00:00,0.2004178515443904,0.17869283770501662
2016-09-25 19:00:00,0.22236079815716273,0.15367569422745941
2016-09-25 20:00:00,0.22629374795723223,0.1455874317643751
2016-09-25 21:00:00,0.2050272919998841,0.1472820741982691
2016-09-25 22:00:00,0.16953274576958735,0.1676184710143262
2016-09-25 23:00:00,0.13144262978094573,0.17417964597423236
2016-09-26 00:00:00,0.11570748584550303,0.16602771615910422
2016-09-26 01:00:00,0.10085836013560495,0.22379641848953646
2016-09-26 02:00:00,0.10303768863004172,0.2557671115047428
2016-09-26 03:00:00,0.0994407132591562,0.1991491175788187
2016-09-26 04:00:00,0.10307995069830783,0.18898278797882845
2016-09-26 05:00:00,0.13072329020340745,0.18479163378080382
2016-09-26 06:00:00,0.21838361322148825,0.13354648586192058
2016-09-26 07:00:00,0.25834142057834947,0.08369934184749657
2016-09-26 08:00:00,0.2435461199437877,0.11910208641922548
2016-09-26 09:00:00,0.2618271004433241,0.16891199008791308
2016-09-26 10:00:00,0.26857356058762166,0.17930633374941324
2016-09-26 11:00:00,0.24058105987772366,0.1891251546886857
2016-09-26 12:00:00,0.25891542027410763,0.20647649708111676
2016-09-26 13:00:00,0.24400148700452018,0.19085815181649712
2016-09-26 14:00:00,0.24026828627723687,0.13659881369181504
2016-09-26 15:00:00,0.2266763876912379,0.10031231687199292
2016-09-26 16:00:00,0.2147003451553083,0.09136812887619797
2016-09-26 17:00:00,0.2502972853065601,0.07886413921469784
2016-09-26 18:00:00,0.22790564454392687,0.039984885861627226
2016-09-26 19:00:00,0.21204999839186364,0.03335146888186974
2016-09-26 20:00:00,0.19655987665159946,0.03269658051398396
2016-09-26 21:00:00,0.19117355783495596,0.02947041935238607
2016-09-26 22:00:00,0.16374222466098742,0.026566322717924896
2016-09-26 23:00:00,0.13515333087042186,0.0255900336313319
2016-09-27 00:00:00,0.11843462912899856,0.02953916855691375
2016-09-27 01:00:00,0.10875642370769589,0.03742642998396245
2016-09-27 02:00:00,0.1106323184689384,0.053060350376980245
2016-09-27 03:00:00,0.10715751721140476,0.06241739158111677
2016-09-27 04:00:00,0.10598139910755681,0.06328059177909251
2016-09-27 05:00:00,0.16271214652874372,0.07343483763206532
2016-09-27 06:00:00,0.24594912475370884,0.09294876500713864
2016-09-27 07:00:00,0.2877676904265182,0.08206881912121064
2016-09-27 08:00:00,0.2829378730296709,0.07031381725728533
2016-09-27 09:00:00,0.29391964922345853,0.0785055299320849
2016-09-27 10:00:00,0.2808245348429532,0.08183060926706431
2016-09-27 11:00:00,0.2702639034683587,0.11417607171455116
2016-09-27 12:00:00,0.3051645346691006,0.1392558720140328
2016-09-27 13:00:00,0.252103696685211,0.09621151844557987
2016-09-27 14:00:00,0.25568033653511824,0.05947343664746724
2016-09-27 15:00:00,0.26353603626274913,0.024653835916585175
2016-09-27 16:00:00,0.2646882932603153,0.015461393498826519
2016-09-27 17:00:00,0.2817796302590403,0.014301521005916293
2016-09-27 18:00:00,0.2593911531786045,0.01900848449990221
2016-09-27 19:00:00,0.2898919380939964,0.01930796724525719
2016-09-27 20:00:00,0.25414171883692627,0.019189538165362802
2016-09-27 21:00:00,0.22768294923504873,0.019645648011734792
2016-09-27 22:00:00,0.17191939800649048,0.018499951248679834
2016-09-27 23:00:00,0.13567847103905878,0.02036578828041267
2016-09-28 00:00:00,0.1066116762430459,0.025779552222765498
2016-09-28 01:00:00,0.1009810514603616,0.03256522873068648
2016-09-28 02:00:00,0.10690645433472412,0.034627933519557993
2016-09-28 03:00:00,0.10355286855296708,0.04937795576202815
2016-09-28 04:00:00,0.11073109950162269,0.0717465564133581
2016-09-28 05:00:00,0.15342229446279557,0.07504190962414432
2016-09-28 06:00:00,0.24788482323539648,0.06754566579801487
2016-09-28 07:00:00,0.2607549266487019,0.0629202065864463
2016-09-28 08:00:00,0.3002197635894761,0.0876357472782613
2016-09-28 09:00:00,0.2898569496117292,0.12096395244978489
2016-09-28 10:00:00,0.286962773180343,0.10409984598322897
2016-09-28 11:00:00,0.2909186841243626,0.11593148265333464
2016-09-28 12:00:00,0.2934870063166434,0.13506935070105608
2016-09-28 13:00:00,0.26090313527178965,0.11864630678456875
2016-09-28 14:00:00,0.25393077684573484,0.0896116532840798
2016-09-28 15:00:00,0.2501931066150903,0.044210290513837264
2016-09-28 16:00:00,0.235621376984817,0.02796967352420301
2016-09-28 17:00:00,0.23718047129983777,0.019071941208537065
2016-09-28 18:00:00,0.25574941611613355,0.016430893265450813
2016-09-28 19:00:00,0.24619058314499298,0.013120824378447096
2016-09-28 20:00:00,0.2350867190977051,0.014692106638079405
2016-09-28 21:00:00,0.18332830214128418,0.013917421741150009
2016-09-28 22:00:00,0.15829998131084838,0.013876557069479756
2016-09-28 23:00:00,0.12020555483599904,0.014188511073586934
2016-09-29 00:00:00,0.10946022051750116,0.014364778197437903
2016-09-29 01:00:00,0.10290935655713952,0.01589763715387248
2016-09-29 02:00:00,0.10448569678662495,0.019731884230295326
2016-09-29 03:00:00,0.10215287042188226,0.024503722597692155
2016-09-29 04:00:00,0.10523959438745947,0.03403909487292196
2016-09-29 05:00:00,0.15659604525961987,0.04803797436402308
2016-09-29 06:00:00,0.2436731368219749,0.07769914601510856
2016-09-29 07:00:00,0.24531308912841904,0.0940104321937219
2016-09-29 08:00:00,0.25637749811659716,0.10176646241218461
2016-09-29 09:00:00,0.2665307444512053,0.11106914064272444
2016-09-29 10:00:00,0.26204005996465,0.10252223989448463
2016-09-29 11:00:00,0.2593648650759157,0.10247916425508505
2016-09-29 12:00:00,0.2605752073771441,0.11025155454439663
2016-09-29 13:00:00,0.24581711845155296,0.11694372254894383
2016-09-29 14:00:00,0.24862816628998605,0.12170738836143165
2016-09-29 15:00:00,0.2523697122305286,0.10694371988436335
2016-09-29 16:00:00,0.26246773665681505,0.08957915960972032
2016-09-29 17:00:00,0.24729985867234572,0.07474631404053393
2016-09-29 18:00:00,0.25156822951437185,0.0660686832637884
2016-09-29 19:00:00,0.24961486852399173,0.049809334728095046
2016-09-29 20:00:00,0.2458859760952713,0.05019678867206141
2016-09-29 21:00:00,0.20450236103384334,0.04581093240499706
2016-09-29 22:00:00,0.17617357614742707,0.04947210374965773
2016-09-29 23:00:00,0.13771970753650903,0.04640563210874243
2016-09-30 00:00:00,0.10977765484469165,0.05035999258385488
2016-09-30 01:00:00,0.10147709131606397,0.053561404538089184
2016-09-30 02:00:00,0.10429032945062586,0.03204765685840015
2016-09-30 03:00:00,0.10297262214592023,0.02429705099144338
2016-09-30 04:00:00,0.10553196614221144,0.018816440991101115
2016-09-30 05:00:00,0.14514639973052845,0.02626059970012712
2016-09-30 06:00:00,0.22916125980818267,0.046090570373508694
2016-09-30 07:00:00,0.23908769730818263,0.06443525799540387
2016-09-30 08:00:00,0.2547241568729718,0.10376939606395456
2016-09-30 09:00:00,0.24455907784248962,0.15618241996029722
2016-09-30 10:00:00,0.25264794223748266,0.19173380912370433
2016-09-30 11:00:00,0.27768685183414454,0.20957228535527092
2016-09-30 12:00:00,0.25844921738815474,0.20406619398782516
2016-09-30 13:00:00,0.22891450131838206,0.17880848595667906
2016-09-30 14:00:00,0.21417368432719056,0.12204237706307444
2016-09-30 15:00:00,0.22594603185848408,0.05561841263451007
2016-09-30 16:00:00,0.2291518047925361,0.034018135754498344
2016-09-30 17:00:00,0.23265379155076488,0.011923962035644435
2016-09-30 18:00:00,0.2312696564238526,0.01090503104405437
2016-09-30 19:00:00,0.23719991489916542,0.01043277873200665
2016-09-30 20:00:00,0.21973411472821047,0.008379604338793274
2016-09-30 21:00:00,0.19355112162436255,0.010318006538333658
2016-09-30 22:00:00,0.15514449882649511,0.010594405193428516
2016-09-30 23:00:00,0.13527101687818727,0.010791171583561509
2016-10-01 00:00:00,0.13055063783611504,0.01396954440788187
2016-10-01 01:00:00,0.11903309051923969,0.012061200162673577
2016-10-01 02:00:00,0.10981428417651826,0.011528449109769218
2016-10-01 03:00:00,0.10668196609874828,0.012613203197780167
2016-10-01 04:00:00,0.10614658583970793,0.0132149972198318
2016-10-01 05:00:00,0.1278501623493278,0.027846810566546053
2016-10-01 06:00:00,0.1933878838375057,0.060820217461813014
2016-10-01 07:00:00,0.2146881878911683,0.07727729238206536
2016-10-01 08:00:00,0.22944210331189158,0.10624925796220419
2016-10-01 09:00:00,0.23142416636242474,0.17001506180001963
2016-10-01 10:00:00,0.24544236180169213,0.20486552427723453
2016-10-01 11:00:00,0.24578500815658333,0.213010762117348
2016-10-01 12:00:00,0.254671190745248,0.2093113202621259
2016-10-01 13:00:00,0.23841417005679194,0.18536451102557203
2016-10-01 14:00:00,0.21364637830319894,0.12539552861607667
2016-10-01 15:00:00,0.20559121447612427,0.06835313215284569
2016-10-01 16:00:00,0.21412267347589237,0.0465698696613045
2016-10-01 17:00:00,0.22658036442396862,0.00913020482402699
2016-10-01 18:00:00,0.23904362402932322,0.010190143049090553
2016-10-01 19:00:00,0.22544380366249422,0.012512404395169176
2016-10-01 20:00:00,0.22870778054010188,0.012681762949735966
2016-10-01 21:00:00,0.20681998465751056,0.013861011809211812
2016-10-01 22:00:00,0.1656562588519935,0.017507189886416977
2016-10-01 23:00:00,0.14268258931675942,0.016727699685409738
2016-10-02 00:00:00,0.11761689071917014,0.015108342466311363
2016-10-02 01:00:00,0.10853914657220676,0.016933458723058868
2016-10-02 02:00:00,0.10135341668115436,0.018361287055886952
2016-10-02 03:00:00,0.09633169562760778,0.018583775431498143
2016-10-02 04:00:00,0.09844557107672697,0.013954265406463915
2016-10-02 05:00:00,0.11801088325799726,0.012860731502493644
2016-10-02 06:00:00,0.17524588835767269,0.01605299390157442
2016-10-02 07:00:00,0.16833881655656005,0.013924692704869939
2016-10-02 08:00:00,0.18025236004867878,0.013109691506014081
2016-10-02 09:00:00,0.18316354846140473,0.03261819092049676
2016-10-02 10:00:00,0.2110980598487482,0.053784893461030686
2016-10-02 11:00:00,0.20715633302909134,0.08016228215964208
2016-10-02 12:00:00,0.1899454532046823,0.11578671816766084
2016-10-02 13:00:00,0.17614865890125175,0.11478586871015058
2016-10-02 14:00:00,0.1707700931125406,0.08287807376398398
2016-10-02 15:00:00,0.2075329573916319,0.033759596113778594
2016-10-02 16:00:00,0.19680822019877148,0.028012681170007818
2016-10-02 17:00:00,0.26390494380215573,0.011932368543418736
2016-10-02 18:00:00,0.2584496254780945,0.012961641397418342
2016-10-02 19:00:00,0.27428513002723676,0.01605309866379816
2016-10-02 20:00:00,0.25240706901947146,0.01917286153980051
2016-10-02 21:00:00,0.2171500831015298,0.016001727367641307
2016-10-02 22:00:00,0.18175275304242008,0.016581135867739093
2016-10-02 23:00:00,0.1363421776918174,0.020202712972129864
2016-10-03 00:00:00,0.11534921559167831,0.020677696580481124
2016-10-03 01:00:00,0.1056918164696338,0.024935281478681792
2016-10-03 02:00:00,0.09827329733136297,0.031208294594220615
2016-10-03 03:00:00,0.0950500793781873,0.035061878473938976
2016-10-03 04:00:00,0.09446171263618452,0.028640260235282607
2016-10-03 05:00:00,0.11584026450220215,0.025141273839184436
2016-10-03 06:00:00,0.17240797176344463,0.031008850554713467
2016-10-03 07:00:00,0.18041086155540106,0.04526269438177194
2016-10-03 08:00:00,0.19343040733657857,0.09107966692836882
2016-10-03 09:00:00,0.1954357631403571,0.15229049126652647
2016-10-03 10:00:00,0.19101414061775618,0.15682050221670252
2016-10-03 11:00:00,0.1852713799982615,0.13598931060619981
2016-10-03 12:00:00,0.201954786016458,0.10659182082104439
2016-10-03 13:00:00,0.19596593826784886,0.08307854272149426
2016-10-03 14:00:00,0.1895853584695178,0.0667742113664678
2016-10-03 15:00:00,0.18224771837331943,0.04803722393834345
2016-10-03 16:00:00,0.15907201815310612,0.03375232855750049
2016-10-03 17:00:00,0.1973984080030134,0.014806651323244668
2016-10-03 18:00:00,0.21126564912204443,0.013089610867543516
2016-10-03 19:00:00,0.23196867065078816,0.01017819568492079
2016-10-03 20:00:00,0.19238101548736672,0.010243458370379427
2016-10-03 21:00:00,0.1777319854833102,0.011297308226628201
2016-10-03 22:00:00,0.15085303623377375,0.010832739002493643
2016-10-03 23:00:00,0.12134480277874365,0.01092610619802464
2016-10-04 00:00:00,0.10676810542709783,0.013795575046059064
2016-10-04 01:00:00,0.10243450867814094,0.009346913485575982
2016-10-04 02:00:00,0.10335991388502545,0.00890170654346763
2016-10-04 03:00:00,0.09977538551808067,0.009917212761148054
2016-10-04 04:00:00,0.1055212887256606,0.009680833607128889
2016-10-04 05:00:00,0.13179447186485863,0.009765086374095441
2016-10-04 06:00:00,0.20709542593880398,0.011393497148102876
2016-10-04 07:00:00,0.23539453936312016,0.016980366058282806
2016-10-04 08:00:00,0.24328963588027358,0.020125537669861138
2016-10-04 09:00:00,0.2460683186138153,0.018840140139057306
2016-10-04 10:00:00,0.24309531510778865,0.014457434801877566
2016-10-04 11:00:00,0.24807048149918876,0.02105799399291023
2016-10-04 12:00:00,0.24002460477515064,0.02690828930916292
2016-10-04 13:00:00,0.2260560548504868,0.03421798391438492
2016-10-04 14:00:00,0.20571075010141399,0.04379303684906121
2016-10-04 15:00:00,0.19538126218416785,0.04515889104053396
2016-10-04 16:00:00,0.21164915158495592,0.028372086190983768
2016-10-04 17:00:00,0.22752810339881788,0.006397089790680618
2016-10-04 18:00:00,0.23638539974501613,0.008007551328378642
2016-10-04 19:00:00,0.22860117673562816,0.00992387594513984
2016-10-04 20:00:00,0.2185309860193555,0.011552264707803638
2016-10-04 21:00:00,0.18911750724385723,0.011565221335566204
2016-10-04 22:00:00,0.163571096183936,0.009350148817132798
2016-10-04 23:00:00,0.13126047389313858,0.009555555012125953
2016-10-05 00:00:00,0.11052614286335188,0.012315006067866223
2016-10-05 01:00:00,0.10207195737714422,0.015175311055495796
2016-10-05 02:00:00,0.10040417211404731,0.020077540473107766
2016-10-05 03:00:00,0.09945360542709786,0.02207304155466458
2016-10-05 04:00:00,0.10470484757475658,0.0238478494445042
2016-10-05 05:00:00,0.14200965603268423,0.02545460001090358
2016-10-05 06:00:00,0.21749015474327768,0.02820462534769216
2016-10-05 07:00:00,0.2362514292130275,0.02498036478437317
2016-10-05 08:00:00,0.26416202328175714,0.02278501716590065
2016-10-05 09:00:00,0.2527491195960825,0.018319701801730884
2016-10-05 10:00:00,0.24068220243683353,0.011431188382994327
2016-10-05 11:00:00,0.2544729256780251,0.007218694658664189
2016-10-05 12:00:00,0.25081008137749194,0.011589362813074513
2016-10-05 13:00:00,0.24176902613583678,0.019886447499119886
2016-10-05 14:00:00,0.21588499498725072,0.019441222780999412
2016-10-05 15:00:00,0.2119122975776541,0.024810750766770976
2016-10-05 16:00:00,0.2267823962824525,0.017635895274691962
2016-10-05 17:00:00,0.25082857495943445,0.00802274182441815
2016-10-05 18:00:00,0.2505041167564905,0.011587541746968511
2016-10-05 19:00:00,0.25888805179357893,0.01228632119851359
2016-10-05 20:00:00,0.22994095447960133,0.0181078846128496
2016-10-05 21:00:00,0.20745214122624003,0.02520038276760219
2016-10-05 22:00:00,0.15408887597067686,0.035781265530803824
2016-10-05 23:00:00,0.1296670296273759,0.05059817913627029
2016-10-06 00:00:00,0.10602526431386186,0.08277685268193818
2016-10-06 01:00:00,0.10177471485280479,0.14833951193223155
2016-10-06 02:00:00,0.1047404156525267,0.20880371169983375
2016-10-06 03:00:00,0.09832896156409365,0.2560776550824369
2016-10-06 04:00:00,0.1080011806762865,0.2934834017645218
2016-10-06 05:00:00,0.14788563443150207,0.29343861972442786
2016-10-06 06:00:00,0.22284211225081135,0.25908897718619195
2016-10-06 07:00:00,0.24615181759967542,0.1813646870781342
2016-10-06 08:00:00,0.26591105017095507,0.15156026005407786
2016-10-06 09:00:00,0.2674543903569775,0.13527238427439858
2016-10-06 10:00:00,0.26463424429184046,0.1303849218543907
2016-10-06 11:00:00,0.28711655968938343,0.14916376413983964
2016-10-06 12:00:00,0.26253755208333346,0.19894972444259734
2016-10-06 13:00:00,0.23331087779612897,0.26878749141120684
2016-10-06 14:00:00,0.22588865141110342,0.2571588425516821
2016-10-06 15:00:00,0.21936123147021333,0.23407092554376102
2016-10-06 16:00:00,0.22078664707927675,0.2297112853793272
2016-10-06 17:00:00,0.24584033660755678,0.22931304178187953
2016-10-06 18:00:00,0.22595175611381552,0.21416097120760805
2016-10-06 19:00:00,0.23898686323597587,0.23017079533097007
2016-10-06 20:00:00,0.23577642127375992,0.26403203214502247
2016-10-06 21:00:00,0.19403494635199345,0.2605573144120868
2016-10-06 22:00:00,0.15896127373087626,0.2741930337392431
2016-10-06 23:00:00,0.13106593061833566,0.29883986116863875
2016-10-07 00:00:00,0.10746342464939729,0.291791174253716
2016-10-07 01:00:00,0.10169014731108016,0.31172423980163305
2016-10-07 02:00:00,0.10395417192570702,0.3100946145301682
2016-10-07 03:00:00,0.10325991436312008,0.2500759199515451
2016-10-07 04:00:00,0.11223023406351415,0.21876679868433402
2016-10-07 05:00:00,0.1366032287320353,0.184278123049775
2016-10-07 06:00:00,0.2255614292564906,0.14914930899731071
2016-10-07 07:00:00,0.23942577191991193,0.13393336429522784
2016-10-07 08:00:00,0.26269258350718583,0.18773093223601603
2016-10-07 09:00:00,0.2612524372392211,0.2759151557516625
2016-10-07 10:00:00,0.2648472149831943,0.3172272508522394
2016-10-07 11:00:00,0.2715646161045434,0.378117292882554
2016-10-07 12:00:00,0.24813020026367635,0.39099055183488163
2016-10-07 13:00:00,0.23653499507417705,0.36907787178016827
2016-10-07 14:00:00,0.21328105101124242,0.33786527043927245
2016-10-07 15:00:00,0.19979710678894297,0.2483263446462448
2016-10-07 16:00:00,0.2217872504491192,0.23204850778300407
2016-10-07 17:00:00,0.226360822945642,0.19134407289037747
2016-10-07 18:00:00,0.24996399568266103,0.19464051849173675
2016-10-07 19:00:00,0.24426365284538704,0.2098871886928418
2016-10-07 20:00:00,0.21394250588201208,0.2568178437898983
2016-10-07 21:00:00,0.1836563599617525,0.27254502503388417
2016-10-07 22:00:00,0.14676868186427916,0.25452565532710736
2016-10-07 23:00:00,0.1386294801663189,0.2283792559968707
2016-10-08 00:00:00,0.13534704898296243,0.19968101801955795
2016-10-08 01:00:00,0.11925898791724618,0.18504830681630155
2016-10-08 02:00:00,0.10412941303025036,0.1821069125855173
2016-10-08 03:00:00,0.10126866289986095,0.17124489307700957
2016-10-08 04:00:00,0.10198417789464537,0.1625444082317133
2016-10-08 05:00:00,0.12116277790333788,0.13843147188436336
2016-10-08 06:00:00,0.19218151017037555,0.13593425095081169
2016-10-08 07:00:00,0.18319086471372284,0.16990523116453157
2016-10-08 08:00:00,0.19333878882707461,0.27917033645521216
2016-10-08 09:00:00,0.20632073535292073,0.3969225412276551
2016-10-08 10:00:00,0.1879778307834956,0.4393874338467142
2016-10-08 11:00:00,0.19265724543636992,0.4619755951401329
2016-10-08 12:00:00,0.18305012811485855,0.4445848663555642
2016-10-08 13:00:00,0.17471808502839595,0.3947053550638078
2016-10-08 14:00:00,0.16808326309689384,0.3374292882113729
2016-10-08 15:00:00,0.17954638511242466,0.2638700818397711
2016-10-08 16:00:00,0.1872113733339129,0.261404419145707
2016-10-08 17:00:00,0.19764093225544738,0.2526340056888324
2016-10-08 18:00:00,0.22698961982788585,0.2815638647484353
2016-10-08 19:00:00,0.222916801793579,0.26963760639991197
2016-10-08 20:00:00,0.21508134106977295,0.27561950847423233
2016-10-08 21:00:00,0.1905592328175707,0.3002032486602777
2016-10-08 22:00:00,0.1658604219401947,0.3096148168946802
2016-10-08 23:00:00,0.1395185240785814,0.3338529055602386
2016-10-09 00:00:00,0.11550022299490031,0.33362107899828863
2016-10-09 01:00:00,0.09816871879346308,0.3596178750986211
2016-10-09 02:00:00,0.09192074381374593,0.4011156380327107
2016-10-09 03:00:00,0.09168212986787205,0.41501694801325045
2016-10-09 04:00:00,0.09335174581305052,0.4169286913939957
2016-10-09 05:00:00,0.10617475491133523,0.4243731274587327
2016-10-09 06:00:00,0.1576038063572091,0.4437866149420105
2016-10-09 07:00:00,0.1546811336781409,0.47334127165436135
2016-10-09 08:00:00,0.18116806800533147,0.5025781122900936
2016-10-09 09:00:00,0.17628707033785346,0.5476610906755329
2016-10-09 10:00:00,0.18393558996870654,0.570409817264375
2016-10-09 11:00:00,0.19965782524918863,0.560379975200176
2016-10-09 12:00:00,0.19421224166956416,0.5280861364629865
2016-10-09 13:00:00,0.16629625798273065,0.5213392791904459
2016-10-09 14:00:00,0.15644604567976358,0.48716830000249356
2016-10-09 15:00:00,0.1798991510344227,0.42316639922222765
2016-10-09 16:00:00,0.17883433268138615,0.38286758680867405
2016-10-09 17:00:00,0.24428377331073253,0.30866793873386467
2016-10-09 18:00:00,0.24356460548504882,0.2682557076623802
2016-10-09 19:00:00,0.24739397035813634,0.2770108436999804
2016-10-09 20:00:00,0.21484487676750122,0.27260916922027184
2016-10-09 21:00:00,0.19045924190136765,0.2632748442945433
2016-10-09 22:00:00,0.16333423484585075,0.2817922396723548
2016-10-09 23:00:00,0.12749385329740376,0.28470095232348913
2016-10-10 00:00:00,0.10454761848052851,0.2709236579193722
2016-10-10 01:00:00,0.09757928130795082,0.26826454259676313
2016-10-10 02:00:00,0.10555680208333329,0.25444808513152745
2016-10-10 03:00:00,0.09968178387227628,0.21244470767132798
2016-10-10 04:00:00,0.10438935800591095,0.1977724528501369
2016-10-10 05:00:00,0.13601807956652756,0.23933810182730292
2016-10-10 06:00:00,0.23124796775034767,0.26276305416316253
2016-10-10 07:00:00,0.29360713517037546,0.24415398854346762
2016-10-10 08:00:00,0.275281486714766,0.26400461443232925
2016-10-10 09:00:00,0.2571528361439499,0.26981741147653043
2016-10-10 10:00:00,0.26295800176750117,0.2701031702155778
2016-10-10 11:00:00,0.26293708878071387,0.24418930568726782
2016-10-10 12:00:00,0.2745515157916088,0.23890656560155485
2016-10-10 13:00:00,0.2558711327074641,0.2451227658881772
2016-10-10 14:00:00,0.2327510893312471,0.22535649141159786
2016-10-10 15:00:00,0.2197599606658553,0.207631736544201
2016-10-10 16:00:00,0.25656889639835423,0.2053434684480736
2016-10-10 17:00:00,0.2787146207116366,0.20759785853628004
2016-10-10 18:00:00,0.2288167856687528,0.25553474832300016
2016-10-10 19:00:00,0.22929801105412628,0.2569298382858889
2016-10-10 20:00:00,0.19732202515067226,0.2512669517507823
2016-10-10 21:00:00,0.19220420098806212,0.28461686676002346
2016-10-10 22:00:00,0.174507142095503,0.28181905373909644
2016-10-10 23:00:00,0.12548054000057957,0.3046972254449442
2016-10-11 00:00:00,0.10265319916261012,0.3044421467067768
2016-10-11 01:00:00,0.09761305467663424,0.30449622790485037
2016-10-11 02:00:00,0.10493537365264258,0.32705791770966164
2016-10-11 03:00:00,0.10087497918115437,0.3335331614367788
2016-10-11 04:00:00,0.10697097783379698,0.33746853446313313
2016-10-11 05:00:00,0.14739539206652758,0.32962053590993534
2016-10-11 06:00:00,0.229157272224154,0.3100442677816351
2016-10-11 07:00:00,0.292385588925591,0.3486318946661941
2016-10-11 08:00:00,0.27004231926576266,0.4327397221015059
2016-10-11 09:00:00,0.2872214546099907,0.5120947275356935
2016-10-11 10:00:00,0.29046845901425583,0.5269046561132407
2016-10-11 11:00:00,0.2837204670839128,0.5172407095988657
2016-10-11 12:00:00,0.2697762982296012,0.5321608221760707
2016-10-11 13:00:00,0.24611345234990734,0.47168687620623895
2016-10-11 14:00:00,0.23351664064673164,0.35925810444601997
2016-10-11 15:00:00,0.22875453984121466,0.2543160952708781
2016-10-11 16:00:00,0.22480957381490502,0.22034605720115388
2016-10-11 17:00:00,0.30243846980760314,0.19464736571753372
2016-10-11 18:00:00,0.27416499929010196,0.18382718219929592
2016-10-11 19:00:00,0.3026584769355587,0.22811242988739483
2016-10-11 20:00:00,0.2748285685558647,0.22501101731879522
2016-10-11 21:00:00,0.20996371954682425,0.18190703360854688
2016-10-11 22:00:00,0.17567785738293923,0.2044540114511539
2016-10-11 23:00:00,0.13452476221314322,0.14280317118242714
2016-10-12 00:00:00,0.10423207398875753,0.10512771878251514
2016-10-12 01:00:00,0.09946640414928139,0.126717201064248
2016-10-12 02:00:00,0.10229531938166432,0.11047561544474868
2016-10-12 03:00:00,0.09729190771325916,0.09174238516467827
2016-10-12 04:00:00,0.10777786959608247,0.05262645749662624
2016-10-12 05:00:00,0.14147795192976353,0.03962031541238021
2016-10-12 06:00:00,0.2320120193555864,0.05486037980319771
2016-10-12 07:00:00,0.26333684263444596,0.07546421106155876
2016-10-12 08:00:00,0.2806957341649281,0.10559433887135734
2016-10-12 09:00:00,0.27322824614626795,0.13845194411108938
2016-10-12 10:00:00,0.26107468326958744,0.1543733231681009
2016-10-12 11:00:00,0.28092092521441814,0.15382957328407973
2016-10-12 12:00:00,0.258967672128535,0.14827511916374925
2016-10-12 13:00:00,0.23629497926808066,0.1666216016760708
2016-10-12 14:00:00,0.2417404705175012,0.18518728916546057
2016-10-12 15:00:00,0.23643900557777006,0.21483124562957165
2016-10-12 16:00:00,0.24090546699698656,0.25268673001892233
2016-10-12 17:00:00,0.26879398268718135,0.28425385327376296
2016-10-12 18:00:00,0.2530707366857904,0.3415126618257383
2016-10-12 19:00:00,0.2825461965693093,0.4073587174552611
2016-10-12 20:00:00,0.24300377197786266,0.4261257838673479
2016-10-12 21:00:00,0.2192320992118683,0.40417193908453936
2016-10-12 22:00:00,0.16667478507475664,0.3515458067364072
2016-10-12 23:00:00,0.1285329605934168,0.28101839625376485
2016-10-13 00:00:00,0.10557653061254052,0.22896513128036375
2016-10-13 01:00:00,0.09993341726066297,0.22120241952469194
2016-10-13 02:00:00,0.10403011765472878,0.17261339357598277
2016-10-13 03:00:00,0.10081585929531756,0.17572558180305103
2016-10-13 04:00:00,0.10863603446627262,0.16923900439247996
2016-10-13 05:00:00,0.14355248819251282,0.11826972238622138
2016-10-13 06:00:00,0.22981312255157632,0.12683629927288284
2016-10-13 07:00:00,0.26305381322438565,0.17095084827029142
2016-10-13 08:00:00,0.2736973019819193,0.2546869981380305
2016-10-13 09:00:00,0.27455881008055166,0.3939863234895364
2016-10-13 10:00:00,0.2549069191585536,0.5061499100262077
2016-10-13 11:00:00,0.27077055099675484,0.5866174143231957
2016-10-13 12:00:00,0.25471589325452004,0.6096221445975457
2016-10-13 13:00:00,0.2396777580696569,0.5885325546104537
2016-10-13 14:00:00,0.2507338182371349,0.5282622815331995
2016-10-13 15:00:00,0.2305772790623551,0.4622782897498531
2016-10-13 16:00:00,0.24386322422635592,0.4509903225175044
2016-10-13 17:00:00,0.26617344548273064,0.4067879866279092
2016-10-13 18:00:00,0.2784354210274686,0.3342220014008409
2016-10-13 19:00:00,0.2563413877491887,0.27767493114996084
2016-10-13 20:00:00,0.2446839490032452,0.2480083085126638
2016-10-13 21:00:00,0.2119429302561428,0.2131616309260708
2016-10-13 22:00:00,0.16909900634561897,0.1884466729224037
2016-10-13 23:00:00,0.14546284385141398,0.16680892262766475
2016-10-14 00:00:00,0.11223625818555868,0.15467024055574025
2016-10-14 01:00:00,0.10319571728674085,0.1557017216602288
2016-10-14 02:00:00,0.1032738566295781,0.17230923613636806
2016-10-14 03:00:00,0.10256223756954104,0.1762952155377469
2016-10-14 04:00:00,0.10673525753361147,0.1720488448412869
2016-10-14 05:00:00,0.14642393103847945,0.14743357372833948
2016-10-14 06:00:00,0.22853019720676865,0.13399034109065122
2016-10-14 07:00:00,0.26058014580435784,0.14784171083106784
2016-10-14 08:00:00,0.29222699359643034,0.23497576889512023
2016-10-14 09:00:00,0.30327659544506247,0.33702348303808916
2016-10-14 10:00:00,0.27517172347299496,0.3634814590308527
2016-10-14 11:00:00,0.2601932123174547,0.42289599556952856
2016-10-14 12:00:00,0.2601912558530367,0.42813254007094653
2016-10-14 13:00:00,0.24233201164812246,0.37329378246743605
2016-10-14 14:00:00,0.23953380916782568,0.29407376803574214
2016-10-14 15:00:00,0.2357191098313629,0.18686827032295122
2016-10-14 16:00:00,0.23798167524339353,0.17549096140993545
2016-10-14 17:00:00,0.25267170701495134,0.187399611656415
2016-10-14 18:00:00,0.24095661636532212,0.20273128712463326
2016-10-14 19:00:00,0.25291724395862314,0.22406490039932522
2016-10-14 20:00:00,0.20903932161277225,0.2640325674998533
2016-10-14 21:00:00,0.18815009286624948,0.26715223489453355
2016-10-14 22:00:00,0.1662232914493509,0.26815419733796203
2016-10-14 23:00:00,0.14618965213548907,0.27929917362184625
2016-10-15 00:00:00,0.13734863632939265,0.27469433754972616
2016-10-15 01:00:00,0.11717782378592954,0.2731721728982984
2016-10-15 02:00:00,0.10578737003071396,0.27027468860365733
2016-10-15 03:00:00,0.10268536898759849,0.2772465543856346
2016-10-15 04:00:00,0.10370673012285579,0.2703524022828574
2016-10-15 05:00:00,0.12948151567570698,0.2721657986649716
2016-10-15 06:00:00,0.18479443366075568,0.2810923862553784
2016-10-15 07:00:00,0.19670691736207693,0.22914832104879718
2016-10-15 08:00:00,0.22293582507533605,0.19655233977581654
2016-10-15 09:00:00,0.2247019696192628,0.21369022451789557
2016-10-15 10:00:00,0.2154693654960594,0.2321344853633385
2016-10-15 11:00:00,0.21855800750463616,0.26563850027708785
2016-10-15 12:00:00,0.2256368108918636,0.2773186373822609
2016-10-15 13:00:00,0.19543846224501615,0.2562586568077939
2016-10-15 14:00:00,0.17899062229079743,0.2162463996695677
2016-10-15 15:00:00,0.188972195207464,0.17121780251686877
2016-10-15 16:00:00,0.2012513171650439,0.15630831066536277
2016-10-15 17:00:00,0.2372246683617292,0.14306579250479173
2016-10-15 18:00:00,0.26032981106571623,0.13957654179033835
2016-10-15 19:00:00,0.2572221660292072,0.14817935306859964
2016-10-15 20:00:00,0.2208623385199352,0.15392200783414825
2016-10-15 21:00:00,0.20996299416145114,0.1354733400273323
2016-10-15 22:00:00,0.17972861797345857,0.12855139190338355
2016-10-15 23:00:00,0.15194069090461287,0.1322697166409153
2016-10-16 00:00:00,0.13076641491365323,0.1382515365613632
2016-10-16 01:00:00,0.10890256706363009,0.12235090668599646
2016-10-16 02:00:00,0.09685579857730645,0.1105050506488363
2016-10-16 03:00:00,0.09568808246407046,0.09592278639741836
2016-10-16 04:00:00,0.09214465426518312,0.07756003720482103
2016-10-16 05:00:00,0.11202382478558182,0.06742840609573636
2016-10-16 06:00:00,0.1659835117495364,0.08964107253046155
2016-10-16 07:00:00,0.17482843339997683,0.12529614881014078
2016-10-16 08:00:00,0.18197147400904032,0.15572530691394482
2016-10-16 09:00:00,0.19091964752839596,0.22155606476090342
2016-10-16 10:00:00,0.2002790251506721,0.2631818885560336
2016-10-16 11:00:00,0.20106513916898466,0.24743456535077246
2016-10-16 12:00:00,0.2113702068700742,0.2166310800229318
2016-10-16 13:00:00,0.21807931832406108,0.1874563828455896
2016-10-16 14:00:00,0.18034689289232728,0.13335103833991788
2016-10-16 15:00:00,0.17846901457464068,0.08774616579410326
2016-10-16 16:00:00,0.1832800820294391,0.09723787625787209
2016-10-16 17:00:00,0.23636350762053787,0.09229468375537844
2016-10-16 18:00:00,0.25326091976703746,0.08303236160018582
2016-10-16 19:00:00,0.26196243115438106,0.06612734224907098
2016-10-16 20:00:00,0.22715651209724153,0.052669480884412284
2016-10-16 21:00:00,0.1913570161103385,0.04680598558214355
2016-10-16 22:00:00,0.16132996551923978,0.04246525303290631
2016-10-16 23:00:00,0.1353750995740612,0.03107722656146098
2016-10-17 00:00:00,0.11489098694656934,0.025135733878887147
2016-10-17 01:00:00,0.09813204236207698,0.02343780452845687
2016-10-17 02:00:00,0.10365675411451086,0.021894369339037746
2016-10-17 03:00:00,0.10375119703291608,0.021501105362409543
2016-10-17 04:00:00,0.11195989231281882,0.022594466538040286
2016-10-17 05:00:00,0.14484816755041724,0.024629502569039702
2016-10-17 06:00:00,0.21971442351935572,0.036475709730442
2016-10-17 07:00:00,0.27077974188688,0.06185419426892237
2016-10-17 08:00:00,0.26391863293926754,0.08539522630745158
2016-10-17 09:00:00,0.2807053377810616,0.11242283096107955
2016-10-17 10:00:00,0.26284576109758917,0.1167935589448954
2016-10-17 11:00:00,0.28540364264603607,0.12695501587981617
2016-10-17 12:00:00,0.2651530300909829,0.13616025960571085
2016-10-17 13:00:00,0.2498031884272136,0.10856700838064735
2016-10-17 14:00:00,0.2445707648209318,0.07317550471323095
2016-10-17 15:00:00,0.25641539904960586,0.024185900461030706
2016-10-17 16:00:00,0.24640105392327313,0.021839135975503618
2016-10-17 17:00:00,0.22044888399687074,0.021396754681498143
2016-10-17 18:00:00,0.2812407818295086,0.023451533236749464
2016-10-17 19:00:00,0.24703211280134435,0.023395870783688637
2016-10-17 20:00:00,0.1996247761068614,0.026569401855808722
2016-10-17 21:00:00,0.17900971181038475,0.028373813976628203
2016-10-17 22:00:00,0.15193937372508115,0.026296442877664774
2016-10-17 23:00:00,0.12419433704218819,0.02394872081038529
2016-10-18 00:00:00,0.10312138847357444,0.024935302703109723
2016-10-18 01:00:00,0.1004249798331015,0.02563589935375513
2016-10-18 02:00:00,0.10615418683356517,0.0273846491906415
2016-10-18 03:00:00,0.10249722132881313,0.02907069704092509
2016-10-18 04:00:00,0.1049716138299722,0.026674641308722862
2016-10-18 05:00:00,0.1515610193845618,0.03560996541365149
2016-10-18 06:00:00,0.252596797939847,0.05395709631048311
2016-10-18 07:00:00,0.3405388553981225,0.05802542592743984
2016-10-18 08:00:00,0.2926318094286046,0.0932803419973108
2016-10-18 09:00:00,0.2880537235309457,0.1335900828067671
2016-10-18 10:00:00,0.29414109264893373,0.15019630068775666
2016-10-18 11:00:00,0.3060389382678489,0.16202966427953253
2016-10-18 12:00:00,0.2878295753216273,0.16741828513397225
2016-10-18 13:00:00,0.2650235367118681,0.16437266800713862
2016-10-18 14:00:00,0.2488513067483773,0.12354926647467238
2016-10-18 15:00:00,0.23827783809979136,0.05791738722980636
2016-10-18 16:00:00,0.24484214512343533,0.05673006527928809
2016-10-18 17:00:00,0.3071750046650441,0.050544941799481706
2016-10-18 18:00:00,0.2936258100950396,0.04954739790504596
2016-10-18 19:00:00,0.2994181105412607,0.05889739631947975
2016-10-18 20:00:00,0.2808192775411451,0.07542157335057698
2016-10-18 21:00:00,0.23196911051228572,0.09493433400352043
2016-10-18 22:00:00,0.1807618066469634,0.10407385550044004
2016-10-18 23:00:00,0.13970099915971257,0.10714649621562683
2016-10-19 00:00:00,0.10895795279902641,0.10731463364272442
2016-10-19 01:00:00,0.1008920564875985,0.12660104228857813
2016-10-19 02:00:00,0.10146854466562358,0.16419356437086838
2016-10-19 03:00:00,0.09861764731108022,0.2011098981982691
2016-10-19 04:00:00,0.10384666087158086,0.21780621238788384
2016-10-19 05:00:00,0.14567066617408436,0.23100520567817323
2016-10-19 06:00:00,0.23723835665855358,0.2557548256586153
2016-10-19 07:00:00,0.2795038949206074,0.2785008273802562
2016-10-19 08:00:00,0.27506783612946223,0.21833193274657736
2016-10-19 09:00:00,0.3000345475341911,0.13481021622340114
2016-10-19 10:00:00,0.29040930797983305,0.15283646712228632
2016-10-19 11:00:00,0.28558243108194253,0.18346002032627617
2016-10-19 12:00:00,0.2784432203291609,0.21786889781111865
2016-10-19 13:00:00,0.2573896528164116,0.21553188159353603
2016-10-19 14:00:00,0.2454029528280018,0.19753856789340885
2016-10-19 15:00:00,0.22372032617640233,0.13736502901706435
2016-10-19 16:00:00,0.23786940246870647,0.14256947063333658
2016-10-19 17:00:00,0.27735292547519697,0.15854793232828085
2016-10-19 18:00:00,0.2592188067918406,0.1766153850571093
2016-10-19 19:00:00,0.2596400210071861,0.19204577091301583
2016-10-19 20:00:00,0.2534651421534539,0.20350153967259926
2016-10-19 21:00:00,0.21577205621233192,0.1787031190368668
2016-10-19 22:00:00,0.170204113076611,0.15533392051114803
2016-10-19 23:00:00,0.13700817877839586,0.13418427429327207
2016-10-20 00:00:00,0.11082692305574875,0.11970986954806376
2016-10-20 01:00:00,0.10732857761068615,0.11812478974603952
2016-10-20 02:00:00,0.10475620369726471,0.10832371873220221
2016-10-20 03:00:00,0.10116605214128414,0.0987232743336104
2016-10-20 04:00:00,0.10679842914058876,0.10272109777723448
2016-10-20 05:00:00,0.150498643109643,0.10976290614223548
2016-10-20 06:00:00,0.23677391489916552,0.1354395277938099
2016-10-20 07:00:00,0.2531309091475429,0.16889159529605904
2016-10-20 08:00:00,0.24984700566469653,0.15772651764560922
2016-10-20 09:00:00,0.26150270707290224,0.14435805626515744
2016-10-20 10:00:00,0.26392268728268437,0.17353128646709365
2016-10-20 11:00:00,0.2510715167333102,0.21288053048787398
2016-10-20 12:00:00,0.25551865858252193,0.24131291253848036
2016-10-20 13:00:00,0.24074515877086233,0.23278849486666342
2016-10-20 14:00:00,0.25447106851240153,0.19138337303393305
2016-10-20 15:00:00,0.26493504546244784,0.13035139187272637
2016-10-20 16:00:00,0.2983913295955031,0.1420538916179347
2016-10-20 17:00:00,0.2803303553256838,0.17586496608761976
2016-10-20 18:00:00,0.2751264884243161,0.21724053448948757
2016-10-20 19:00:00,0.25554221682313394,0.2531834409387835
2016-10-20 20:00:00,0.23978332639371813,0.2785145261535791
2016-10-20 21:00:00,0.19226736792999524,0.2876587344219147
2016-10-20 22:00:00,0.15366125779439038,0.31843116671059063
2016-10-20 23:00:00,0.12708912147948545,0.3546171090916292
2016-10-21 00:00:00,0.10692668857209084,0.38695670179547226
2016-10-21 01:00:00,0.09672352368741301,0.42032462765357914
2016-10-21 02:00:00,0.0990756251159017,0.44300006432070216
2016-10-21 03:00:00,0.09704089799200273,0.44991091325929
2016-10-21 04:00:00,0.10391609870479829,0.4508682230519264
2016-10-21 05:00:00,0.14584075450567913,0.4415648159647956
2016-10-21 06:00:00,0.2215718756954103,0.4279683367232544
2016-10-21 07:00:00,0.2777736223197729,0.4470794572456973
2016-10-21 08:00:00,0.26402169361381544,0.4748462146063465
2016-10-21 09:00:00,0.26865448969923506,0.5356855989379522
2016-10-21 10:00:00,0.25982618270456653,0.560065334892871
2016-10-21 11:00:00,0.2569958192657626,0.5405872107277528
2016-10-21 12:00:00,0.26310874030771914,0.5289574093647076
2016-10-21 13:00:00,0.25800398817802506,0.511699466085713
2016-10-21 14:00:00,0.2684121533959202,0.4580453837163111
2016-10-21 15:00:00,0.2512884896847473,0.3817549560754939
2016-10-21 16:00:00,0.29932568435616574,0.37536795345134955
2016-10-21 17:00:00,0.2722599954508576,0.37674845214648933
2016-10-21 18:00:00,0.23865558899802977,0.36452448376065905
2016-10-21 19:00:00,0.23254146609874826,0.3569211559651379
2016-10-21 20:00:00,0.2104627614742699,0.37055619571210635
2016-10-21 21:00:00,0.17441948672925356,0.3685172509721788
2016-10-21 22:00:00,0.16238691121928603,0.3755397954416194
2016-10-21 23:00:00,0.16253919554068147,0.3818945732204675
2016-10-22 00:00:00,0.1311138294216504,0.37683751912160174
2016-10-22 01:00:00,0.11805681560037089,0.4061180051911793
2016-10-22 02:00:00,0.1072400078088781,0.4133677305108546
2016-10-22 03:00:00,0.10358870931849792,0.4056746276086446
2016-10-22 04:00:00,0.10511627290507644,0.4116324808456386
2016-10-22 05:00:00,0.13076160683240612,0.4018383324190299
2016-10-22 06:00:00,0.19287610619494672,0.3908073216044885
2016-10-22 07:00:00,0.21121721844575797,0.38617413264697836
2016-10-22 08:00:00,0.19900607530713957,0.4100807499739878
2016-10-22 09:00:00,0.22557137123319435,0.4371513201855075
2016-10-22 10:00:00,0.2399644117987946,0.43294294974398595
2016-10-22 11:00:00,0.24840720939093652,0.4217322795127614
2016-10-22 12:00:00,0.22238919993045914,0.4047682998409936
2016-10-22 13:00:00,0.19576238469228094,0.3684662668274986
2016-10-22 14:00:00,0.18378263880679185,0.33266320884583406
2016-10-22 15:00:00,0.16421006076147426,0.28894357335057697
2016-10-22 16:00:00,0.196433574727631,0.30138816879239194
2016-10-22 17:00:00,0.21084776731281865,0.322166322766282
2016-10-22 18:00:00,0.2457367890009272,0.33220866746323097
2016-10-22 19:00:00,0.2222431273470098,0.3195558138327303
2016-10-22 20:00:00,0.21389431641168294,0.2838488158861725
2016-10-22 21:00:00,0.20876235662957812,0.22733983641766084
2016-10-22 22:00:00,0.15808926348806215,0.19132987158053
2016-10-22 23:00:00,0.15268839961462677,0.1642245338191864
2016-10-23 00:00:00,0.13245907772658788,0.16909814201349502
2016-10-23 01:00:00,0.11815027389024113,0.18049785410815566
2016-10-23 02:00:00,0.10416879641863697,0.14694180437003715
2016-10-23 03:00:00,0.100756073409249,0.1577775800874731
2016-10-23 04:00:00,0.09960235781757071,0.197573773021416
2016-10-23 05:00:00,0.11155166137865088,0.22912692693780556
2016-10-23 06:00:00,0.14261961636532222,0.22281753018086248
2016-10-23 07:00:00,0.18987787349327762,0.2179804527308332
2016-10-23 08:00:00,0.18081371695352336,0.22534844895931944
2016-10-23 09:00:00,0.17586535664406588,0.24575759129845492
2016-10-23 10:00:00,0.22921082282974037,0.2558953581071288
2016-10-23 11:00:00,0.2462266714331247,0.23569295608258362
2016-10-23 12:00:00,0.2126901724762401,0.22347525496474668
2016-10-23 13:00:00,0.1961902555343069,0.2129332373130256
2016-10-23 14:00:00,0.18458466605818272,0.20796292471631134
2016-10-23 15:00:00,0.19315252778743625,0.19795224565543712
2016-10-23 16:00:00,0.18633955232962457,0.19769623020169175
2016-10-23 17:00:00,0.2023165270050997,0.2149145486265402
2016-10-23 18:00:00,0.2415598776222763,0.22228005849467047
2016-10-23 19:00:00,0.24072805414058882,0.225918340106151
2016-10-23 20:00:00,0.23271036835013909,0.2461595563872482
2016-10-23 21:00:00,0.1884068467199814,0.26580865428672007
2016-10-23 22:00:00,0.15291124321974964,0.27926287190548604
2016-10-23 23:00:00,0.12861657209086697,0.27067515647829066
2016-10-24 00:00:00,0.10603766211752431,0.24632364671875606
2016-10-24 01:00:00,0.0993764388618452,0.24472112374442592
2016-10-24 02:00:00,0.10449497279207237,0.23151736978857815
2016-10-24 03:00:00,0.09770577234005562,0.2081981413285742
2016-10-24 04:00:00,0.10511029031930921,0.19977710635629764
2016-10-24 05:00:00,0.13416093335651375,0.16783936722941517
2016-10-24 06:00:00,0.21769308823018077,0.15160055775845882
2016-10-24 07:00:00,0.2539402766429068,0.13986244012913163
2016-10-24 08:00:00,0.26917594142617085,0.09766975626007235
2016-10-24 09:00:00,0.29022956100776537,0.06988358023518482
2016-10-24 10:00:00,0.2649086847763097,0.08163394309891453
2016-10-24 11:00:00,0.28616917359179406,0.1112665272344025
2016-10-24 12:00:00,0.27033016068324073,0.13204014237277528
2016-10-24 13:00:00,0.25736682220676865,0.1184619325329552
2016-10-24 14:00:00,0.22953805713954575,0.09569673259568746
2016-10-24 15:00:00,0.22068159922635605,0.08474405488338549
2016-10-24 16:00:00,0.23356273904728775,0.09017442324339917
2016-10-24 17:00:00,0.2554054895688457,0.09441583662683356
2016-10-24 18:00:00,0.243586349429184,0.09782244860175043
2016-10-24 19:00:00,0.23529632791492813,0.10909635503515547
2016-10-24 20:00:00,0.23370060891863706,0.12139310552933698
2016-10-24 21:00:00,0.19249268187876678,0.11913474593066692
2016-10-24 22:00:00,0.16417861003419099,0.1074647215632701
2016-10-24 23:00:00,0.12965262111729262,0.10876407932520046
2016-10-25 00:00:00,0.11822990772774691,0.1303232719669959
2016-10-25 01:00:00,0.10432541562355122,0.14747496942064345
2016-10-25 02:00:00,0.10781405095329163,0.14973574006424797
2016-10-25 03:00:00,0.10431691113235975,0.14350701365059648
2016-10-25 04:00:00,0.1038263056617988,0.13309774722623705
2016-10-25 05:00:00,0.15478398609179417,0.11630531841453158
2016-10-25 06:00:00,0.2312709108570932,0.10689863756204773
2016-10-25 07:00:00,0.27955071718532687,0.11854717989908074
2016-10-25 08:00:00,0.2764817698771442,0.10535065545433209
2016-10-25 09:00:00,0.2881192990554009,0.058647494371308416
2016-10-25 10:00:00,0.30815892241828935,0.05646568197374338
2016-10-25 11:00:00,0.278269135749884,0.08607254394983374
2016-10-25 12:00:00,0.2642200671360685,0.11838807968320951
2016-10-25 13:00:00,0.28476571207116363,0.11561630751564639
2016-10-25 14:00:00,0.2459513619031062,0.10022078055275765
2016-10-25 15:00:00,0.23076595323365787,0.1036607055241541
2016-10-25 16:00:00,0.2781626483107326,0.14064523585248384
2016-10-25 17:00:00,0.286160984121465,0.1456225979871895
2016-10-25 18:00:00,0.2724883854166668,0.17161617521411107
2016-10-25 19:00:00,0.286512593402295,0.20831499761949931
2016-10-25 20:00:00,0.24118403616133505,0.24766073922242324
2016-10-25 21:00:00,0.20294598683066756,0.2692126475526599
2016-10-25 22:00:00,0.15895708924432084,0.27340303022095636
2016-10-25 23:00:00,0.12758668941237825,0.2512022783219245
2016-10-26 00:00:00,0.11259249605934171,0.2346394907497555
2016-10-26 01:00:00,0.1023693916753593,0.2411812791917661
2016-10-26 02:00:00,0.10502424224907275,0.245747293072609
2016-10-26 03:00:00,0.1000812633286973,0.26249368419479757
2016-10-26 04:00:00,0.10458456686080206,0.29251955985707995
2016-10-26 05:00:00,0.15359800153569778,0.30894492743423624
2016-10-26 06:00:00,0.23133307797287914,0.3299371494832778
2016-10-26 07:00:00,0.26783171989452936,0.3671369155365246
2016-10-26 08:00:00,0.28003902794680113,0.30676043975664974
2016-10-26 09:00:00,0.3188247507243858,0.21554444676398393
2016-10-26 10:00:00,0.29466827276019947,0.22402120468017794
2016-10-26 11:00:00,0.2862586807632127,0.23383312141291807
2016-10-26 12:00:00,0.2741021359237367,0.23021319415353014
2016-10-26 13:00:00,0.2650431190310617,0.22840496043100908
2016-10-26 14:00:00,0.25666359729949,0.21557888614438667
2016-10-26 15:00:00,0.2588110845068381,0.16326063129224527
2016-10-26 16:00:00,0.2751606924982616,0.18778689095462547
2016-10-26 17:00:00,0.2926824318353037,0.21882530611069823
2016-10-26 18:00:00,0.28264351640009266,0.23611691549755526
2016-10-26 19:00:00,0.2779415755099677,0.27113155516198906
2016-10-26 20:00:00,0.23523629350660633,0.3070478446954821
2016-10-26 21:00:00,0.18505311471372277,0.3208445988755623
2016-10-26 22:00:00,0.15291212504346308,0.36631567775576956
2016-10-26 23:00:00,0.13167202406409362,0.3964935590076765
2016-10-27 00:00:00,0.10547860265994435,0.4107582119395658
2016-10-27 01:00:00,0.09682179478152528,0.4188133447468218
2016-10-27 02:00:00,0.10366217854659247,0.37901449781801294
2016-10-27 03:00:00,0.1002119895543579,0.3218134663451008
2016-10-27 04:00:00,0.10509344997392213,0.294789454679689
2016-10-27 05:00:00,0.1480489543492118,0.2620982819301291
2016-10-27 06:00:00,0.22796599064093664,0.229554983091238
2016-10-27 07:00:00,0.2521396000086926,0.27186998162458437
2016-10-27 08:00:00,0.2755870959811079,0.3435612040164286
2016-10-27 09:00:00,0.2986126059341678,0.40376115005041074
2016-10-27 10:00:00,0.2820386501796476,0.39254204786837477
2016-10-27 11:00:00,0.26031520420433485,0.4110873094411793
2016-10-27 12:00:00,0.26743851637111715,0.4324311924244572
2016-10-27 13:00:00,0.25872598486033854,0.46236346678158613
2016-10-27 14:00:00,0.25624223932255447,0.4334609433686681
2016-10-27 15:00:00,0.2256580686717663,0.3732258132515157
2016-10-27 16:00:00,0.23483578214823825,0.37980313121548015
2016-10-27 17:00:00,0.22833267140414923,0.3796774589809798
2016-10-27 18:00:00,0.2422664314441354,0.3698579713964404
2016-10-27 19:00:00,0.23134014847009743,0.3815556200152551
2016-10-27 20:00:00,0.23672576195236428,0.3561018951602777
2016-10-27 21:00:00,0.18796811846604078,0.3586664598120477
2016-10-27 22:00:00,0.1598424439180575,0.354641569647565
2016-10-27 23:00:00,0.12820954615785818,0.3316933793284764
2016-10-28 00:00:00,0.10895690229485396,0.3279227328751222
2016-10-28 01:00:00,0.10041271827190544,0.3135375104598572
2016-10-28 02:00:00,0.10302773909075104,0.2704968193153726
2016-10-28 03:00:00,0.10132774417593882,0.2598521313325347
2016-10-28 04:00:00,0.11304504279670839,0.28533676707735184
2016-10-28 05:00:00,0.17808310912146497,0.26760952231972424
2016-10-28 06:00:00,0.24844985439846995,0.24425088054928615
2016-10-28 07:00:00,0.268451358208739,0.2514062150115881
2016-10-28 08:00:00,0.28842410552851194,0.31087856124956
2016-10-28 09:00:00,0.27943399082927683,0.3553076332969879
2016-10-28 10:00:00,0.27896427428140946,0.3543050435382849
2016-10-28 11:00:00,0.27905419133924436,0.40290045677175823
2016-10-28 12:00:00,0.28596585396383867,0.4529626076924505
2016-10-28 13:00:00,0.27016012894065844,0.45565873183277916
2016-10-28 14:00:00,0.2563034715171536,0.39224978748577155
2016-10-28 15:00:00,0.26679884970445045,0.319889613524203
2016-10-28 16:00:00,0.2546322745132127,0.3019960157558674
2016-10-28 17:00:00,0.28253570650788123,0.3155407140203892
2016-10-28 18:00:00,0.2800758317107095,0.3290128123044201
2016-10-28 19:00:00,0.2570971651019935,0.30988323667993345
2016-10-28 20:00:00,0.22868016476877612,0.2920341212019362
2016-10-28 21:00:00,0.1855456864568846,0.2646661276452181
2016-10-28 22:00:00,0.14982422357440886,0.23559593765856637
2016-10-28 23:00:00,0.13722965507649512,0.241816145724379
2016-10-29 00:00:00,0.11843357953755215,0.2100028135719734
2016-10-29 01:00:00,0.1122137437268196,0.16942196061216508
2016-10-29 02:00:00,0.10431291085709318,0.16068563045530995
2016-10-29 03:00:00,0.10309060680343074,0.16164736281850184
2016-10-29 04:00:00,0.10219565332348166,0.1443292802992372
2016-10-29 05:00:00,0.15049771202770046,0.10837821678510659
2016-10-29 06:00:00,0.20020798525150665,0.104828656090309
2016-10-29 07:00:00,0.20786706888908207,0.12133415574980441
2016-10-29 08:00:00,0.19887064705030127,0.1259314254447976
2016-10-29 09:00:00,0.22330784548852578,0.11539425620477217
2016-10-29 10:00:00,0.2595754356745478,0.10745530106375904
2016-10-29 11:00:00,0.28086311522079277,0.09568083420369647
2016-10-29 12:00:00,0.23686510787552156,0.07520776696112849
2016-10-29 13:00:00,0.19510453420549378,0.07100961091726972
2016-10-29 14:00:00,0.17398756073249888,0.06169800153339525
2016-10-29 15:00:00,0.1789717848429532,0.030733624373410907
2016-10-29 16:00:00,0.21965174662436254,0.025843364880207314
2016-10-29 17:00:00,0.24716788059225767,0.02557897845990612
2016-10-29 18:00:00,0.28218087320352336,0.025810054976383726
2016-10-29 19:00:00,0.31344511390241075,0.029306674229513004
2016-10-29 20:00:00,0.236440134692281,0.027001765892577745
2016-10-29 21:00:00,0.19682296863409826,0.023281888100234696
2016-10-29 22:00:00,0.16472981476008342,0.02469121457363583
2016-10-29 23:00:00,0.13079829121754757,0.02502164161206728
2016-10-30 00:00:00,0.12401674381374593,0.02669684013274985
2016-10-30 01:00:00,0.10903018258866481,0.033136233837277526
2016-10-30 02:00:00,0.10151163690890122,0.03411155901305496
2016-10-30 03:00:00,0.0963001654786741,0.02794016747266771
2016-10-30 04:00:00,0.09293783595560959,0.02933970762077058
2016-10-30 05:00:00,0.10182158999768198,0.0459693297314688
2016-10-30 06:00:00,0.11237461290275849,0.0763324221664385
2016-10-30 07:00:00,0.16679994465693088,0.0972830093539507
2016-10-30 08:00:00,0.1794593113699582,0.09608133324779973
2016-10-30 09:00:00,0.19006597915217896,0.10141933622657934
2016-10-30 10:00:00,0.21569558614394982,0.11246075242739097
2016-10-30 11:00:00,0.25011618131374586,0.13767348633937995
2016-10-30 12:00:00,0.2402133859237366,0.15259924312497553
2016-10-30 13:00:00,0.24180337275440422,0.17734463203588896
2016-10-30 14:00:00,0.21750919215055636,0.14996576221396443
2016-10-30 15:00:00,0.21144127247044497,0.056852662458048105
2016-10-30 16:00:00,0.17958751483541968,0.07188483138010952
2016-10-30 17:00:00,0.20366997547229942,0.1107826106566106
2016-10-30 18:00:00,0.25426781820815947,0.11952648004248972
2016-10-30 19:00:00,0.2435078134996524,0.09965104523410913
2016-10-30 20:00:00,0.24269171234643036,0.0987865899707608
2016-10-30 21:00:00,0.22151182827712104,0.12058522745134947
2016-10-30 22:00:00,0.17452788253361148,0.14058051355852727
2016-10-30 23:00:00,0.14318441397195175,0.12605700401105024
2016-10-31 00:00:00,0.12456195078523409,0.09559965851545082
2016-10-31 01:00:00,0.10792682753824753,0.08777514075440053
2016-10-31 02:00:00,0.10078855868973109,0.07245569490695286
2016-10-31 03:00:00,0.09876118102399166,0.05967174502875024
2016-10-31 04:00:00,0.09774663931386181,0.055874718194895354
2016-10-31 05:00:00,0.10180619319367178,0.05666507869044592
2016-10-31 06:00:00,0.1512029770804358,0.07540486605593584
2016-10-31 07:00:00,0.22501255382185908,0.11353592268037356
2016-10-31 08:00:00,0.2402371825886648,0.13543306826779777
2016-10-31 09:00:00,0.2645301673186138,0.16398468132065316
2016-10-31 10:00:00,0.2610434898151367,0.16886217455603364
2016-10-31 11:00:00,0.25767064234179426,0.17455638444616658
2016-10-31 12:00:00,0.28241772752955496,0.166017025070751
2016-10-31 13:00:00,0.27511136655366253,0.1484758425117348
2016-10-31 14:00:00,0.23621997137227627,0.10191977834847449
2016-10-31 15:00:00,0.21299856987424656,0.04171661438216311
2016-10-31 16:00:00,0.23742268566006025,0.05106740093624096
2016-10-31 17:00:00,0.24223985726703756,0.05243599221039506
2016-10-31 18:00:00,0.27256148894587384,0.040337251651525526
2016-10-31 19:00:00,0.24666809570584136,0.028497845461764128
2016-10-31 20:00:00,0.21503827297751504,0.023122560582974773
2016-10-31 21:00:00,0.19304956700567927,0.019386868350968117
2016-10-31 22:00:00,0.16783283334782106,0.01804259676779777
2016-10-31 23:00:00,0.15757926503824748,0.017916784249902208
2016-11-01 00:00:00,0.12289055508229021,0.01764025703628007
2016-11-01 01:00:00,0.10569787821627262,0.01596825693897907
2016-11-01 02:00:00,0.09949486540913305,0.014498939897907294
2016-11-01 03:00:00,0.09553400877955497,0.015220353614316447
2016-11-01 04:00:00,0.09430120792767728,0.015752958040044982
2016-11-01 05:00:00,0.10005194633750579,0.020655167851946016
2016-11-01 06:00:00,0.1457769380215577,0.027678986582143558
2016-11-01 07:00:00,0.19701045640646736,0.03215746245863485
2016-11-01 08:00:00,0.20369770700046358,0.0522448187402699
2016-11-01 09:00:00,0.20939223076031518,0.087797179827254
2016-11-01 10:00:00,0.2321174660697728,0.09212658554786818
2016-11-01 11:00:00,0.2208417982585767,0.09336751246200858
2016-11-01 12:00:00,0.2418157836694483,0.09701122009167806
2016-11-01 13:00:00,0.21484559657510438,0.10996091560189715
2016-11-01 14:00:00,0.2150513867350487,0.10416685189702721
2016-11-01 15:00:00,0.20751435618045905,0.08439027486998826
2016-11-01 16:00:00,0.21336341452248495,0.129237333650841
2016-11-01 17:00:00,0.2465832926083681,0.1542605235367201
2016-11-01 18:00:00,0.25159119290391757,0.15020816761544104
2016-11-01 19:00:00,0.24914179124652303,0.17287345522472128
2016-11-01 20:00:00,0.23047118718127022,0.18829639713710153
2016-11-01 21:00:00,0.20583536094691687,0.1964495522286818
2016-11-01 22:00:00,0.19317937189962908,0.21558347762028163
2016-11-01 23:00:00,0.16076960619494662,0.20642196946939173
2016-11-02 00:00:00,0.13474264390646734,0.1582922534272443
2016-11-02 01:00:00,0.11089315975602689,0.13617575602410523
2016-11-02 02:00:00,0.10253607420607325,0.13842078044196168
2016-11-02 03:00:00,0.10767413259156239,0.15300165946357325
2016-11-02 04:00:00,0.10471981870074176,0.1745849991272736
2016-11-02 05:00:00,0.11372123388966165,0.1813211577386563
2016-11-02 06:00:00,0.16636052859874834,0.18548141296484455
2016-11-02 07:00:00,0.23795035061717656,0.18728852510962246
2016-11-02 08:00:00,0.26878788263502557,0.18173226631693715
2016-11-02 09:00:00,0.30084826189441355,0.20063000647589474
2016-11-02 10:00:00,0.3301736856745481,0.23656178925400947
2016-11-02 11:00:00,0.3018875968503711,0.26000924874833764
2016-11-02 12:00:00,0.29149407529265176,0.2649285591248777
2016-11-02 13:00:00,0.26082157430748726,0.28484284543775673
2016-11-02 14:00:00,0.29220398365785805,0.20792617151985135
2016-11-02 15:00:00,0.26068231116713014,0.09323060460228827
2016-11-02 16:00:00,0.26082515443903576,0.09248976082402698
2016-11-02 17:00:00,0.2711227286161334,0.11093943716590064
2016-11-02 18:00:00,0.28034377761358376,0.13324303116604733
2016-11-02 19:00:00,0.2498240513589477,0.13835955433532174
2016-11-02 20:00:00,0.254134809558994,0.1341395225698709
2016-11-02 21:00:00,0.24851649116249422,0.1429533556293272
2016-11-02 22:00:00,0.16956551763154842,0.14061869253760023
2016-11-02 23:00:00,0.13455282016400105,0.12975328549276355
2016-11-03 00:00:00,0.12046452826553081,0.10303281941394485
2016-11-03 01:00:00,0.10729192909712566,0.07168141086436533
2016-11-03 02:00:00,0.10175506181907742,0.07087984048670055
2016-11-03 03:00:00,0.10617560877375985,0.07754246944377077
2016-11-03 04:00:00,0.11081845872450169,0.07461663008033444
2016-11-03 05:00:00,0.12106972274860914,0.07446023993467632
2016-11-03 06:00:00,0.16797849846430213,0.09206271599921766
2016-11-03 07:00:00,0.26285920607324986,0.11057895218076469
2016-11-03 08:00:00,0.26471084238815484,0.12448911805867392
2016-11-03 09:00:00,0.25722707584318494,0.16470765861240952
2016-11-03 10:00:00,0.2623709613322901,0.17111383656444357
2016-11-03 11:00:00,0.2632273998319425,0.14944274257368467
2016-11-03 12:00:00,0.2555893677126797,0.09566506817841773
2016-11-03 13:00:00,0.281070723371581,0.07282431434676315
2016-11-03 14:00:00,0.25471040025208624,0.042889434302268714
2016-11-03 15:00:00,0.2672088164261708,0.027540199665020533
2016-11-03 16:00:00,0.22860893976008348,0.035326407844954034
2016-11-03 17:00:00,0.24927006554242007,0.03891791997379229
2016-11-03 18:00:00,0.2900131147137227,0.032005480455065516
2016-11-03 19:00:00,0.2696610459260548,0.035994430007432035
2016-11-03 20:00:00,0.23833206364452938,0.051772535669225496
2016-11-03 21:00:00,0.20881734082348163,0.07298313665211226
2016-11-03 22:00:00,0.19132226070642094,0.09750967286250732
2016-11-03 23:00:00,0.1696720114887576,0.12478600310707998
2016-11-04 00:00:00,0.138372203378535,0.13929197430764717
2016-11-04 01:00:00,0.11136212766573945,0.16106089635087034
2016-11-04 02:00:00,0.10365434028743621,0.1893951620895756
2016-11-04 03:00:00,0.10541354873667126,0.21817805524379033
2016-11-04 04:00:00,0.1041616559602457,0.2459229101283982
2016-11-04 05:00:00,0.11476878668289292,0.20047215247477018
2016-11-04 06:00:00,0.17682702580261941,0.14171647893032463
2016-11-04 07:00:00,0.2576551140617756,0.16445576761617445
2016-11-04 08:00:00,0.27250997893486306,0.16087837967176805
2016-11-04 09:00:00,0.2713034231571626,0.19321939236808133
2016-11-04 10:00:00,0.29572338650324503,0.20758260615851745
2016-11-04 11:00:00,0.329396315441006,0.20260079975572076
2016-11-04 12:00:00,0.30516400412899847,0.17475114759480737
2016-11-04 13:00:00,0.2746095336114974,0.18687360920056723
2016-11-04 14:00:00,0.2745652277903339,0.1664744894061705
2016-11-04 15:00:00,0.2560081490640936,0.10010673951427732
2016-11-04 16:00:00,0.24312673574408905,0.11086390651134363
2016-11-04 17:00:00,0.28447786953813176,0.10129059815142774
2016-11-04 18:00:00,0.29565923220908663,0.08893807852166047
2016-11-04 19:00:00,0.29128345540681505,0.07654962245081165
2016-11-04 20:00:00,0.24219183608599903,0.06912413669655779
2016-11-04 21:00:00,0.22220548481687535,0.06536369359021123
2016-11-04 22:00:00,0.18754259582174304,0.05593922411788578
2016-11-04 23:00:00,0.16354635770166895,0.049545605364560916
2016-11-05 00:00:00,0.16109254556386182,0.037637987325836106
2016-11-05 01:00:00,0.13436297454508575,0.025490177377175825
2016-11-05 02:00:00,0.11317857039580431,0.025422422381869744
2016-11-05 03:00:00,0.10979811743741308,0.02963978798181107
2016-11-05 04:00:00,0.11210314734005557,0.03536071673802073
2016-11-05 05:00:00,0.11284382939267507,0.04592826808062781
2016-11-05 06:00:00,0.16421700194135383,0.046818909597398775
2016-11-05 07:00:00,0.21397482140994437,0.04297790573802073
2016-11-05 08:00:00,0.22017799717489572,0.03179813458028554
2016-11-05 09:00:00,0.2408383477775846,0.022908852230979854
2016-11-05 10:00:00,0.2234453907916088,0.02431600340612165
2016-11-05 11:00:00,0.2339228415768428,0.03646360405691376
2016-11-05 12:00:00,0.25144284399629113,0.05857698103275963
2016-11-05 13:00:00,0.24333954736033842,0.04907597181752396
2016-11-05 14:00:00,0.23173026254636078,0.04019859099662625
2016-11-05 15:00:00,0.19779222163305518,0.03699608521078623
2016-11-05 16:00:00,0.24382531713606873,0.048751557075053784
2016-11-05 17:00:00,0.25942887601413994,0.052399526610453745
2016-11-05 18:00:00,0.2642861064412379,0.06488779170604342
2016-11-05 19:00:00,0.2553388085158787,0.09917436485928027
2016-11-05 20:00:00,0.24400398323771447,0.1292564282323489
2016-11-05 21:00:00,0.21714605056212316,0.1535180497666732
2016-11-05 22:00:00,0.19632853090229496,0.19931186807647172
2016-11-05 23:00:00,0.16699791121928606,0.24107299361133386
2016-11-06 00:00:00,0.14560859838606857,0.26137921764878735
2016-11-06 01:00:00,0.1217305445786972,0.28374018788944844
2016-11-06 02:00:00,0.10979219796012982,0.2930958102713671
2016-11-06 03:00:00,0.1002214646499768,0.3022073878589869
2016-11-06 04:00:00,0.10091902541145108,0.33367947167651085
2016-11-06 05:00:00,0.10387567179531756,0.312613266755574
2016-11-06 06:00:00,0.1299648162523181,0.298570304781195
2016-11-06 07:00:00,0.1832721613641632,0.31912000633023657
2016-11-06 08:00:00,0.17900937197206768,0.30538833351564626
2016-11-06 09:00:00,0.21375645397253126,0.24898390818330718
2016-11-06 10:00:00,0.19626841773875753,0.23718205601765113
2016-11-06 11:00:00,0.2146857516805749,0.2560435531039018
2016-11-06 12:00:00,0.21330315365669927,0.2811238775663504
2016-11-06 13:00:00,0.2269140323076031,0.3212274233905241
2016-11-06 14:00:00,0.2094278264806444,0.33341965534808327
2016-11-06 15:00:00,0.2098251060935327,0.32269845138338543
2016-11-06 16:00:00,0.2255876697235744,0.37457194083165457
2016-11-06 17:00:00,0.23461276121349095,0.37884505229625465
2016-11-06 18:00:00,0.2742112988815485,0.3390075003708195
2016-11-06 19:00:00,0.23115525963433015,0.3138655457864268
2016-11-06 20:00:00,0.23521120440716276,0.2713885363934089
2016-11-06 21:00:00,0.21134700340461296,0.22195670630393113
2016-11-06 22:00:00,0.18470438643080667,0.19166962160214157
2016-11-06 23:00:00,0.14691675963433007,0.17447020214277334
2016-11-07 00:00:00,0.12287189826726935,0.19068195237282415
2016-11-07 01:00:00,0.11154885957058416,0.2280674545464502
2016-11-07 02:00:00,0.1011458884301112,0.2536729590800899
2016-11-07 03:00:00,0.1043822520717432,0.3094768965125171
2016-11-07 04:00:00,0.10480726070642099,0.32375507374555057
2016-11-07 05:00:00,0.11216565255563285,0.27055120091726975
2016-11-07 06:00:00,0.1669585336839361,0.2355762003821631
2016-11-07 07:00:00,0.24260714707927683,0.24981323459852336
2016-11-07 08:00:00,0.25805478942107085,0.19257868481199886
2016-11-07 09:00:00,0.3009854123058646,0.12219475870619009
2016-11-07 10:00:00,0.27185317837274003,0.10903299267773323
2016-11-07 11:00:00,0.29358255625579505,0.11959006196748484
2016-11-07 12:00:00,0.29287881474559574,0.14596288979679248
2016-11-07 13:00:00,0.26790683355064915,0.13930621796239973
2016-11-07 14:00:00,0.27686368061833555,0.13859471887561117
2016-11-07 15:00:00,0.29553831045723217,0.16152999722437902
2016-11-07 16:00:00,0.2539825847965926,0.18064200600821434
2016-11-07 17:00:00,0.2579944225052157,0.1693548114937903
2016-11-07 18:00:00,0.26645371004288365,0.1490675469698807
2016-11-07 19:00:00,0.269574015371465,0.1339627857898983
2016-11-07 20:00:00,0.24992053933414476,0.11898853570785252
2016-11-07 21:00:00,0.23501406662899865,0.10793501321425777
2016-11-07 22:00:00,0.18980327859874818,0.11044355274046547
2016-11-07 23:00:00,0.1443325015212101,0.1172025715505085
2016-11-08 00:00:00,0.12655930686427902,0.13775542073743396
2016-11-08 01:00:00,0.11075471344749654,0.17034358841267355
2016-11-08 02:00:00,0.10031627018138621,0.17017009271753375
2016-11-08 03:00:00,0.10489179182603157,0.182504518583317
2016-11-08 04:00:00,0.10655393929647658,0.24202697881449248
2016-11-08 05:00:00,0.11285034453233661,0.3033930282487287
2016-11-08 06:00:00,0.19844516911509044,0.32653516959094464
2016-11-08 07:00:00,0.24188096656235514,0.3411696885887933
2016-11-08 08:00:00,0.28747881331131186,0.29967664103241726
2016-11-08 09:00:00,0.2774590251506723,0.17185692964389787
2016-11-08 10:00:00,0.2859608285089244,0.1207821860562292
2016-11-08 11:00:00,0.2745918178314789,0.14933955160502638
2016-11-08 12:00:00,0.2757448773035467,0.16673158404938399
2016-11-08 13:00:00,0.291952071989453,0.15814097494113047
2016-11-08 14:00:00,0.2809374622160409,0.15951924241824755
2016-11-08 15:00:00,0.29741344848168766,0.15912009304669467
2016-11-08 16:00:00,0.2733543786943672,0.1734935168229024
2016-11-08 17:00:00,0.2731908806646963,0.16967452813314104
2016-11-08 18:00:00,0.26786687197206754,0.15753236512790922
2016-11-08 19:00:00,0.2463171367205609,0.16566823085659102
2016-11-08 20:00:00,0.221108519181734,0.15674039273611381
2016-11-08 21:00:00,0.21751851088027355,0.12118880446078623
2016-11-08 22:00:00,0.18001027691817342,0.09662572457715625
2016-11-08 23:00:00,0.15006724017732964,0.08571685928872481
2016-11-09 00:00:00,0.13245079105818267,0.08336619812492665
2016-11-09 01:00:00,0.12240022266168288,0.08072425049970662
2016-11-09 02:00:00,0.1009444124217663,0.06166898063587913
2016-11-09 03:00:00,0.11344137431907744,0.03969211633043222
2016-11-09 04:00:00,0.10609181119610574,0.031235739489585367
2016-11-09 05:00:00,0.11382899414696335,0.02302960001623313
2016-11-09 06:00:00,0.18988944278801584,0.019906598450567182
2016-11-09 07:00:00,0.23708124204624478,0.020089070958537063
2016-11-09 08:00:00,0.2620498745653686,0.03539974868614316
2016-11-09 09:00:00,0.28155316307371353,0.06668956624907098
2016-11-09 10:00:00,0.3128703488496756,0.07275208834412282
2016-11-09 11:00:00,0.31932946960477515,0.07510111930970077
2016-11-09 12:00:00,0.2994808385199351,0.08648110858967338
2016-11-09 13:00:00,0.26996161662610096,0.0987389144046059
2016-11-09 14:00:00,0.26560898801866006,0.07525632760458634
2016-11-09 15:00:00,0.2555778293926751,0.025195484289262667
2016-11-09 16:00:00,0.26594098772890595,0.028641345172990416
2016-11-09 17:00:00,0.301553323307835,0.03244865459397614
2016-11-09 18:00:00,0.30657857997218374,0.041998898175044
2016-11-09 19:00:00,0.2637434232875521,0.05659868188876393
2016-11-09 20:00:00,0.2509723587013212,0.05991956084182476
2016-11-09 21:00:00,0.2077361845734817,0.059033126809065126
2016-11-09 22:00:00,0.1770145403772601,0.07188429875606298
2016-11-09 23:00:00,0.1447932177068845,0.09566187576735771
2016-11-10 00:00:00,0.11788307061312008,0.1490926934367299
2016-11-10 01:00:00,0.11318657830609644,0.2053009082879914
2016-11-10 02:00:00,0.09976988001274922,0.21549991172477018
2016-11-10 03:00:00,0.10513375073887346,0.18812199210629768
2016-11-10 04:00:00,0.10795011190310613,0.14093056473088209
2016-11-10 05:00:00,0.11600000449119144,0.10038027942079014
2016-11-10 06:00:00,0.17704070304531755,0.1130569728452474
2016-11-10 07:00:00,0.2589864325886649,0.1406042606749462
2016-11-10 08:00:00,0.26789488060674543,0.13514299742519068
2016-11-10 09:00:00,0.2768946602486091,0.12448910458106785
2016-11-10 10:00:00,0.2769896011677097,0.13725853513050068
2016-11-10 11:00:00,0.28930722971719985,0.1374229794430862
2016-11-10 12:00:00,0.2841729300678024,0.13010651844127713
2016-11-10 13:00:00,0.2741189405424201,0.1213995803149325
2016-11-10 14:00:00,0.27912390687297184,0.13697399710580874
2016-11-10 15:00:00,0.25601072558820137,0.15335120205598474
2016-11-10 16:00:00,0.2805062377868567,0.14845231764868963
2016-11-10 17:00:00,0.24700428298852575,0.15448213969034813
2016-11-10 18:00:00,0.24236749117698192,0.18065391549075885
2016-11-10 19:00:00,0.22718890921998147,0.17753754108126346
2016-11-10 20:00:00,0.22728380684979133,0.15791861475542732
2016-11-10 21:00:00,0.21241627920723227,0.130517950730442
2016-11-10 22:00:00,0.165067834926982,0.13032665786749462
2016-11-10 23:00:00,0.1435030198916319,0.1550027814336006
2016-11-11 00:00:00,0.1208685532713259,0.15154921479605904
2016-11-11 01:00:00,0.10975602416550773,0.13142853995931936
2016-11-11 02:00:00,0.10202989654323133,0.12090221795315861
2016-11-11 03:00:00,0.10569130896499769,0.10253572827493643
2016-11-11 04:00:00,0.10411109034538707,0.08687955714184431
2016-11-11 05:00:00,0.11234717937239222,0.10287291692890671
2016-11-11 06:00:00,0.18028945804357907,0.12441111250244473
2016-11-11 07:00:00,0.26899924708796946,0.1356072551682965
2016-11-11 08:00:00,0.2781771953958043,0.13087500908766866
2016-11-11 09:00:00,0.3136922685008114,0.12403812500308037
2016-11-11 10:00:00,0.30793464489163186,0.11648838347829063
2016-11-11 11:00:00,0.29255773930806667,0.12610124458028557
2016-11-11 12:00:00,0.2794202286595967,0.13509735376129473
2016-11-11 13:00:00,0.26032952306444124,0.1505505543821142
2016-11-11 14:00:00,0.24222230487946222,0.1403155486481518
2016-11-11 15:00:00,0.25448478533553553,0.0950972689602484
2016-11-11 16:00:00,0.24938674618973114,0.10013781285458634
2016-11-11 17:00:00,0.27778824281409364,0.11404721857344023
2016-11-11 18:00:00,0.2754969605789291,0.08692177914546254
2016-11-11 19:00:00,0.26862570187181256,0.07972516592768433
2016-11-11 20:00:00,0.24835096031815035,0.08289362483546842
2016-11-11 21:00:00,0.2295648018660176,0.07977896226584197
2016-11-11 22:00:00,0.19574205141689843,0.06315224690172111
2016-11-11 23:00:00,0.146063684660408,0.049881524624682184
2016-11-12 00:00:00,0.1336723009677793,0.057435108085223945
2016-11-12 01:00:00,0.12146953385778858,0.07120901730398005
2016-11-12 02:00:00,0.11064609548852569,0.06731902423860746
2016-11-12 03:00:00,0.10522989999130736,0.062292765801926456
2016-11-12 04:00:00,0.10634724558124713,0.08069479428750244
2016-11-12 05:00:00,0.10845567970560968,0.09483372802430079
2016-11-12 06:00:00,0.14978801587853494,0.09870090462077058
2016-11-12 07:00:00,0.2094556629578117,0.1125261384938881
2016-11-12 08:00:00,0.20261862702828012,0.15314885303892037
2016-11-12 09:00:00,0.23317811682892906,0.1739631498208977
2016-11-12 10:00:00,0.23849328973980055,0.14749206385414626
2016-11-12 11:00:00,0.26641770627607775,0.1323252798153726
2016-11-12 12:00:00,0.2159246184515531,0.12626691426295716
2016-11-12 13:00:00,0.21339164096546132,0.1429189215259632
2016-11-12 14:00:00,0.18609789609411226,0.12662829700180903
2016-11-12 15:00:00,0.18634442259214185,0.06906567595076275
2016-11-12 16:00:00,0.17960944822090866,0.07842124662287306
2016-11-12 17:00:00,0.2399965778135141,0.07523821773772735
2016-11-12 18:00:00,0.25539392573597575,0.06320188502860355
2016-11-12 19:00:00,0.2564335211665507,0.052925216981859965
2016-11-12 20:00:00,0.23592867301228548,0.044493920073538036
2016-11-12 21:00:00,0.20319473332464064,0.043580207508458826
2016-11-12 22:00:00,0.16819881858484004,0.0475226442712693
2016-11-12 23:00:00,0.1469710366539175,0.048436746288235875
2016-11-13 00:00:00,0.13114528568324063,0.04872779109686094
2016-11-13 01:00:00,0.11311707984179409,0.051525130827449646
2016-11-13 02:00:00,0.09856162097241535,0.05251933269582437
2016-11-13 03:00:00,0.09539920191527583,0.04837303068697438
2016-11-13 04:00:00,0.09693237024802967,0.04635141749501272
2016-11-13 05:00:00,0.100336804126101,0.05090274957070212
2016-11-13 06:00:00,0.1272608738554705,0.0571123922976726
2016-11-13 07:00:00,0.17447984460477522,0.06991789928784471
2016-11-13 08:00:00,0.18431586969749658,0.11982720194753567
2016-11-13 09:00:00,0.17490108215982836,0.18044531630378438
2016-11-13 10:00:00,0.1778292753969633,0.19622754147535693
2016-11-13 11:00:00,0.18142312872334262,0.17787827414360455
2016-11-13 12:00:00,0.18088235817976359,0.15479549446939173
2016-11-13 13:00:00,0.17745370278453873,0.16445016126413062
2016-11-13 14:00:00,0.18571665010720909,0.16332103170174067
2016-11-13 15:00:00,0.19191724904381083,0.13731611258766868
2016-11-13 16:00:00,0.19442212421766342,0.14451115578769802
2016-11-13 17:00:00,0.22507671932950854,0.13712709956957753
2016-11-13 18:00:00,0.2523118215113583,0.14394417288421668
2016-11-13 19:00:00,0.2151812224588549,0.2000632513044201
2016-11-13 20:00:00,0.20151152203581352,0.249427304141991
2016-11-13 21:00:00,0.18397626555980523,0.25743931429058275
2016-11-13 22:00:00,0.16378673536740845,0.2411164346990025
2016-11-13 23:00:00,0.1302451544100603,0.18405937626413063
2016-11-14 00:00:00,0.10887463867640239,0.13996288288441228
2016-11-14 01:00:00,0.10343639386300413,0.12414354147887735
2016-11-14 02:00:00,0.09648445303082985,0.14183548404459223
2016-11-14 03:00:00,0.09785074098864165,0.15092555132168
2016-11-14 04:00:00,0.09655347515356978,0.16471373355383334
2016-11-14 05:00:00,0.10553135200799721,0.18036024368707215
2016-11-14 06:00:00,0.1633982387140704,0.18822188248723842
2016-11-14 07:00:00,0.22248213164986094,0.23044642582285352
2016-11-14 08:00:00,0.25224842756142796,0.28050481527948357
2016-11-14 09:00:00,0.2676347144761243,0.3005982638714551
2016-11-14 10:00:00,0.27202514891921636,0.2804661966924994
2016-11-14 11:00:00,0.2727634606223924,0.2521407357247213
2016-11-14 12:00:00,0.25452036703175707,0.24492564473420686
2016-11-14 13:00:00,0.24677249797171988,0.2631313631870721
2016-11-14 14:00:00,0.23835877568671754,0.2505321196045863
2016-11-14 15:00:00,0.2297423854891052,0.20570446916008214
2016-11-14 16:00:00,0.25222290073018094,0.22453930703539995
2016-11-14 17:00:00,0.2445118430256143,0.2244959396974868
2016-11-14 18:00:00,0.26561368883286973,0.22574290834774105
2016-11-14 19:00:00,0.21690183166724608,0.24975332039003517
2016-11-14 20:00:00,0.21083790677155775,0.25878888829156077
2016-11-14 21:00:00,0.19961314055980536,0.2728034345877176
2016-11-14 22:00:00,0.15138208576726941,0.2818920444400058
2016-11-14 23:00:00,0.1266477258634678,0.2802739389937414
2016-11-15 00:00:00,0.11199371065136765,0.30104289897452574
2016-11-15 01:00:00,0.10311621592489564,0.3144338922012028
2016-11-15 02:00:00,0.09604216810095037,0.304768417083806
2016-11-15 03:00:00,0.1005698354050765,0.3202343554955994
2016-11-15 04:00:00,0.10011507093184979,0.3583992748304322
2016-11-15 05:00:00,0.11986035791898472,0.3636233902576765
2016-11-15 06:00:00,0.18337817173736673,0.3426603974094954
2016-11-15 07:00:00,0.25668750479543345,0.35715995775356935
2016-11-15 08:00:00,0.3022905272513909,0.36245798537629575
2016-11-15 09:00:00,0.2663788487627491,0.33720209649721294
2016-11-15 10:00:00,0.27630162847705164,0.2771480258704772
2016-11-15 11:00:00,0.2813062386995827,0.19764373062057491
2016-11-15 12:00:00,0.26119483357962436,0.19589428204146284
2016-11-15 13:00:00,0.2859744523643949,0.18339954408023657
2016-11-15 14:00:00,0.251384729659249,0.13764725984656762
2016-11-15 15:00:00,0.24321427655598057,0.0770396525194113
2016-11-15 16:00:00,0.23215868477630974,0.08307849214604929
2016-11-15 17:00:00,0.2436358487482614,0.08025393344802463
2016-11-15 18:00:00,0.23658478172809463,0.08671985024383923
2016-11-15 19:00:00,0.21771439819483085,0.10164202841570506
2016-11-15 20:00:00,0.2103592684573482,0.07803125694235283
2016-11-15 21:00:00,0.18980647954334723,0.048851051953598665
2016-11-15 22:00:00,0.1542383664522485,0.03612461329053393
2016-11-15 23:00:00,0.13082871696801107,0.040047989582388026
2016-11-16 00:00:00,0.10822350543289294,0.03941494735624878
2016-11-16 01:00:00,0.10078520097357442,0.0327408316351457
2016-11-16 02:00:00,0.09454813099791375,0.028460550771856052
2016-11-16 03:00:00,0.09783441542072319,0.04320782369499315
2016-11-16 04:00:00,0.10011441607267038,0.04965479581938197
2016-11-16 05:00:00,0.1052849778482847,0.03889245169284177
2016-11-16 06:00:00,0.1696567315281641,0.028545609091678074
2016-11-16 07:00:00,0.2329101331131201,0.027252246740514373
2016-11-16 08:00:00,0.23815239473226704,0.025741659275083116
2016-11-16 09:00:00,0.27607547893486334,0.032199390008214354
2016-11-16 10:00:00,0.33121060281930925,0.040478065954087615
2016-11-16 11:00:00,0.29737176044564206,0.04076982283209466
2016-11-16 12:00:00,0.27112865762633287,0.04152416285923136
2016-11-16 13:00:00,0.28502330928372743,0.04189668266418931
2016-11-16 14:00:00,0.2525009326900787,0.038638749899716406
2016-11-16 15:00:00,0.25121012462331943,0.02730108850552513
2016-11-16 16:00:00,0.2981742235888966,0.028419813019069037
2016-11-16 17:00:00,0.31513329763560505,0.028767030460492858
2016-11-16 18:00:00,0.316827283017501,0.028556094766184235
2016-11-16 19:00:00,0.25743731683182663,0.028733751769851358
2016-11-16 20:00:00,0.23163482222125642,0.028870215214991196
2016-11-16 21:00:00,0.22899808572380614,0.02649445097413456
2016-11-16 22:00:00,0.1937053966011822,0.02307933446851164
2016-11-16 23:00:00,0.13525748015183126,0.022479940794983375
2016-11-17 00:00:00,0.11604732579972185,0.025488172479904165
2016-11-17 01:00:00,0.1056227735715114,0.024604195548357126
2016-11-17 02:00:00,0.09762196434573482,0.023446847968902798
2016-11-17 03:00:00,0.10204320933298563,0.0251821842986505
2016-11-17 04:00:00,0.10006366360975888,0.02602248783737532
2016-11-17 05:00:00,0.1112448275092722,0.02792378850562292
2016-11-17 06:00:00,0.20798098897484935,0.029209861677928807
2016-11-17 07:00:00,0.2398207797577655,0.041302456722667705
2016-11-17 08:00:00,0.25725542617060726,0.08131124170780361
2016-11-17 09:00:00,0.26243337534770517,0.12885460005896734
2016-11-17 10:00:00,0.27738164332695875,0.1408360912354781
2016-11-17 11:00:00,0.2574520044767037,0.1532206452456483
2016-11-17 12:00:00,0.26832006813572085,0.15856480444147275
2016-11-17 13:00:00,0.2553338122681965,0.14244762509363385
2016-11-17 14:00:00,0.25614383273933705,0.09923086119499311
2016-11-17 15:00:00,0.28978332863931405,0.05429832932344025
2016-11-17 16:00:00,0.25984977509272134,0.06135640129909055
2016-11-17 17:00:00,0.25890501141631905,0.049102272174555046
2016-11-17 18:00:00,0.26761624333565137,0.03793357840279679
2016-11-17 19:00:00,0.25036127680227166,0.03302305262385096
2016-11-17 20:00:00,0.22091941458043585,0.03326366952307843
2016-11-17 21:00:00,0.20772926561775618,0.03964897288607471
2016-11-17 22:00:00,0.1690221366770979,0.04363579784793663
2016-11-17 23:00:00,0.14106786998725088,0.043262528287160186
2016-11-18 00:00:00,0.1162974228094576,0.04030523870843927
2016-11-18 01:00:00,0.1049002638937181,0.04825193607857422
2016-11-18 02:00:00,0.09620246982209084,0.05747704715905535
2016-11-18 03:00:00,0.1003244664464534,0.06026164554097399
2016-11-18 04:00:00,0.10057401909480758,0.049755398368130255
2016-11-18 05:00:00,0.10981425134735744,0.04412925726681987
2016-11-18 06:00:00,0.17249555261937874,0.04363513125063563
2016-11-18 07:00:00,0.25135442115785833,0.03996172099144338
2016-11-18 08:00:00,0.2738455016081362,0.03579628296763153
2016-11-18 09:00:00,0.2582709556096429,0.040398598740367685
2016-11-18 10:00:00,0.269184367031757,0.041342401803539985
2016-11-18 11:00:00,0.27440211568439954,0.041069946396636026
2016-11-18 12:00:00,0.29299619091910045,0.03663309642127909
2016-11-18 13:00:00,0.27362766071221617,0.033499856339380005
2016-11-18 14:00:00,0.2533030154728789,0.03600012387165069
2016-11-18 15:00:00,0.28323448727978684,0.037291624543809895
2016-11-18 16:00:00,0.27043245108947606,0.03652377111529434
2016-11-18 17:00:00,0.258490411682893,0.038825740563905725
2016-11-18 18:00:00,0.2908072485512286,0.04336711437825152
2016-11-18 19:00:00,0.2884248102399165,0.045331550652405635
2016-11-18 20:00:00,0.23917656323887357,0.04738648853755133
2016-11-18 21:00:00,0.20539428343764496,0.04438304401520634
2016-11-18 22:00:00,0.1832735521557719,0.04135988706278114
2016-11-18 23:00:00,0.15677232103326383,0.04601730360419519
2016-11-19 00:00:00,0.13129001690716274,0.05733214523122432
2016-11-19 01:00:00,0.1320981930632823,0.05808149786397418
2016-11-19 02:00:00,0.11675712823076029,0.05308770963832387
2016-11-19 03:00:00,0.10958887200104316,0.060332453730637586
2016-11-19 04:00:00,0.107899218547172,0.07624639420301192
2016-11-19 05:00:00,0.10701080909538707,0.08702607654703695
2016-11-19 06:00:00,0.1668259520022021,0.1063902154066595
2016-11-19 07:00:00,0.1920996035147195,0.11550214623112653
2016-11-19 08:00:00,0.2173633612366713,0.1260364684991688
2016-11-19 09:00:00,0.24298510147195188,0.1699620931663407
2016-11-19 10:00:00,0.23186262289928133,0.18756410918130254
2016-11-19 11:00:00,0.21940462176923975,0.17671272598469584
2016-11-19 12:00:00,0.23209642901019933,0.15516611113759043
2016-11-19 13:00:00,0.2095628335796246,0.1404878558786916
2016-11-19 14:00:00,0.1998178036480064,0.10961673119675343
2016-11-19 15:00:00,0.19732035907800186,0.0864557168723352
2016-11-19 16:00:00,0.21897519367176646,0.10062114559290043
2016-11-19 17:00:00,0.21609772951437184,0.09120325906234109
2016-11-19 18:00:00,0.20685732430748724,0.07782957427899471
2016-11-19 19:00:00,0.21387272324119153,0.07930642003329746
2016-11-19 20:00:00,0.1927581270717432,0.0775342131418443
2016-11-19 21:00:00,0.1857864117408437,0.07413861379297869
2016-11-19 22:00:00,0.17135591011821993,0.07791429807084882
2016-11-19 23:00:00,0.13717195902874363,0.07394859903134166
2016-11-20 00:00:00,0.12930398885894762,0.06850262041404263
2016-11-20 01:00:00,0.11502261104833102,0.08135514754336984
2016-11-20 02:00:00,0.10327971418636998,0.09973007467235478
2016-11-20 03:00:00,0.09483741423273062,0.12538946752366517
2016-11-20 04:00:00,0.09519773359990727,0.13619200318169372
2016-11-20 05:00:00,0.09691955867524339,0.11271300770252297
2016-11-20 06:00:00,0.12340694884388041,0.06655228531879523
2016-11-20 07:00:00,0.1665763216996987,0.04768269142915117
2016-11-20 08:00:00,0.19644232655308294,0.07282204255412672
2016-11-20 09:00:00,0.1987593175996754,0.11390119207251123
2016-11-20 10:00:00,0.1894968858947612,0.12592933727488756
2016-11-20 11:00:00,0.1932032388009967,0.13603934352302954
2016-11-20 12:00:00,0.24152189183472422,0.14234345413651478
2016-11-20 13:00:00,0.1971022977949698,0.14480075256972413
2016-11-20 14:00:00,0.19776540367118686,0.10645208592675537
2016-11-20 15:00:00,0.20816384925533138,0.04229296778437316
2016-11-20 16:00:00,0.19309253956594805,0.037378918237580674
2016-11-20 17:00:00,0.22514251450220207,0.03829878145242519
2016-11-20 18:00:00,0.2360445824785581,0.03513571680510463
2016-11-20 19:00:00,0.23919069612019012,0.03719523598811851
2016-11-20 20:00:00,0.21179612824524796,0.03721026125645413
2016-11-20 21:00:00,0.18447350089823827,0.03944669338690593
2016-11-20 22:00:00,0.1547799456565832,0.042864699902992374
2016-11-20 23:00:00,0.120056774353848,0.04965465139766281
2016-11-21 00:00:00,0.10530634267790913,0.05014296412512224
2016-11-21 01:00:00,0.09966536206247105,0.046844522733913554
2016-11-21 02:00:00,0.09533346705493739,0.04279321810663994
2016-11-21 03:00:00,0.09794486806038474,0.03719818471181303
2016-11-21 04:00:00,0.09758412466678258,0.0350633561721592
2016-11-21 05:00:00,0.10794423109353268,0.03391592418643653
2016-11-21 06:00:00,0.1797688762749189,0.03497485752982593
2016-11-21 07:00:00,0.23221296872102454,0.04756596157730295
2016-11-21 08:00:00,0.3077311231021093,0.08007778927747897
2016-11-21 09:00:00,0.3072049616365321,0.11783027585918249
2016-11-21 10:00:00,0.2895794341243625,0.14594991890602388
2016-11-21 11:00:00,0.3218037669506257,0.19176845252958147
2016-11-21 12:00:00,0.28207031683182665,0.2145077610086056
2016-11-21 13:00:00,0.27975125705551684,0.20094757549188344
2016-11-21 14:00:00,0.29912085912146497,0.1528686688184041
2016-11-21 15:00:00,0.3435488289000928,0.10112421008771758
2016-11-21 16:00:00,0.3041888322902179,0.11470112013387444
2016-11-21 17:00:00,0.2740759872508113,0.12193181828495991
2016-11-21 18:00:00,0.284255785263097,0.13434126166883434
2016-11-21 19:00:00,0.260840486758229,0.14245174460057697
2016-11-21 20:00:00,0.2434980834202595,0.11917367007925876
2016-11-21 21:00:00,0.21425808489800643,0.103977362668052
2016-11-21 22:00:00,0.16340987308762173,0.09793023013930177
2016-11-21 23:00:00,0.13643008625985162,0.07517200065822412
2016-11-22 00:00:00,0.11507980574872503,0.048205885209026016
2016-11-22 01:00:00,0.10254343424026424,0.04501501440582828
2016-11-22 02:00:00,0.09780885657162726,0.04433142290675728
2016-11-22 03:00:00,0.09913929999710244,0.03576631349975552
2016-11-22 04:00:00,0.09838632120711636,0.030369696868619206
2016-11-22 05:00:00,0.10747330644413537,0.027709920824075886
2016-11-22 06:00:00,0.17062658892559107,0.02783273018276941
2016-11-22 07:00:00,0.24138779638966157,0.04224466518834344
2016-11-22 08:00:00,0.28750150352051457,0.07579677347970859
2016-11-22 09:00:00,0.29716258301460363,0.12428136767274599
2016-11-22 10:00:00,0.29401633849095954,0.14655531165436142
2016-11-22 11:00:00,0.29113857394529447,0.15071662780300216
2016-11-22 12:00:00,0.2746160615003478,0.14821585550493838
2016-11-22 13:00:00,0.30400131523817797,0.13144906798709166
2016-11-22 14:00:00,0.29152043933993976,0.0775192472633483
2016-11-22 15:00:00,0.29766188031699137,0.021516992211813024
2016-11-22 16:00:00,0.2884844771238988,0.023189936272345002
2016-11-22 17:00:00,0.26570241739105244,0.02210589410370624
2016-11-22 18:00:00,0.2993928287986787,0.02209104302126931
2016-11-22 19:00:00,0.27538006990322206,0.023980714519117936
2016-11-22 20:00:00,0.2374426581623783,0.023781155905828282
2016-11-22 21:00:00,0.21987787059573488,0.02475189220046939
2016-11-22 22:00:00,0.18030224804415856,0.023508158907246238
2016-11-22 23:00:00,0.14352410828117756,0.023549773164776057
2016-11-23 00:00:00,0.12185304662146502,0.022820348782221785
2016-11-23 01:00:00,0.1091740221951785,0.023403124173919418
2016-11-23 02:00:00,0.10165240684399626,0.02259001395501662
2016-11-23 03:00:00,0.10275495368277704,0.02249940760233718
2016-11-23 04:00:00,0.10460424585651362,0.024237731718511638
2016-11-23 05:00:00,0.11875237604311546,0.02555738039580481
2016-11-23 06:00:00,0.19559110817976366,0.02595673543492079
2016-11-23 07:00:00,0.25175687733252206,0.036766532532368466
2016-11-23 08:00:00,0.2945530445207464,0.07156778862849598
2016-11-23 09:00:00,0.28433436135257306,0.10240348412996275
2016-11-23 10:00:00,0.3057755426373435,0.10250631020467436
2016-11-23 11:00:00,0.27389155211230887,0.09532416382446703
2016-11-23 12:00:00,0.2966619766313166,0.08076319232383139
2016-11-23 13:00:00,0.312201674924664,0.0779850594628887
2016-11-23 14:00:00,0.3085376887459434,0.059742431186192095
2016-11-23 15:00:00,0.26788892550417254,0.02574566923762957
2016-11-23 16:00:00,0.28291180241655073,0.024951174861236065
2016-11-23 17:00:00,0.2809289986091793,0.02657961917563074
2016-11-23 18:00:00,0.26867569142617065,0.031526839615000975
2016-11-23 19:00:00,0.2823762458565138,0.03440993567695091
2016-11-23 20:00:00,0.24650556903395918,0.03397598925865441
2016-11-23 21:00:00,0.20304861164232732,0.030310190995746136
2016-11-23 22:00:00,0.15900465484469165,0.03493668882065323
2016-11-23 23:00:00,0.1293170880997914,0.03313230596895169
2016-11-24 00:00:00,0.11164671746059339,0.02833850121142186
2016-11-24 01:00:00,0.10339992772079276,0.028762363872873065
2016-11-24 02:00:00,0.10191477063050534,0.03200487507661842
2016-11-24 03:00:00,0.10367111345329161,0.038501727638812835
2016-11-24 04:00:00,0.10103706399223462,0.04743055945398983
2016-11-24 05:00:00,0.11331871834434404,0.05863643115768628
2016-11-24 06:00:00,0.17148589438456185,0.07123061161426755
2016-11-24 07:00:00,0.23825560197902176,0.0870054192878447
2016-11-24 08:00:00,0.2834868315368567,0.09500132579918835
2016-11-24 09:00:00,0.26977809960303667,0.1220743908502836
2016-11-24 10:00:00,0.27152621469343996,0.15005399346528459
2016-11-24 11:00:00,0.26879958938919796,0.1698665141954821
2016-11-24 12:00:00,0.26395539008171054,0.17862026563362995
2016-11-24 13:00:00,0.2684640237308763,0.1704381050520243
2016-11-24 14:00:00,0.262442135605007,0.1228931612924408
2016-11-24 15:00:00,0.2688989341678257,0.08633222468110698
2016-11-24 16:00:00,0.2520903163827074,0.105268098130354
2016-11-24 17:00:00,0.2717239541318962,0.11728784577478975
2016-11-24 18:00:00,0.26073877213722757,0.1306076124591238
2016-11-24 19:00:00,0.250692420708739,0.15761427980608256
2016-11-24 20:00:00,0.2548271663914,0.16258920534373167
2016-11-24 21:00:00,0.21513675134735746,0.14223551982837862
2016-11-24 22:00:00,0.18466832461172927,0.11143390455089969
2016-11-24 23:00:00,0.16009345462447847,0.0829178326662429
2016-11-25 00:00:00,0.1426272378303199,0.06957101297349892
2016-11-25 01:00:00,0.11893241430516924,0.06333620633150791
2016-11-25 02:00:00,0.10578093280598053,0.06513336631072755
2016-11-25 03:00:00,0.10928074645050999,0.07257540740132992
2016-11-25 04:00:00,0.11026205802329625,0.07315838130192646
2016-11-25 05:00:00,0.1191511191759388,0.05852919160942695
2016-11-25 06:00:00,0.18599451692165042,0.049662829863827494
2016-11-25 07:00:00,0.2608092544332405,0.05342846763050069
2016-11-25 08:00:00,0.26920721433124706,0.06925021414477801
2016-11-25 09:00:00,0.2870569909741539,0.08849546569587324
2016-11-25 10:00:00,0.27274386378650906,0.09499652950909449
2016-11-25 11:00:00,0.31236579820062577,0.1031144649815666
2016-11-25 12:00:00,0.31361453110512283,0.11106836421719145
2016-11-25 13:00:00,0.3101501448626566,0.11514456269743789
2016-11-25 14:00:00,0.31093887117524327,0.0992018812907295
2016-11-25 15:00:00,0.3108429854833102,0.051770090701105026
2016-11-25 16:00:00,0.32326663541666667,0.05973221440548601
2016-11-25 17:00:00,0.28411000617176635,0.06033920204918834
2016-11-25 18:00:00,0.2886251869784422,0.05773186400117348
2016-11-25 19:00:00,0.291659583405772,0.05839580289932525
2016-11-25 20:00:00,0.2643564706768661,0.05360500678187952
2016-11-25 21:00:00,0.2623898031699118,0.044293634291805196
2016-11-25 22:00:00,0.20592913908205832,0.038434628773567375
2016-11-25 23:00:00,0.1679283394036857,0.040334798487042835
2016-11-26 00:00:00,0.1441980839707928,0.03936235963367886
2016-11-26 01:00:00,0.13424280025788127,0.03799843096548014
2016-11-26 02:00:00,0.12073757849443675,0.03647776362717582
2016-11-26 03:00:00,0.10778746207116367,0.033138758084881675
2016-11-26 04:00:00,0.10946762229079737,0.037226301040436144
2016-11-26 05:00:00,0.1113344527121001,0.045599166035155486
2016-11-26 06:00:00,0.1556813653366945,0.04917664907881869
2016-11-26 07:00:00,0.2169734441063977,0.057461786398102885
2016-11-26 08:00:00,0.2215664247363235,0.08472790723797186
2016-11-26 09:00:00,0.2512494062355122,0.11909147405177978
2016-11-26 10:00:00,0.2671229381229718,0.13692407029850379
2016-11-26 11:00:00,0.26057802803372754,0.131944526797477
2016-11-26 12:00:00,0.2735980216011822,0.11087908527166049
2016-11-26 13:00:00,0.2524950596604081,0.10492594352689223
2016-11-26 14:00:00,0.26811899465403344,0.08750508066937218
2016-11-26 15:00:00,0.26774149569714883,0.08617871354811266
2016-11-26 16:00:00,0.2264582403511822,0.09471210964854294
2016-11-26 17:00:00,0.27068071150614287,0.08483645565098767
2016-11-26 18:00:00,0.2773151941643484,0.10573360096611578
2016-11-26 19:00:00,0.26904556263038953,0.13929494276212595
2016-11-26 20:00:00,0.2901127827567222,0.15200389981556817
2016-11-26 21:00:00,0.24720640517790918,0.16155101656654602
2016-11-26 22:00:00,0.21069750253534994,0.1734550275055251
2016-11-26 23:00:00,0.18155325262227637,0.16808219392646193
2016-11-27 00:00:00,0.15632463304068153,0.16199142055290436
2016-11-27 01:00:00,0.14140390255563284,0.17698642959563857
2016-11-27 02:00:00,0.12045478653801575,0.16548750308028554
2016-11-27 03:00:00,0.11042801232904499,0.13892463645971054
2016-11-27 04:00:00,0.10280304130447379,0.14658976564247994
2016-11-27 05:00:00,0.10382897868857208,0.1573656103325347
2016-11-27 06:00:00,0.14354768199466855,0.1679404425045472
2016-11-27 07:00:00,0.17784776703755217,0.19653429609764328
2016-11-27 08:00:00,0.1663309250260779,0.23383157333341487
2016-11-27 09:00:00,0.25695473225254983,0.23387657081923532
2016-11-27 10:00:00,0.2615769014690543,0.23773466048371805
2016-11-27 11:00:00,0.23055818216852103,0.27043939514585363
2016-11-27 12:00:00,0.25580311871233197,0.25053261986641895
2016-11-27 13:00:00,0.20428192506954101,0.2222804140812144
2016-11-27 14:00:00,0.24592277573018076,0.1894083807898005
2016-11-27 15:00:00,0.27471588480818265,0.15621110324374143
2016-11-27 16:00:00,0.2573695998783032,0.16289145606776845
2016-11-27 17:00:00,0.2585155579943209,0.156248257282124
2016-11-27 18:00:00,0.2704098452567223,0.15201303830148638
2016-11-27 19:00:00,0.2799445863612656,0.16257957553256405
2016-11-27 20:00:00,0.25974724300243374,0.1758923642516135
2016-11-27 21:00:00,0.22159750023180344,0.18581370668462743
2016-11-27 22:00:00,0.17202153045317575,0.22624710312937604
2016-11-27 23:00:00,0.146434669796013,0.2970766288917954
2016-11-28 00:00:00,0.12726437203001856,0.36816595441873656
2016-11-28 01:00:00,0.11667040120827532,0.42488276059588304
2016-11-28 02:00:00,0.1083175912291377,0.43548270564433794
2016-11-28 03:00:00,0.10943104299953638,0.4355068872852044
2016-11-28 04:00:00,0.114482875,0.44093020293604535
2016-11-28 05:00:00,0.14304363763328698,0.41105219372819285
2016-11-28 06:00:00,0.19785401399513222,0.39340180697965965
2016-11-28 07:00:00,0.24962014460187754,0.39722353828554663
2016-11-28 08:00:00,0.290941979659249,0.36120689920951493
2016-11-28 09:00:00,0.29704273933704217,0.32109326552542533
2016-11-28 10:00:00,0.30231625418694946,0.32482467594812237
2016-11-28 11:00:00,0.29108553927619374,0.3485898398366909
2016-11-28 12:00:00,0.2775412603297404,0.33571952572296104
2016-11-28 13:00:00,0.28204090032452467,0.33108267533282787
2016-11-28 14:00:00,0.3384481512372508,0.3637992467039409
2016-11-28 15:00:00,0.32132792346140476,0.32388115043981025
2016-11-28 16:00:00,0.354174040782916,0.29192304823445137
2016-11-28 17:00:00,0.3410247177938108,0.31162821370291416
2016-11-28 18:00:00,0.33725244584492364,0.3532416886749462
2016-11-28 19:00:00,0.2925947249507419,0.4012257709789262
2016-11-28 20:00:00,0.27405489244320813,0.4276174453994719
2016-11-28 21:00:00,0.22247041021963368,0.422171532337522
2016-11-28 22:00:00,0.18983554851935555,0.4163013830454723
2016-11-28 23:00:00,0.15025791720271212,0.41589891257045764
2016-11-29 00:00:00,0.1268080344517849,0.38893839937737135
2016-11-29 01:00:00,0.11173219436717659,0.3702850292962057
2016-11-29 02:00:00,0.10475393251622625,0.358963898155046
2016-11-29 03:00:00,0.10938485855644409,0.342779212287698
2016-11-29 04:00:00,0.10661193757243859,0.3220038341858987
2016-11-29 05:00:00,0.11919307832058418,0.3299424307660376
2016-11-29 06:00:00,0.20754776680574874,0.35276555878378646
2016-11-29 07:00:00,0.26081646602630976,0.36560701127082923
2016-11-29 08:00:00,0.3126983768254521,0.368949910309603
2016-11-29 09:00:00,0.2930765752781643,0.3746368690663504
2016-11-29 10:00:00,0.2703101964534076,0.3932388528766868
2016-11-29 11:00:00,0.28576498084724145,0.3931754613031977
2016-11-29 12:00:00,0.3020162112888271,0.41214848492401707
2016-11-29 13:00:00,0.34683524853674097,0.43183096864937415
2016-11-29 14:00:00,0.3351863130360454,0.42979690651388613
2016-11-29 15:00:00,0.28312885363062124,0.4066595988691571
2016-11-29 16:00:00,0.28605063312760776,0.43616896821665363
2016-11-29 17:00:00,0.2846741569888734,0.44796304282148447
2016-11-29 18:00:00,0.28804924601587867,0.4484259598260316
2016-11-29 19:00:00,0.2810574058878071,0.4457541409436241
2016-11-29 20:00:00,0.2662018094865553,0.4545664708737532
2016-11-29 21:00:00,0.2574061103674084,0.4619347628304811
2016-11-29 22:00:00,0.1992674099443672,0.4621943971614023
2016-11-29 23:00:00,0.1650969330957348,0.46057397047697046
2016-11-30 00:00:00,0.13504782614742694,0.4598906501504987
2016-11-30 01:00:00,0.12529673084724158,0.4606686229940348
2016-11-30 02:00:00,0.11813519869900327,0.4606553182780656
2016-11-30 03:00:00,0.11891971688108481,0.46025998941286905
2016-11-30 04:00:00,0.1192638561659713,0.462321325318453
2016-11-30 05:00:00,0.1380868284944367,0.4618855708690592
2016-11-30 06:00:00,0.20883513580783494,0.4620476371281048
2016-11-30 07:00:00,0.27588977661393144,0.4617402319543321
2016-11-30 08:00:00,0.29715988375057933,0.4855587949216703
2016-11-30 09:00:00,0.30170471885141403,0.5294480689572167
2016-11-30 10:00:00,0.32660649827596205,0.5452815263480834
2016-11-30 11:00:00,0.3223628544274455,0.554794421928711
2016-11-30 12:00:00,0.33011997713838664,0.5637802661849209
2016-11-30 13:00:00,0.33476912311659707,0.554760848291463
2016-11-30 14:00:00,0.3000193687123319,0.5159070020469393
2016-11-30 15:00:00,0.29105765662668054,0.4588946284362898
2016-11-30 16:00:00,0.28941406531061664,0.45977077197032074
2016-11-30 17:00:00,0.30695206764313865,0.4598169638850968
2016-11-30 18:00:00,0.2805129385576032,0.45826358378755133
2016-11-30 19:00:00,0.2676950461578582,0.46016273044513983
2016-11-30 20:00:00,0.24228250905482146,0.4623780677362116
2016-11-30 21:00:00,0.23379538014313872,0.4633471268879326
2016-11-30 22:00:00,0.19576199126390814,0.45774758721137293
2016-11-30 23:00:00,0.16125973793173387,0.4547136031478095
2016-12-01 00:00:00,0.13905477252839593,0.4379112361281048
2016-12-01 01:00:00,0.1254434413102689,0.3999718491890768
2016-12-01 02:00:00,0.1231776909191005,0.3478122250822902
2016-12-01 03:00:00,0.1219850362337738,0.29709395984079795
2016-12-01 04:00:00,0.12369276306791852,0.26225174609891455
2016-12-01 05:00:00,0.13670057600254984,0.2551560194162429
2016-12-01 06:00:00,0.20004402262981008,0.3132315221856053
2016-12-01 07:00:00,0.28350954759214186,0.35447051912766475
2016-12-01 08:00:00,0.29405415875637464,0.36773289215309013
2016-12-01 09:00:00,0.3076512115640937,0.3564292364381967
2016-12-01 10:00:00,0.35666381399223446,0.32064146962101514
2016-12-01 11:00:00,0.3226600916782567,0.2368127046880989
2016-12-01 12:00:00,0.3234336024136533,0.19281965534270484
2016-12-01 13:00:00,0.34186434375000013,0.183209307012566
2016-12-01 14:00:00,0.326208435877376,0.15569420757143554
2016-12-01 15:00:00,0.29571907991423274,0.12168642541071778
2016-12-01 16:00:00,0.32217077139835426,0.13878061589252885
2016-12-01 17:00:00,0.32917998684515537,0.15919403969949147
2016-12-01 18:00:00,0.35651236298968475,0.1810330248996675
2016-12-01 19:00:00,0.36359614557255443,0.19526555476769997
2016-12-01 20:00:00,0.26750203261184513,0.18806010500024448
2016-12-01 21:00:00,0.23384139437007423,0.22063923254801482
2016-12-01 22:00:00,0.19127243961520618,0.27229563814292
2016-12-01 23:00:00,0.1614387533176866,0.2957817362770878
2016-12-02 00:00:00,0.1293970048244089,0.31091703018355166
2016-12-02 01:00:00,0.12031008937471023,0.29871064709050454
2016-12-02 02:00:00,0.1174695667159249,0.3003896239159006
2016-12-02 03:00:00,0.12146553401715347,0.3056782921007236
2016-12-02 04:00:00,0.12308137786856749,0.3260191508450029
2016-12-02 05:00:00,0.13229892163595275,0.3177729215741737
2016-12-02 06:00:00,0.19690226839939737,0.2905596237992372
2016-12-02 07:00:00,0.26648874110454335,0.3257584607770878
2016-12-02 08:00:00,0.33690419261416304,0.36054341233111675
2016-12-02 09:00:00,0.32436921430227167,0.30890042454038713
2016-12-02 10:00:00,0.3239732529120305,0.2798982813681791
2016-12-02 11:00:00,0.3189937035813629,0.2258557932541072
2016-12-02 12:00:00,0.3089402786856745,0.1987986986552904
2016-12-02 13:00:00,0.2787849113641633,0.22602134103794252
2016-12-02 14:00:00,0.2606975277005101,0.21827001565289456
2016-12-02 15:00:00,0.2683136173939498,0.21355920535443967
2016-12-02 16:00:00,0.26919602641110335,0.24507234756561702
2016-12-02 17:00:00,0.2954965818990495,0.2874813322725405
2016-12-02 18:00:00,0.28324283595560973,0.3287517996641404
2016-12-02 19:00:00,0.27749805254694027,0.36273158763944846
2016-12-02 20:00:00,0.2536128376796477,0.375059715528408
2016-12-02 21:00:00,0.2370925218909365,0.35444680291360253
2016-12-02 22:00:00,0.1789951588577886,0.3774469058353217
2016-12-02 23:00:00,0.15419568247276313,0.41687973124951105
2016-12-03 00:00:00,0.145262359121465,0.42377891873469586
2016-12-03 01:00:00,0.14407520856513678,0.4165177102273616
2016-12-03 02:00:00,0.1222976229137691,0.4109204376371504
2016-12-03 03:00:00,0.11672004372392213,0.3819095951261001
2016-12-03 04:00:00,0.12471176115554011,0.35957518269509087
2016-12-03 05:00:00,0.12357112455088085,0.34541711819944254
2016-12-03 06:00:00,0.16709673342605477,0.322413934354733
2016-12-03 07:00:00,0.19485574759503943,0.3082622688852924
2016-12-03 08:00:00,0.19431947502318037,0.3566270601341677
2016-12-03 09:00:00,0.23927671482382942,0.3880124946640914
2016-12-03 10:00:00,0.2627619784422808,0.39562496879420084
2016-12-03 11:00:00,0.26373495849269823,0.39642319648337565
2016-12-03 12:00:00,0.2769751611468474,0.3416094039649912
2016-12-03 13:00:00,0.20299106936717676,0.2993480168900352
2016-12-03 14:00:00,0.19534069826437178,0.2525319300401428
2016-12-03 15:00:00,0.21263405660350015,0.1845041649967729
2016-12-03 16:00:00,0.23399173738120083,0.16038493604219634
2016-12-03 17:00:00,0.28472095182834956,0.1507149761536769
2016-12-03 18:00:00,0.29161735590519233,0.15676426303266183
2016-12-03 19:00:00,0.2541597624014836,0.1818731099864561
2016-12-03 20:00:00,0.2268189881345618,0.20141632245672797
2016-12-03 21:00:00,0.22298643274802957,0.2028993336485429
2016-12-03 22:00:00,0.18719185289174786,0.23825821323005086
2016-12-03 23:00:00,0.16342696162204456,0.2870721308283786
2016-12-04 00:00:00,0.15684806210883176,0.31250348745790135
2016-12-04 01:00:00,0.1511240280192397,0.337699798545179
2016-12-04 02:00:00,0.13475560699177092,0.3718326644844514
2016-12-04 03:00:00,0.13562130122855812,0.41205010055730484
2016-12-04 04:00:00,0.1307833041550765,0.4529131497404165
2016-12-04 05:00:00,0.13874320815948074,0.4490805963633385
2016-12-04 06:00:00,0.1700170906496291,0.43461069774545275
2016-12-04 07:00:00,0.18902303711752436,0.43280984218330726
2016-12-04 08:00:00,0.19310712610106634,0.4124139611757774
2016-12-04 09:00:00,0.21487529223168764,0.4024418449058772
2016-12-04 10:00:00,0.21701763863293946,0.40922337472760606
2016-12-04 11:00:00,0.24758878634967532,0.4361084036883435
2016-12-04 12:00:00,0.2602178418521095,0.4214768141649715
2016-12-04 13:00:00,0.2795008850544737,0.4070792430663016
2016-12-04 14:00:00,0.29646017337447844,0.38996191247887724
2016-12-04 15:00:00,0.27447364978847943,0.33220977801906904
2016-12-04 16:00:00,0.286189667970561,0.3415850730658126
2016-12-04 17:00:00,0.2746685017095503,0.3371658611620868
2016-12-04 18:00:00,0.28106220504462215,0.2934087329721298
2016-12-04 19:00:00,0.2830754478876912,0.2791201795296303
2016-12-04 20:00:00,0.28397029153627723,0.24994690212419315
2016-12-04 21:00:00,0.27454328439383413,0.2095233895241052
2016-12-04 22:00:00,0.2208684009619842,0.20711931836025813
2016-12-04 23:00:00,0.17087654562181265,0.20082025595667907
2016-12-05 00:00:00,0.12109633486903104,0.17773991531346564
2016-12-05 01:00:00,0.1172661199003246,0.1519914038606982
2016-12-05 02:00:00,0.10828588785060272,0.19866991019401525
2016-12-05 03:00:00,0.11313693535581823,0.3289832225735869
2016-12-05 04:00:00,0.1137912958101529,0.3645160057885781
2016-12-05 05:00:00,0.12430218566006032,0.34231683822633485
2016-12-05 06:00:00,0.1877264877868568,0.3039336592268238
2016-12-05 07:00:00,0.2505796089041494,0.23551777096577345
2016-12-05 08:00:00,0.302997565238178,0.21250393269748685
2016-12-05 09:00:00,0.31630402399165514,0.25637052248073544
2016-12-05 10:00:00,0.2881056497450163,0.21844692746543118
2016-12-05 11:00:00,0.2760685125318728,0.21363920017802657
2016-12-05 12:00:00,0.26728811380099676,0.2979394857951789
2016-12-05 13:00:00,0.2791804051489336,0.33061873261578334
2016-12-05 14:00:00,0.3144108340577191,0.2963988520402894
2016-12-05 15:00:00,0.2985276695207464,0.23683348045086056
2016-12-05 16:00:00,0.2872088388966157,0.22646607702258947
2016-12-05 17:00:00,0.276753747363236,0.21209826770159396
2016-12-05 18:00:00,0.2813545238757534,0.19336678250694309
2016-12-05 19:00:00,0.2572209059602458,0.211112982159691
2016-12-05 20:00:00,0.2931191401106861,0.22252195391986115
2016-12-05 21:00:00,0.24580985903453875,0.26183013008703304
2016-12-05 22:00:00,0.20705618722473337,0.3154016106565128
2016-12-05 23:00:00,0.171770525107209,0.3397350557987483
2016-12-06 00:00:00,0.136861435877376,0.3548390891784666
2016-12-06 01:00:00,0.11318999633460824,0.3543385806130452
2016-12-06 02:00:00,0.10473084786451087,0.3457408064055349
2016-12-06 03:00:00,0.10977413572090872,0.3566155394211324
2016-12-06 04:00:00,0.10839226028627723,0.3923934352692157
2016-12-06 05:00:00,0.11888072708043576,0.4106856545551047
2016-12-06 06:00:00,0.19038703290159947,0.4294759262563075
2016-12-06 07:00:00,0.2660246660002318,0.45265643278760015
2016-12-06 08:00:00,0.3180732634301113,0.4957694903522395
2016-12-06 09:00:00,0.31201575583854885,0.5511729472730296
2016-12-06 10:00:00,0.31599756843996296,0.5682687690563757
2016-12-06 11:00:00,0.34812810616597123,0.5679591857628593
2016-12-06 12:00:00,0.34592665984295323,0.556434288452865
2016-12-06 13:00:00,0.3202571824437876,0.5450852928936043
2016-12-06 14:00:00,0.31207464300822896,0.49879523390485037
2016-12-06 15:00:00,0.28568917189673154,0.44443504287952273
2016-12-06 16:00:00,0.2954023280018545,0.4519272676312341
2016-12-06 17:00:00,0.31337404485396386,0.4506449435739781
2016-12-06 18:00:00,0.32788208518776085,0.44873134460879127
2016-12-06 19:00:00,0.29876410180516927,0.4570872404198611
2016-12-06 20:00:00,0.30932512174026433,0.4479186063116077
2016-12-06 21:00:00,0.3124703467054937,0.43524831775405826
2016-12-06 22:00:00,0.20727486572786286,0.4315587337965968
2016-12-06 23:00:00,0.16779496005737143,0.43196670323802067
2016-12-07 00:00:00,0.13858346411393127,0.43881862871939176
2016-12-07 01:00:00,0.12383894906119605,0.43695194744469984
2016-12-07 02:00:00,0.11262419697496527,0.4405200924794641
2016-12-07 03:00:00,0.12229315304821514,0.4404757433006552
2016-12-07 04:00:00,0.11996881948307843,0.4458712236900547
2016-12-07 05:00:00,0.13380725947496525,0.4534102269274888
2016-12-07 06:00:00,0.20283971331710712,0.4400186428740954
2016-12-07 07:00:00,0.270835492089708,0.4315917211115294
2016-12-07 08:00:00,0.3651367468271908,0.46676748498122445
2016-12-07 09:00:00,0.3238185625724386,0.5057769061807154
2016-12-07 10:00:00,0.31256528648006504,0.5012891119339917
2016-12-07 11:00:00,0.31104014932487245,0.5139327194797574
2016-12-07 12:00:00,0.31956465343938334,0.4984554209374633
2016-12-07 13:00:00,0.30359979692570704,0.46093304048049094
2016-12-07 14:00:00,0.31502809567686585,0.43781834083405036
2016-12-07 15:00:00,0.2975288648585998,0.38453342133361035
2016-12-07 16:00:00,0.3456528926170608,0.38431039142357715
2016-12-07 17:00:00,0.3217008567165045,0.3618394378525816
2016-12-07 18:00:00,0.3024896167130273,0.3128438009684138
2016-12-07 19:00:00,0.3127245759156236,0.24502930238969295
2016-12-07 20:00:00,0.2999164696627259,0.2004039178735087
2016-12-07 21:00:00,0.2535385986323597,0.20931361644963817
2016-12-07 22:00:00,0.1979729929299953,0.20884849537849598
2016-12-07 23:00:00,0.15778125919969865,0.1721478356706923
2016-12-08 00:00:00,0.1561065622681966,0.15867332317137686
2016-12-08 01:00:00,0.14069156545549374,0.15236249770076277
2016-12-08 02:00:00,0.1259328661624942,0.21618868240626832
2016-12-08 03:00:00,0.13617870650788128,0.29208514704503225
2016-12-08 04:00:00,0.1313742517819888,0.33742688813416777
2016-12-08 05:00:00,0.14240035515183122,0.36642474430016625
2016-12-08 06:00:00,0.2271827982440891,0.39531279051383733
2016-12-08 07:00:00,0.2871286770108948,0.4077187629056327
2016-12-08 08:00:00,0.2986715098806213,0.4381056878553686
2016-12-08 09:00:00,0.3123328592373668,0.4851816348132701
2016-12-08 10:00:00,0.3246991964534075,0.4766639461202816
2016-12-08 11:00:00,0.36225221047751494,0.48541013144875805
2016-12-08 12:00:00,0.3001337676460363,0.47810821911157836
2016-12-08 13:00:00,0.3011402892761937,0.4692199564288087
2016-12-08 14:00:00,0.33186155989221133,0.41144616220980834
2016-12-08 15:00:00,0.28833452293405193,0.3340981562425679
2016-12-08 16:00:00,0.2882094783843302,0.3473286611095736
2016-12-08 17:00:00,0.2798163777526656,0.42876173980202426
2016-12-08 18:00:00,0.32594066586984244,0.45599532077469196
2016-12-08 19:00:00,0.2690231520195874,0.42732448542059454
2016-12-08 20:00:00,0.24554310870132126,0.39492605137766473
2016-12-08 21:00:00,0.23985746370827526,0.3858593390746626
2016-12-08 22:00:00,0.20423734795143722,0.35252920819518874
2016-12-08 23:00:00,0.17229834915391748,0.30919884746357323
2016-12-09 00:00:00,0.15065585623840982,0.27659114549051433
2016-12-09 01:00:00,0.12927242388154847,0.2498223221106493
2016-12-09 02:00:00,0.12465627658495598,0.23915931896748482
2016-12-09 03:00:00,0.12312844438166437,0.2161521533195286
2016-12-09 04:00:00,0.12671276871812703,0.19498291978060825
2016-12-09 05:00:00,0.14209260970097362,0.23149907556361238
2016-12-09 06:00:00,0.21105163069367178,0.2619346320634657
2016-12-09 07:00:00,0.27886260919390354,0.24624078580119302
2016-12-09 08:00:00,0.28852873118045896,0.2748582122165558
2016-12-09 09:00:00,0.3283973344199119,0.333261522735136
2016-12-09 10:00:00,0.2958699742987945,0.3567432359122824
2016-12-09 11:00:00,0.31495885034191,0.37064809537438875
2016-12-09 12:00:00,0.2966397311080206,0.3958114396721592
2016-12-09 13:00:00,0.2997704747479138,0.39414942516135354
2016-12-09 14:00:00,0.2761922071888038,0.3775172902653041
2016-12-09 15:00:00,0.26478744616365324,0.38303682935805783
2016-12-09 16:00:00,0.2910362967373666,0.3492804823475943
2016-12-09 17:00:00,0.3379965541550766,0.3507527288652454
2016-12-09 18:00:00,0.3817059670259622,0.3707492766421866
2016-12-09 19:00:00,0.3075996895427677,0.39276111502811456
2016-12-09 20:00:00,0.3244796018920954,0.4073355526743105
2016-12-09 21:00:00,0.2702967030018545,0.3974505049304713
2016-12-09 22:00:00,0.23697347725428822,0.3740962902171426
2016-12-09 23:00:00,0.18397050024629116,0.38931803909260704
2016-12-10 00:00:00,0.1707802772948539,0.3621587790743203
2016-12-10 01:00:00,0.1511146334028744,0.29727021913362994
2016-12-10 02:00:00,0.1397514172751507,0.28175103122340117
2016-12-10 03:00:00,0.13427924603036623,0.269683850570751
2016-12-10 04:00:00,0.1343758720879694,0.25286437709622533
2016-12-10 05:00:00,0.12700964939731113,0.24360409087365537
2016-12-10 06:00:00,0.1734755520108947,0.25048431072970856
2016-12-10 07:00:00,0.22111702454218823,0.2890558354479268
2016-12-10 08:00:00,0.2736097147948541,0.3510567848181106
2016-12-10 09:00:00,0.281359109121465,0.418842697893849
2016-12-10 10:00:00,0.3366171071801111,0.3888603665948073
2016-12-10 11:00:00,0.3577793498783032,0.32189183460448856
2016-12-10 12:00:00,0.30814970684109866,0.23870843637864264
2016-12-10 13:00:00,0.28918406483252196,0.2120600588787405
2016-12-10 14:00:00,0.2318149365148354,0.23197459225933895
2016-12-10 15:00:00,0.1971441104977979,0.28206321769646
2016-12-10 16:00:00,0.2439024860193557,0.3140754969213769
2016-12-10 17:00:00,0.25103649588548904,0.3013514068043223
2016-12-10 18:00:00,0.285569590953871,0.2603890606718169
2016-12-10 19:00:00,0.2559547693990496,0.25759368367876
2016-12-10 20:00:00,0.2527752985773064,0.30815326059646975
2016-12-10 21:00:00,0.2533534415130969,0.3213889244168785
2016-12-10 22:00:00,0.19388007061312018,0.290448114887786
2016-12-10 23:00:00,0.16827785138502543,0.23685311358273028
2016-12-11 00:00:00,0.1587124928720445,0.20433536104239194
2016-12-11 01:00:00,0.1444898861700278,0.20211434791086444
2016-12-11 02:00:00,0.1296716561630737,0.230575535493937
2016-12-11 03:00:00,0.1166970406380389,0.25435829405378446
2016-12-11 04:00:00,0.1187070411016458,0.2489703235280168
2016-12-11 05:00:00,0.1248444163044738,0.24661380651936243
2016-12-11 06:00:00,0.15889012844807604,0.23407232243946802
2016-12-11 07:00:00,0.18489486274339362,0.2381673028749755
2016-12-11 08:00:00,0.18265406651309696,0.2856853175782808
2016-12-11 09:00:00,0.2122824967112888,0.3873402547944455
2016-12-11 10:00:00,0.26066598722183587,0.3951331359105221
2016-12-11 11:00:00,0.2239059334289522,0.32132105677923917
2016-12-11 12:00:00,0.2597794012227629,0.2963020024381967
2016-12-11 13:00:00,0.2383681051083682,0.3441198202128397
2016-12-11 14:00:00,0.2395674900469402,0.4188865288142969
2016-12-11 15:00:00,0.23843377713548913,0.41874620660419515
2016-12-11 16:00:00,0.228633592634446,0.4510415028720907
2016-12-11 17:00:00,0.2144843983976587,0.4638372074229415
2016-12-11 18:00:00,0.30536070630505346,0.4615168340089966
2016-12-11 19:00:00,0.26131295363931395,0.46381410952024255
2016-12-11 20:00:00,0.22686892107093193,0.4627411508892039
2016-12-11 21:00:00,0.22497897338606865,0.46313365121543126
2016-12-11 22:00:00,0.21115720630505325,0.4620499692203696
2016-12-11 23:00:00,0.17991318392153455,0.46201844760541755
2016-12-12 00:00:00,0.16251790086057027,0.4606551383816741
2016-12-12 01:00:00,0.1306659943497914,0.456979809479953
2016-12-12 02:00:00,0.12414161613351878,0.458326664528359
2016-12-12 03:00:00,0.12389951445873895,0.4588918218128789
2016-12-12 04:00:00,0.12334884012807146,0.4595602707067279
2016-12-12 05:00:00,0.14747236049779786,0.46121744100259143
2016-12-12 06:00:00,0.22331842760489107,0.4595804347080481
2016-12-12 07:00:00,0.27629665132417697,0.46164854085800905
2016-12-12 08:00:00,0.2677807486381548,0.48271350329097407
2016-12-12 09:00:00,0.28159642854659256,0.5141335666574908
2016-12-12 10:00:00,0.2957844175793927,0.5263847927903874
2016-12-12 11:00:00,0.2873072434950161,0.5305687888447584
2016-12-12 12:00:00,0.29131872474791387,0.529983295440397
2016-12-12 13:00:00,0.2886981728674085,0.5241544338117544
2016-12-12 14:00:00,0.27276369497566066,0.4952556139427929
2016-12-12 15:00:00,0.27312058911393144,0.45562356141902993
2016-12-12 16:00:00,0.2721449741104543,0.4400131464710052
2016-12-12 17:00:00,0.2941840591678256,0.41709288823738505
2016-12-12 18:00:00,0.278085807067107,0.40559920990920206
2016-12-12 19:00:00,0.2560423411132361,0.40653824430618024
2016-12-12 20:00:00,0.2409020228761012,0.42299880092108355
2016-12-12 21:00:00,0.23437744451205375,0.4310680580192646
2016-12-12 22:00:00,0.21280276135836812,0.39701536723855857
2016-12-12 23:00:00,0.16815279215924905,0.3809886577843732
2016-12-13 00:00:00,0.143466043579045,0.3733779026366125
2016-12-13 01:00:00,0.12570135972994897,0.3733565975884999
2016-12-13 02:00:00,0.1220740136619147,0.3610917373328769
2016-12-13 03:00:00,0.12387220776831248,0.34000072168232937
2016-12-13 04:00:00,0.12761911593069084,0.3085216989242128
2016-12-13 05:00:00,0.14391904175359294,0.31340524919572654
2016-12-13 06:00:00,0.2086948082840751,0.3336872009187854
2016-12-13 07:00:00,0.27650319241133525,0.3057508800885488
2016-12-13 08:00:00,0.30601658418810845,0.3178858033492078
2016-12-13 09:00:00,0.3099764706044275,0.38074946795638576
2016-12-13 10:00:00,0.3322979087129114,0.4539925121084491
2016-12-13 11:00:00,0.3296705681936717,0.42022985496107956
2016-12-13 12:00:00,0.324511564079161,0.3857187057316643
2016-12-13 13:00:00,0.3142080350747566,0.3866363812520046
2016-12-13 14:00:00,0.30073545401599444,0.3479973780911402
2016-12-13 15:00:00,0.29751486936427907,0.3454827094693917
2016-12-13 16:00:00,0.2905763483426054,0.3567438006308429
2016-12-13 17:00:00,0.29840670939093633,0.38465986069333064
2016-12-13 18:00:00,0.31763981613641634,0.412551230164825
2016-12-13 19:00:00,0.28892557516226236,0.40820087716687853
2016-12-13 20:00:00,0.29195753294506255,0.4001347691655094
2016-12-13 21:00:00,0.2437219908003015,0.38947012084925675
2016-12-13 22:00:00,0.20302205409712565,0.3833100123066203
2016-12-13 23:00:00,0.18310222554473804,0.3864793006801291
2016-12-14 00:00:00,0.16156881261590167,0.34243733714512026
2016-12-14 01:00:00,0.1391480611381548,0.27747829836025817
2016-12-14 02:00:00,0.1250017993161799,0.2524426478959515
2016-12-14 03:00:00,0.12668984350370877,0.23865027896557794
2016-12-14 04:00:00,0.13225290649629112,0.21259463998366906
2016-12-14 05:00:00,0.14676014028453868,0.1841869037247213
2016-12-14 06:00:00,0.21845719997392213,0.1583723297335224
2016-12-14 07:00:00,0.2830822600544738,0.17827852831483468
2016-12-14 08:00:00,0.29989312414522484,0.21676670994103264
2016-12-14 09:00:00,0.2974273060239916,0.22630523332549377
2016-12-14 10:00:00,0.31372216992640234,0.19857940798679838
2016-12-14 11:00:00,0.32651133263792304,0.20222097415812637
2016-12-14 12:00:00,0.3174116338809688,0.21208547573274003
2016-12-14 13:00:00,0.3210635935761473,0.21136599426496192
2016-12-14 14:00:00,0.3234262943179184,0.21424906860135925
2016-12-14 15:00:00,0.3024055416087158,0.1891829785667905
2016-12-14 16:00:00,0.30826453846488183,0.23639843807984545
2016-12-14 17:00:00,0.3444054755302504,0.25083650074535496
2016-12-14 18:00:00,0.34188522831189155,0.24937924071714257
2016-12-14 19:00:00,0.3093666108310152,0.26075619194636224
2016-12-14 20:00:00,0.31224372674721834,0.2658733205376491
2016-12-14 21:00:00,0.26627485768718107,0.27314568939707606
2016-12-14 22:00:00,0.2183821180893602,0.2883140757119597
2016-12-14 23:00:00,0.19719902870016234,0.2836842277101506
2016-12-15 00:00:00,0.13953855338722765,0.30671653109642083
2016-12-15 01:00:00,0.13417327722241545,0.3585015973885683
2016-12-15 02:00:00,0.12416783597009738,0.3969102643373753
2016-12-15 03:00:00,0.13091897076379233,0.3851071208922355
2016-12-15 04:00:00,0.12719917761937882,0.37559510469973595
2016-12-15 05:00:00,0.1370610146181038,0.3502782774447975
2016-12-15 06:00:00,0.21725952432487244,0.31859929513680807
2016-12-15 07:00:00,0.28153016957869736,0.3533089359392235
2016-12-15 08:00:00,0.3268494935239917,0.37393495771709373
2016-12-15 09:00:00,0.3153412522455958,0.34866097275224917
2016-12-15 10:00:00,0.3190520421447613,0.28334222999349684
2016-12-15 11:00:00,0.3306973081826611,0.2437031242195384
2016-12-15 12:00:00,0.3426036776193788,0.2303925071063465
2016-12-15 13:00:00,0.318563605571975,0.2331428411276648
2016-12-15 14:00:00,0.32735087883924424,0.26564082858683746
2016-12-15 15:00:00,0.3030945188630042,0.2949719619491492
2016-12-15 16:00:00,0.3108276361265647,0.3290890666690299
2016-12-15 17:00:00,0.34715740539522494,0.35404803383639744
2016-12-15 18:00:00,0.36405322357440895,0.3283959537993839
2016-12-15 19:00:00,0.30925667841620297,0.3084387779655779
2016-12-15 20:00:00,0.27703015217895216,0.3143470523836299
2016-12-15 21:00:00,0.25644901135836795,0.33257975807304907
2016-12-15 22:00:00,0.21883225860570238,0.35325782412517115
2016-12-15 23:00:00,0.19401360619494662,0.3759051129066106
2016-12-16 00:00:00,0.15970034454682433,0.38484053461270296
2016-12-16 01:00:00,0.14377224700104313,0.40612164779987286
2016-12-16 02:00:00,0.13557846007185914,0.407456638852875
2016-12-16 03:00:00,0.13833753432139545,0.4047956832187072
2016-12-16 04:00:00,0.1380592141284191,0.4303151161460493
2016-12-16 05:00:00,0.14695521988004173,0.450844578953452
2016-12-16 06:00:00,0.21557254055111266,0.45920170940533933
2016-12-16 07:00:00,0.2765532644442513,0.4629925865097789
2016-12-16 08:00:00,0.33265490948076026,0.4664775212962547
2016-12-16 09:00:00,0.33467509330088097,0.4660278545547623
2016-12-16 10:00:00,0.3115605939962913,0.4657906495499217
2016-12-16 11:00:00,0.30030113543115433,0.4738879557388518
2016-12-16 12:00:00,0.299177998580204,0.4890743405757871
2016-12-16 13:00:00,0.2974121445439268,0.4866719448509191
2016-12-16 14:00:00,0.2917804780656003,0.4644078773672012
2016-12-16 15:00:00,0.26910261397484936,0.4191629928088695
2016-12-16 16:00:00,0.2607970640791608,0.40529803473181103
2016-12-16 17:00:00,0.2879331443266111,0.41129917910087027
2016-12-16 18:00:00,0.310182469054242,0.3933430093099452
2016-12-16 19:00:00,0.2868829862366713,0.3840035232744964
2016-12-16 20:00:00,0.26908830934167816,0.3873591144105222
2016-12-16 21:00:00,0.2529646152497681,0.4062026185625855
2016-12-16 22:00:00,0.22740813176576263,0.4254183444803442
2016-12-16 23:00:00,0.19454185842605476,0.43109610149819083
2016-12-17 00:00:00,0.16396772977515064,0.4258845350461079
2016-12-17 01:00:00,0.16262944668521093,0.4265734301104537
2016-12-17 02:00:00,0.14463432637923038,0.42228786815294345
2016-12-17 03:00:00,0.13436773710593414,0.4047870039461177
2016-12-17 04:00:00,0.13899638377955492,0.38845576895237627
2016-12-17 05:00:00,0.14105520013328704,0.37989378663318996
2016-12-17 06:00:00,0.1845314882794391,0.38298457839076855
2016-12-17 07:00:00,0.21733681535407984,0.3855939772509779
2016-12-17 08:00:00,0.2291453155279323,0.3817766994750146
2016-12-17 09:00:00,0.2527165537783959,0.3589394917564543
2016-12-17 10:00:00,0.27693526624072784,0.3275590543031489
2016-12-17 11:00:00,0.2733538767819891,0.380870818667123
2016-12-17 12:00:00,0.2925662383953408,0.36950075413147854
2016-12-17 13:00:00,0.24486772086520622,0.3472390600545668
2016-12-17 14:00:00,0.21999412647774688,0.32770731002302966
2016-12-17 15:00:00,0.1981289056704914,0.2344373141047819
2016-12-17 16:00:00,0.20327282856687523,0.17783863808913553
2016-12-17 17:00:00,0.2366385804937413,0.1999762401371015
2016-12-17 18:00:00,0.25229366863699576,0.25073134313759043
2016-12-17 19:00:00,0.2689370022455958,0.28714355559211807
2016-12-17 20:00:00,0.236729459217084,0.31926269034417165
2016-12-17 21:00:00,0.22776597825394068,0.36452200007212004
2016-12-17 22:00:00,0.18589429902642568,0.397241808381723
2016-12-17 23:00:00,0.15504698141226245,0.4021609871194992
2016-12-18 00:00:00,0.146445002231108,0.40585511292523957
2016-12-18 01:00:00,0.1308689458449235,0.40457751197090747
2016-12-18 02:00:00,0.11746080853036628,0.404091912159691
2016-12-18 03:00:00,0.11271947590693097,0.4025911483900841
2016-12-18 04:00:00,0.11778122915217892,0.39961554174070996
2016-12-18 05:00:00,0.11861749291550766,0.3508646891523567
2016-12-18 06:00:00,0.1500895007823366,0.3236397825095345
2016-12-18 07:00:00,0.1835037358020399,0.3183930230811167
2016-12-18 08:00:00,0.1848823807661103,0.3102121389402992
2016-12-18 09:00:00,0.23031976280713964,0.2588278264458732
2016-12-18 10:00:00,0.23120545863757533,0.24145006387336196
2016-12-18 11:00:00,0.24881700410002333,0.26238444079244083
2016-12-18 12:00:00,0.21594977536798793,0.25418489727894583
2016-12-18 13:00:00,0.22792199839186375,0.24607733183458827
2016-12-18 14:00:00,0.20653290375811317,0.21910822056654605
2016-12-18 15:00:00,0.20933612904207238,0.18707434212575785
2016-12-18 16:00:00,0.2470784886271442,0.24413415130212202
2016-12-18 17:00:00,0.2540276872537089,0.27802961784534513
2016-12-18 18:00:00,0.2916031839649976,0.22633544735316838
2016-12-18 19:00:00,0.2900722653135141,0.23291713651369056
2016-12-18 20:00:00,0.2715396539029903,0.24684861612595344
2016-12-18 21:00:00,0.22551837663711177,0.29340392181087427
2016-12-18 22:00:00,0.20355342070873916,0.3016108593510659
2016-12-18 23:00:00,0.1708432593156004,0.31504737928818694
2016-12-19 00:00:00,0.1529338294361381,0.33992367665812634
2016-12-19 01:00:00,0.133885746349096,0.32679378699999995
2016-12-19 02:00:00,0.13202730609643026,0.27116926711715234
2016-12-19 03:00:00,0.13501924720387118,0.23419770055569136
2016-12-19 04:00:00,0.13036885360164582,0.20508547647418346
2016-12-19 05:00:00,0.1349106811254056,0.18216589157945431
2016-12-19 06:00:00,0.21264219446859067,0.19317183187688244
2016-12-19 07:00:00,0.2667366840084608,0.20924593669748676
2016-12-19 08:00:00,0.3062572511735048,0.1749963607419323
2016-12-19 09:00:00,0.3091330843040102,0.21897731165416587
2016-12-19 10:00:00,0.31689634350370877,0.2935736443493547
2016-12-19 11:00:00,0.30037568264661574,0.3526059942908762
2016-12-19 12:00:00,0.3014378311891516,0.3674406602521514
2016-12-19 13:00:00,0.29003820087216053,0.3844935192576277
2016-12-19 14:00:00,0.28474432669796024,0.40959129989516924
2016-12-19 15:00:00,0.2727833834173621,0.3841146950932916
2016-12-19 16:00:00,0.27884977925069543,0.41350285734881675
2016-12-19 17:00:00,0.3139075671650441,0.43354743711368077
2016-12-19 18:00:00,0.30593039452943904,0.4297365596937218
2016-12-19 19:00:00,0.3016130324235048,0.45094803835052805
2016-12-19 20:00:00,0.2503834390501853,0.46136756236725013
2016-12-19 21:00:00,0.24552876538595259,0.46735739583840213
2016-12-19 22:00:00,0.20253991550764955,0.4691198817407588
2016-12-19 23:00:00,0.15470950378129344,0.4652488116718169
2016-12-20 00:00:00,0.14112705254694013,0.4640497651739193
2016-12-20 01:00:00,0.12880997910871583,0.4638369615264522
2016-12-20 02:00:00,0.12321365522137229,0.46419635352958144
2016-12-20 03:00:00,0.12507305748725087,0.45910903526750435
2016-12-20 04:00:00,0.12917046407046828,0.45049700616599847
2016-12-20 05:00:00,0.14179294339649978,0.4443893286559749
2016-12-20 06:00:00,0.22799724814557265,0.4399508768397223
2016-12-20 07:00:00,0.27487079378187285,0.42672291762815373
2016-12-20 08:00:00,0.2863648475023181,0.40161841980153523
2016-12-20 09:00:00,0.2894854327914928,0.3871848191043418
2016-12-20 10:00:00,0.3040437525498378,0.38457352840563264
2016-12-20 11:00:00,0.2892453486903106,0.3890898550261099
2016-12-20 12:00:00,0.3087410616017616,0.37722902085884014
2016-12-20 13:00:00,0.3184366130041725,0.367431332227166
2016-12-20 14:00:00,0.2719062528395921,0.33778474147452575
2016-12-20 15:00:00,0.26040741592779326,0.3514364418054957
2016-12-20 16:00:00,0.28664148216562346,0.3490991920794543
2016-12-20 17:00:00,0.31775693654381093,0.30750215957823196
2016-12-20 18:00:00,0.3247444088722763,0.28185884689257773
2016-12-20 19:00:00,0.29176735770166906,0.31431180633889105
2016-12-20 20:00:00,0.25287159233020395,0.34699381974951105
2016-12-20 21:00:00,0.3215897986642327,0.34095088284035796
2016-12-20 22:00:00,0.21982500282510445,0.3377519594690006
2016-12-20 23:00:00,0.18188809175069542,0.34157064446504004
2016-12-21 00:00:00,0.14614550828697265,0.3707001730213182
2016-12-21 01:00:00,0.13191430547345845,0.3718050391514766
2016-12-21 02:00:00,0.112969345676866,0.3792724737964013
2016-12-21 03:00:00,0.11610123060095041,0.3909413354289067
2016-12-21 04:00:00,0.11614917676460368,0.35870560368624094
2016-12-21 05:00:00,0.1329395977486092,0.34967947454087617
2016-12-21 06:00:00,0.19947531949756608,0.3376736463487679
2016-12-21 07:00:00,0.2745725054328929,0.25979836605715817
2016-12-21 08:00:00,0.3287416326929763,0.2054286421711324
2016-12-21 09:00:00,0.355314985135605,0.1581583033622628
2016-12-21 10:00:00,0.32074654615785825,0.13560273674535497
2016-12-21 11:00:00,0.3134040999652293,0.14944176866702522
2016-12-21 12:00:00,0.33322110520978215,0.24187743767274597
2016-12-21 13:00:00,0.3230155080117061,0.3099814616049286
2016-12-21 14:00:00,0.3327669490611961,0.291042292445042
2016-12-21 15:00:00,0.290853432168521,0.31602345955290434
2016-12-21 16:00:00,0.3055090285407973,0.38084167860126145
2016-12-21 17:00:00,0.31227510171824296,0.38599135316472705
2016-12-21 18:00:00,0.3219300508084143,0.3587629298282808
2016-12-21 19:00:00,0.2949815410436949,0.34712216763309206
2016-12-21 20:00:00,0.259858150817107,0.36219990426579307
2016-12-21 21:00:00,0.25800596382417706,0.3865465397960591
2016-12-21 22:00:00,0.1991371818497914,0.39170901691052223
2016-12-21 23:00:00,0.16319589460187767,0.37864704183683745
2016-12-22 00:00:00,0.1293976141052387,0.37479339891541164
2016-12-22 01:00:00,0.11949904233310152,0.3886596344638666
2016-12-22 02:00:00,0.11322601218416786,0.37287748810272825
2016-12-22 03:00:00,0.11723737049432076,0.3445167748527772
2016-12-22 04:00:00,0.11329778484295311,0.31920107162052613
2016-12-22 05:00:00,0.12734104026135834,0.27396829492954233
2016-12-22 06:00:00,0.20015781199292995,0.2577785469549677
2016-12-22 07:00:00,0.31437777236903114,0.27179289422095637
2016-12-22 08:00:00,0.3293113591939035,0.2660363004247017
2016-12-22 09:00:00,0.30400432407568384,0.2249568595269411
2016-12-22 10:00:00,0.34312690667014384,0.21005025425796986
2016-12-22 11:00:00,0.37529577532452485,0.22948110035571093
2016-12-22 12:00:00,0.32569707514777463,0.23532744201486408
2016-12-22 13:00:00,0.310500347705146,0.21343633874354587
2016-12-22 14:00:00,0.281741600139082,0.20512600218017796
2016-12-22 15:00:00,0.29807503371291155,0.2249234137752787
2016-12-22 16:00:00,0.3128914409191006,0.22762399284368276
2016-12-22 17:00:00,0.3038849550446222,0.24725029571083512
2016-12-22 18:00:00,0.3083478910668752,0.26041211416585175
2016-12-22 19:00:00,0.3315998257272833,0.27215284979483667
2016-12-22 20:00:00,0.2730542451900789,0.2755912349390768
2016-12-22 21:00:00,0.26196551558878084,0.27869473651535304
2016-12-22 22:00:00,0.2195831747508113,0.29528751290211225
2016-12-22 23:00:00,0.1713386576987714,0.3029384925197536
2016-12-23 00:00:00,0.15192303931965687,0.31285836629121844
2016-12-23 01:00:00,0.14244749169853957,0.3441624407793859
2016-12-23 02:00:00,0.1341450751912379,0.3257203969952572
2016-12-23 03:00:00,0.13215128036624949,0.27883172068575196
2016-12-23 04:00:00,0.13579333223226703,0.2652146727759632
2016-12-23 05:00:00,0.14550172024223462,0.27944544221675144
2016-12-23 06:00:00,0.2141958171795317,0.29482373474828866
2016-12-23 07:00:00,0.25455293193671774,0.26359782852092706
2016-12-23 08:00:00,0.28209703435037087,0.20399614069289065
2016-12-23 09:00:00,0.3002559211143952,0.1714796485425386
2016-12-23 10:00:00,0.2910885575886649,0.15731708098894973
2016-12-23 11:00:00,0.28545401066295795,0.17355069521469782
2016-12-23 12:00:00,0.2767076377781642,0.19732889301457068
2016-12-23 13:00:00,0.2756922435095039,0.2065651289368766
2016-12-23 14:00:00,0.2885369928285814,0.19035336481062975
2016-12-23 15:00:00,0.27802683252202126,0.1818018551835517
2016-12-23 16:00:00,0.25584051597994895,0.1581546244570702
2016-12-23 17:00:00,0.27720739784712567,0.11263639658126345
2016-12-23 18:00:00,0.2930108932979833,0.07120583060932915
2016-12-23 19:00:00,0.2941175723806213,0.05236184827234499
2016-12-23 20:00:00,0.2578281797056096,0.04076159725620966
2016-12-23 21:00:00,0.2435429655771905,0.035460451713475456
2016-12-23 22:00:00,0.20910973286103388,0.05094151591546059
2016-12-23 23:00:00,0.17737368429821512,0.08350323407075103
2016-12-24 00:00:00,0.16440602706305057,0.093613727872433
2016-12-24 01:00:00,0.13929776088027354,0.10912494513260315
2016-12-24 02:00:00,0.12840457327885946,0.14541249527371405
2016-12-24 03:00:00,0.11870420119089015,0.17549009223391354
2016-12-24 04:00:00,0.12072230105470559,0.1911639206555838
2016-12-24 05:00:00,0.1258238337534771,0.20090452721538232
2016-12-24 06:00:00,0.15355052745421885,0.2325208399076863
2016-12-24 07:00:00,0.20620164421070936,0.23938372790915313
2016-12-24 08:00:00,0.22590435306560042,0.24346144942548414
2016-12-24 09:00:00,0.29691010265994433,0.2800219558340995
2016-12-24 10:00:00,0.3055242499855122,0.28712653082133777
2016-12-24 11:00:00,0.3218108824032221,0.26690841950356936
2016-12-24 12:00:00,0.36801302228210475,0.204063002297477
2016-12-24 13:00:00,0.35887623429531773,0.14692107679503225
2016-12-24 14:00:00,0.28968149584202585,0.12479937531576372
2016-12-24 15:00:00,0.27552925340461293,0.11044285054483668
2016-12-24 16:00:00,0.2637261494117987,0.09701094931058087
2016-12-24 17:00:00,0.2690497986787205,0.08728723028926265
2016-12-24 18:00:00,0.22721125266573944,0.07892641232867201
2016-12-24 19:00:00,0.21700041036451095,0.07327979979654801
2016-12-24 20:00:00,0.21913454288363463,0.06042546750278701
2016-12-24 21:00:00,0.2029994735599212,0.048954000965773514
2016-12-24 22:00:00,0.1811170894761242,0.05142053977239389
2016-12-24 23:00:00,0.16224630611091795,0.04643006222750831
2016-12-25 00:00:00,0.14807119170143715,0.043296897065372576
2016-12-25 01:00:00,0.13832959603905884,0.042112594171572454
2016-12-25 02:00:00,0.12006705611091789,0.048994683326569526
2016-12-25 03:00:00,0.11258237014661565,0.06388770639375121
2016-12-25 04:00:00,0.11033430628477059,0.08912791127860355
2016-12-25 05:00:00,0.11390769700394068,0.10301851100415607
2016-12-25 06:00:00,0.15583705364800648,0.11412943850171131
2016-12-25 07:00:00,0.1774872767443208,0.13384851722946411
2016-12-25 08:00:00,0.22440991576842842,0.14047526746948952
2016-12-25 09:00:00,0.28451027194888734,0.14949198369313516
2016-12-25 10:00:00,0.31578263724211864,0.191721862333317
2016-12-25 11:00:00,0.29359746919911917,0.1974813651422355
2016-12-25 12:00:00,0.2828112438572091,0.14471063419572658
2016-12-25 13:00:00,0.2658289013531525,0.13076665143022687
2016-12-25 14:00:00,0.27123205970387104,0.11144084497007625
2016-12-25 15:00:00,0.23749248801866005,0.09896371065973987
2016-12-25 16:00:00,0.2643691193353036,0.0945047340591629
2016-12-25 17:00:00,0.3490243947322671,0.0840605621684432
2016-12-25 18:00:00,0.3214675788276539,0.0851310384639155
2016-12-25 19:00:00,0.2975137360193555,0.08254188641844318
2016-12-25 20:00:00,0.29289384463375073,0.07415639523865636
2016-12-25 21:00:00,0.2708183652787434,0.07226011564824955
2016-12-25 22:00:00,0.20163651947148814,0.06946485439331117
2016-12-25 23:00:00,0.16688302871465002,0.07992016370785253
2016-12-26 00:00:00,0.14602068293636997,0.09839410552909253
2016-12-26 01:00:00,0.12758220672519704,0.12514152376701546
2016-12-26 02:00:00,0.11693737685442751,0.16877130825498726
2016-12-26 03:00:00,0.11529964858599909,0.22576132503574226
2016-12-26 04:00:00,0.11550443160350023,0.22349682906488366
2016-12-26 05:00:00,0.11855215507649514,0.17915046253046155
2016-12-26 06:00:00,0.15932426608136302,0.18909129164741834
2016-12-26 07:00:00,0.19671711934979141,0.18247833544826908
2016-12-26 08:00:00,0.19994687284133061,0.1701486938372286
2016-12-26 09:00:00,0.2705328506896152,0.18727847228158617
2016-12-26 10:00:00,0.2732445735831015,0.19384383950606293
2016-12-26 11:00:00,0.3001016192628651,0.19904834480182865
2016-12-26 12:00:00,0.29508405019993056,0.19841618044391754
2016-12-26 13:00:00,0.28047429734585083,0.20925150952518096
2016-12-26 14:00:00,0.32535076311138156,0.19558936162551335
2016-12-26 15:00:00,0.2714198228152527,0.1492464480550068
2016-12-26 16:00:00,0.26697535041434856,0.13895574726515741
2016-12-26 17:00:00,0.2632423900817106,0.1543792090629767
2016-12-26 18:00:00,0.2812031223487481,0.17708454123777626
2016-12-26 19:00:00,0.27352076201031517,0.19595711374178565
2016-12-26 20:00:00,0.2374523801576265,0.20310063178280852
2016-12-26 21:00:00,0.2157633038942976,0.21115297910942693
2016-12-26 22:00:00,0.18689714667362078,0.19674409042440838
2016-12-26 23:00:00,0.16415241576842832,0.18468443473489143
2016-12-27 00:00:00,0.13551298830841446,0.18047892317685313
2016-12-27 01:00:00,0.12048533846198425,0.1626689552957657
2016-12-27 02:00:00,0.11251487098690308,0.15358046425048894
2016-12-27 03:00:00,0.11471389993335648,0.14086692951574417
2016-12-27 04:00:00,0.10933162304415855,0.12710506716756306
2016-12-27 05:00:00,0.12016523662783962,0.13072651025792098
2016-12-27 06:00:00,0.16718889192165035,0.19652653950982787
2016-12-27 07:00:00,0.21576907168521103,0.34647153387746915
2016-12-27 08:00:00,0.2729764133344923,0.4244844080641502
2016-12-27 09:00:00,0.2812884188108483,0.40693217043604546
2016-12-27 10:00:00,0.2659661457608947,0.41762684415074325
2016-12-27 11:00:00,0.3167924871204218,0.4371259468512615
2016-12-27 12:00:00,0.269589564368915,0.457475907067035
2016-12-27 13:00:00,0.2609829207522021,0.43889276241492264
2016-12-27 14:00:00,0.3006908688282337,0.35624891612096626
2016-12-27 15:00:00,0.2739770104601298,0.2683493530644924
2016-12-27 16:00:00,0.2885215862598515,0.2724257246613534
2016-12-27 17:00:00,0.31574602757012055,0.28890669128804025
2016-12-27 18:00:00,0.3091526419361381,0.29427950538759046
2016-12-27 19:00:00,0.28222414216794156,0.32799336402855467
2016-12-27 20:00:00,0.2624064197670376,0.3572795438182085
2016-12-27 21:00:00,0.2436799978268428,0.3642363070922648
2016-12-27 22:00:00,0.20865581441237827,0.35777723851769994
2016-12-27 23:00:00,0.17246431990322192,0.3211233286793468
2016-12-28 00:00:00,0.14411706462969404,0.3057547455426853
2016-12-28 01:00:00,0.12971972638502552,0.3258877978314101
2016-12-28 02:00:00,0.11748419900324522,0.3211236487839331
2016-12-28 03:00:00,0.12788592060732495,0.3247736391662429
2016-12-28 04:00:00,0.12709220088664813,0.34572734965626833
2016-12-28 05:00:00,0.12901319383113122,0.33964524564614706
2016-12-28 06:00:00,0.17039109464823832,0.3260206392060434
2016-12-28 07:00:00,0.2195847577219517,0.32497897931327013
2016-12-28 08:00:00,0.26205990795955025,0.3576466437334246
2016-12-28 09:00:00,0.2762736482238061,0.3999564279930081
2016-12-28 10:00:00,0.27828678913131666,0.4176996827758655
2016-12-28 11:00:00,0.2676413438948772,0.4275491897847154
2016-12-28 12:00:00,0.3013327599240845,0.42906446826593986
2016-12-28 13:00:00,0.2734616885431155,0.4324703038878837
2016-12-28 14:00:00,0.3041159553054009,0.3927018068465676
2016-12-28 15:00:00,0.28647656644065833,0.3381390147057501
2016-12-28 16:00:00,0.3173300107209087,0.38082718764844514
2016-12-28 17:00:00,0.3234947172867408,0.4147057576932329
2016-12-28 18:00:00,0.3220751303604543,0.43063131898234897
2016-12-28 19:00:00,0.319586980369147,0.4471565831218952
2016-12-28 20:00:00,0.28196067870595726,0.4574595120483082
2016-12-28 21:00:00,0.24386821838780715,0.4597056563829454
2016-12-28 22:00:00,0.18780617039000924,0.4610064671348034
2016-12-28 23:00:00,0.15535531241307377,0.4496399899650889
2016-12-29 00:00:00,0.13520673826495128,0.4372207790583317
2016-12-29 01:00:00,0.11429995165449708,0.43158672878080384
2016-12-29 02:00:00,0.11074367472183588,0.4159297150168198
2016-12-29 03:00:00,0.11607782743683362,0.3933806402178271
2016-12-29 04:00:00,0.11660138422867411,0.3634742983162038
2016-12-29 05:00:00,0.12163846356339822,0.3054052297207608
2016-12-29 06:00:00,0.16707946611323596,0.2544681610141796
2016-12-29 07:00:00,0.21767190096198438,0.2352063971971934
2016-12-29 08:00:00,0.2811525468098054,0.2649632805623411
2016-12-29 09:00:00,0.28609417033205853,0.3223131914642088
2016-12-29 10:00:00,0.2801423173968474,0.3646851989148249
2016-12-29 11:00:00,0.30201657064209564,0.4013816824513984
2016-12-29 12:00:00,0.298151104253593,0.41960260633170354
2016-12-29 13:00:00,0.29688224575509964,0.40395126328178166
2016-12-29 14:00:00,0.28582865438108473,0.38591280448215326
2016-12-29 15:00:00,0.2554891439209549,0.3115214641508409
2016-12-29 16:00:00,0.25260303648006494,0.3025138874289556
2016-12-29 17:00:00,0.2676039378766806,0.3208724790139839
2016-12-29 18:00:00,0.30111376292304126,0.3487065507251124
2016-12-29 19:00:00,0.30258309038885045,0.3731632415784275
2016-12-29 20:00:00,0.28860532054068144,0.37305880772995303
2016-12-29 21:00:00,0.25099423649745006,0.37435837665665955
2016-12-29 22:00:00,0.2029109389053083,0.3997021090783786
2016-12-29 23:00:00,0.18381831136995824,0.4092692105794543
2016-12-30 00:00:00,0.15522988824177106,0.4160673918992274
2016-12-30 01:00:00,0.1454564511329393,0.4332595032915118
2016-12-30 02:00:00,0.13789940590229488,0.44008940566712296
2016-12-30 03:00:00,0.13402143234237368,0.44343667350537846
2016-12-30 04:00:00,0.13951730069251278,0.44143188180280657
2016-12-30 05:00:00,0.14702267560558646,0.440557584647565
2016-12-30 06:00:00,0.18823670220503025,0.4338189941304028
2016-12-30 07:00:00,0.24449439271847473,0.41272606931987094
2016-12-30 08:00:00,0.27464044532336596,0.41277392536583224
2016-12-30 09:00:00,0.27849696353442277,0.4277873775315372
2016-12-30 10:00:00,0.28089459067860456,0.4083662945928515
2016-12-30 11:00:00,0.25927783586868325,0.3817063462898005
2016-12-30 12:00:00,0.26831281573076027,0.3269751300399472
2016-12-30 13:00:00,0.27635009319946685,0.26894602228051046
2016-12-30 14:00:00,0.26261595374072794,0.20555062484671427
2016-12-30 15:00:00,0.2523962339331246,0.11313872480930959
2016-12-30 16:00:00,0.26245418799258236,0.09196705583761977
2016-12-30 17:00:00,0.280580383156583,0.08010571885150596
2016-12-30 18:00:00,0.3156402430314093,0.06874224350264033
2016-12-30 19:00:00,0.31473146315774225,0.07884319559441619
2016-12-30 20:00:00,0.28786858524571163,0.08873975498283787
2016-12-30 21:00:00,0.26031653353905887,0.0943269556828672
2016-12-30 22:00:00,0.2330322404091331,0.09941913107050654
2016-12-30 23:00:00,0.19958156273180336,0.08991671596430667
2016-12-31 00:00:00,0.18182018180632825,0.10039807888817719
2016-12-31 01:00:00,0.1623893830261938,0.1149661511693233
2016-12-31 02:00:00,0.137565194396152,0.12830565220247409
2016-12-31 03:00:00,0.12686222324119145,0.14389299378760023
2016-12-31 04:00:00,0.1383651698394761,0.15064867169694893
2016-12-31 05:00:00,0.1390000228036625,0.17906506733801097
2016-12-31 06:00:00,0.16874983178314787,0.20296854283590848
2016-12-31 07:00:00,0.2103484482933472,0.2074225013741443
2016-12-31 08:00:00,0.20785122595039407,0.2350430464244573
2016-12-31 09:00:00,0.27278160202248497,0.26954577272477015
2016-12-31 10:00:00,0.28663159241713043,0.2760282624006942
2016-12-31 11:00:00,0.3005573609903802,0.3004373572758165
2016-12-31 12:00:00,0.2645855486642327,0.30261396212698016
2016-12-31 13:00:00,0.2683573286538018,0.298289729913847
2016-12-31 14:00:00,0.2639099455551692,0.29979719714218656
2016-12-31 15:00:00,0.27114766685500696,0.26473054797486795
2016-12-31 16:00:00,0.2575417974472648,0.28791622030901626
2016-12-31 17:00:00,0.24088057500289756,0.3097442485210248
2016-12-31 18:00:00,0.231431236700278,0.3221573830048894
2016-12-31 19:00:00,0.215429647064789,0.3362776368497457
2016-12-31 20:00:00,0.22041417869146962,0.3465335839123802
2016-12-31 21:00:00,0.21576653605992124,0.3888039826865832
2016-12-31 22:00:00,0.18666194152758467,0.2660714586836984
2016-12-31 23:00:00,0.15669210765820588,0.02124095350914336
